mese,codice_cn8,dichiarante,origine,valore_eur,quantita_t,eur_per_kg,fuori_banda
2019-01,27101971,IT,BE,2487.0,0.005,497.4,no
2019-01,27101971,IT,DE,133.0,0.001,133.0,no
2019-01,27101971,IT,FR,596.0,0.002,298.0,no
2019-01,27101971,IT,KR,682570.0,954.54,0.7151,no
2019-01,27101971,IT,NL,30.0,0.001,30.0,no
2019-01,27101971,IT,RO,31.0,0.008,3.875,no
2019-01,27101971,IT,TW,637546.0,761.56,0.8372,no
2019-01,27101971,IT,US,2824101.0,4221.42,0.669,no
2019-01,27101981,IT,AL,37863.0,27.093,1.3975,no
2019-01,27101981,IT,AT,259673.0,69.509,3.7358,no
2019-01,27101981,IT,BE,1682883.0,652.224,2.5802,no
2019-01,27101981,IT,BG,25938.0,7.022,3.6938,no
2019-01,27101981,IT,CY,135013.0,36.491,3.6999,no
2019-01,27101981,IT,CZ,98826.0,25.721,3.8422,no
2019-01,27101981,IT,DE,1173483.0,351.926,3.3345,no
2019-01,27101981,IT,DK,8482.0,2.3,3.6878,no
2019-01,27101981,IT,EG,14903.0,10.417,1.4306,no
2019-01,27101981,IT,ES,1330517.0,591.114,2.2509,no
2019-01,27101981,IT,FI,10055.0,2.432,4.1345,no
2019-01,27101981,IT,FR,1445331.0,800.499,1.8055,no
2019-01,27101981,IT,GB,91035.0,21.356,4.2627,no
2019-01,27101981,IT,GR,177388.0,139.551,1.2711,no
2019-01,27101981,IT,HR,44878.0,12.133,3.6988,no
2019-01,27101981,IT,HU,150067.0,84.061,1.7852,no
2019-01,27101981,IT,IL,32903.0,10.601,3.1038,no
2019-01,27101981,IT,LT,13662.0,3.701,3.6914,no
2019-01,27101981,IT,LU,7542.0,2.04,3.6971,no
2019-01,27101981,IT,LV,9826.0,2.658,3.6968,no
2019-01,27101981,IT,MT,24632.0,6.658,3.6996,no
2019-01,27101981,IT,NL,887391.0,436.378,2.0335,no
2019-01,27101981,IT,PL,736189.0,197.727,3.7233,no
2019-01,27101981,IT,PT,65484.0,14.054,4.6595,no
2019-01,27101981,IT,RO,167775.0,45.376,3.6974,no
2019-01,27101981,IT,SE,232545.0,113.258,2.0532,no
2019-01,27101981,IT,SI,126925.0,26.451,4.7985,no
2019-01,27101981,IT,SK,70621.0,19.094,3.6986,no
2019-01,27101981,IT,TR,65962.0,44.04,1.4978,no
2019-01,27101981,IT,US,17233.0,1.717,10.0367,no
2019-01,27101983,IT,AT,4555.0,2.944,1.5472,no
2019-01,27101983,IT,BE,118209.0,56.805,2.081,no
2019-01,27101983,IT,CZ,18246.0,6.852,2.6629,no
2019-01,27101983,IT,DE,319761.0,162.028,1.9735,no
2019-01,27101983,IT,DK,298.0,0.036,8.2778,no
2019-01,27101983,IT,ES,261090.0,217.175,1.2022,no
2019-01,27101983,IT,FR,154845.0,79.774,1.941,no
2019-01,27101983,IT,GB,17821.0,5.856,3.0432,no
2019-01,27101983,IT,GR,4542.0,4.357,1.0425,no
2019-01,27101983,IT,HU,103085.0,105.275,0.9792,no
2019-01,27101983,IT,NL,48176.0,33.102,1.4554,no
2019-01,27101983,IT,NO,1194.0,0.5,2.388,no
2019-01,27101983,IT,SE,45257.0,28.712,1.5762,no
2019-01,27101983,IT,SI,9.0,0.001,9.0,no
2019-01,27101983,IT,SK,1174.0,0.08,14.675,no
2019-01,27101985,IT,AT,7004.0,1.75,4.0023,no
2019-01,27101985,IT,BE,1767.0,0.336,5.2589,no
2019-01,27101985,IT,BG,801.0,0.201,3.9851,no
2019-01,27101985,IT,DE,682109.0,598.524,1.1397,no
2019-01,27101985,IT,DK,271.0,0.068,3.9853,no
2019-01,27101985,IT,ES,52176.0,32.103,1.6253,no
2019-01,27101985,IT,FR,238631.0,188.169,1.2682,no
2019-01,27101985,IT,GB,58808.0,39.645,1.4834,no
2019-01,27101985,IT,HR,45632.0,11.408,4.0,no
2019-01,27101985,IT,HU,2738.0,0.731,3.7456,no
2019-01,27101985,IT,IN,286966.0,320.06,0.8966,no
2019-01,27101985,IT,NL,263700.0,228.179,1.1557,no
2019-01,27101985,IT,PL,1601.0,0.402,3.9826,no
2019-01,27101985,IT,PT,9364.0,4.134,2.2651,no
2019-01,27101985,IT,RO,84906.0,21.227,3.9999,no
2019-01,27101985,IT,SI,217712.0,54.428,4.0,no
2019-01,27101987,IT,AL,2288.0,1.264,1.8101,no
2019-01,27101987,IT,AT,105.0,0.009,11.6667,no
2019-01,27101987,IT,BE,84201.0,29.419,2.8621,no
2019-01,27101987,IT,CZ,8787.0,1.61,5.4578,no
2019-01,27101987,IT,DE,416101.0,150.43,2.7661,no
2019-01,27101987,IT,DK,24.0,0.002,12.0,no
2019-01,27101987,IT,ES,102685.0,50.993,2.0137,no
2019-01,27101987,IT,FR,339620.0,149.732,2.2682,no
2019-01,27101987,IT,GB,222.0,0.033,6.7273,no
2019-01,27101987,IT,GR,19856.0,18.361,1.0814,no
2019-01,27101987,IT,HU,13203.0,7.231,1.8259,no
2019-01,27101987,IT,NL,102668.0,41.591,2.4685,no
2019-01,27101987,IT,PL,11.0,0.001,11.0,no
2019-01,27101987,IT,SE,26597.0,4.142,6.4213,no
2019-01,27101987,IT,SK,1426.0,0.88,1.6205,no
2019-01,27101987,IT,TR,6551.0,1.084,6.0434,no
2019-01,27101987,IT,US,7828.0,1.119,6.9955,no
2019-01,27101991,IT,AT,227.0,0.022,10.3182,no
2019-01,27101991,IT,BE,1449.0,0.329,4.4043,no
2019-01,27101991,IT,CZ,735.0,0.168,4.375,no
2019-01,27101991,IT,DE,388009.0,165.315,2.3471,no
2019-01,27101991,IT,ES,6961.0,2.73,2.5498,no
2019-01,27101991,IT,FR,79528.0,36.542,2.1763,no
2019-01,27101991,IT,GB,255977.0,203.374,1.2587,no
2019-01,27101991,IT,MX,31554.0,6.718,4.6969,no
2019-01,27101991,IT,NL,23.0,0.005,4.6,no
2019-01,27101991,IT,SK,398.0,0.001,398.0,no
2019-01,27101991,IT,US,7565.0,0.217,34.8618,no
2019-01,27101993,IT,BE,90397.0,90.839,0.9951,no
2019-01,27101993,IT,DE,128.0,0.003,42.6667,no
2019-01,27101993,IT,FR,129447.0,139.16,0.9302,no
2019-01,27101993,IT,GB,170475.0,113.96,1.4959,no
2019-01,27101999,IT,AT,648852.0,799.493,0.8116,no
2019-01,27101999,IT,BE,4105445.0,4270.272,0.9614,no
2019-01,27101999,IT,BG,32180.0,16.338,1.9696,no
2019-01,27101999,IT,CH,57579.0,19.037,3.0246,no
2019-01,27101999,IT,CZ,33668.0,26.496,1.2707,no
2019-01,27101999,IT,DE,1749884.0,1039.215,1.6839,no
2019-01,27101999,IT,DK,2124.0,0.335,6.3403,no
2019-01,27101999,IT,ES,2519237.0,3108.381,0.8105,no
2019-01,27101999,IT,FI,126.0,0.001,126.0,no
2019-01,27101999,IT,FR,1708149.0,1249.378,1.3672,no
2019-01,27101999,IT,GB,2604315.0,3909.814,0.6661,no
2019-01,27101999,IT,GR,171987.0,146.094,1.1772,no
2019-01,27101999,IT,HR,1945756.0,7010.381,0.2776,no
2019-01,27101999,IT,HU,1437430.0,1861.652,0.7721,no
2019-01,27101999,IT,JP,72460.0,4.59,15.7865,no
2019-01,27101999,IT,LU,1295.0,0.016,80.9375,no
2019-01,27101999,IT,LV,113.0,0.018,6.2778,no
2019-01,27101999,IT,NL,3385172.0,4144.41,0.8168,no
2019-01,27101999,IT,PL,1002196.0,1485.623,0.6746,no
2019-01,27101999,IT,PT,2632.0,0.412,6.3883,no
2019-01,27101999,IT,RO,122086.0,20.075,6.0815,no
2019-01,27101999,IT,RU,581296.0,889.033,0.6539,no
2019-01,27101999,IT,SE,77006.0,86.137,0.894,no
2019-01,27101999,IT,SI,412190.0,68.044,6.0577,no
2019-01,27101999,IT,TR,50053.0,32.745,1.5286,no
2019-01,27101999,IT,US,112957.0,13.441,8.4039,no
2019-01,27101999,IT,XS,1438.0,23.96,0.06,no
2019-02,27101971,IT,DE,155.0,0.004,38.75,no
2019-02,27101971,IT,KR,654045.0,934.35,0.7,no
2019-02,27101971,IT,NL,69.0,0.002,34.5,no
2019-02,27101981,IT,AL,57360.0,37.952,1.5114,no
2019-02,27101981,IT,AT,286964.0,74.566,3.8485,no
2019-02,27101981,IT,BE,1390834.0,556.371,2.4998,no
2019-02,27101981,IT,BG,24713.0,6.636,3.7241,no
2019-02,27101981,IT,CY,137367.0,36.828,3.73,no
2019-02,27101981,IT,CZ,118036.0,30.724,3.8418,no
2019-02,27101981,IT,DE,1190910.0,323.673,3.6794,no
2019-02,27101981,IT,DK,8628.0,2.321,3.7174,no
2019-02,27101981,IT,ES,1151843.0,482.326,2.3881,no
2019-02,27101981,IT,FI,8238.0,2.165,3.8051,no
2019-02,27101981,IT,FR,1623523.0,1162.901,1.3961,no
2019-02,27101981,IT,GB,75740.0,27.059,2.7991,no
2019-02,27101981,IT,GR,33266.0,21.746,1.5298,no
2019-02,27101981,IT,HR,45796.0,12.251,3.7381,no
2019-02,27101981,IT,HU,120913.0,67.592,1.7889,no
2019-02,27101981,IT,LT,13899.0,3.732,3.7243,no
2019-02,27101981,IT,LU,7673.0,2.061,3.723,no
2019-02,27101981,IT,LV,9997.0,2.682,3.7274,no
2019-02,27101981,IT,MT,25061.0,6.719,3.7299,no
2019-02,27101981,IT,NL,841483.0,416.567,2.02,no
2019-02,27101981,IT,PL,750864.0,204.002,3.6807,no
2019-02,27101981,IT,PT,18600.0,4.912,3.7866,no
2019-02,27101981,IT,QV,373.0,0.087,4.2874,no
2019-02,27101981,IT,RO,170703.0,45.792,3.7278,no
2019-02,27101981,IT,SE,300043.0,174.636,1.7181,no
2019-02,27101981,IT,SI,198839.0,28.903,6.8795,no
2019-02,27101981,IT,SK,79805.0,22.375,3.5667,no
2019-02,27101981,IT,TR,45280.0,29.556,1.532,no
2019-02,27101981,IT,US,19586.0,3.843,5.0965,no
2019-02,27101983,IT,AT,15582.0,8.196,1.9012,no
2019-02,27101983,IT,BE,138573.0,54.777,2.5298,no
2019-02,27101983,IT,BG,148.0,0.001,148.0,no
2019-02,27101983,IT,CZ,13450.0,5.588,2.4069,no
2019-02,27101983,IT,DE,257625.0,119.247,2.1604,no
2019-02,27101983,IT,DK,2262.0,0.271,8.3469,no
2019-02,27101983,IT,ES,102429.0,75.043,1.3649,no
2019-02,27101983,IT,FR,214522.0,166.836,1.2858,no
2019-02,27101983,IT,GB,26382.0,9.302,2.8362,no
2019-02,27101983,IT,HU,67353.0,69.575,0.9681,no
2019-02,27101983,IT,NL,12189.0,7.86,1.5508,no
2019-02,27101983,IT,PT,194.0,0.07,2.7714,no
2019-02,27101983,IT,SE,67607.0,36.52,1.8512,no
2019-02,27101983,IT,SK,322.0,0.26,1.2385,no
2019-02,27101985,IT,AT,7293.0,1.797,4.0584,no
2019-02,27101985,IT,BE,12753.0,2.766,4.6106,no
2019-02,27101985,IT,BG,815.0,0.204,3.9951,no
2019-02,27101985,IT,DE,1013092.0,772.832,1.3109,no
2019-02,27101985,IT,DK,276.0,0.069,4.0,no
2019-02,27101985,IT,ES,170444.0,179.058,0.9519,no
2019-02,27101985,IT,FR,439251.0,405.892,1.0822,no
2019-02,27101985,IT,GB,125450.0,126.48,0.9919,no
2019-02,27101985,IT,HR,46428.0,11.579,4.0097,no
2019-02,27101985,IT,HU,4512.0,1.846,2.4442,no
2019-02,27101985,IT,IN,250462.0,299.19,0.8371,no
2019-02,27101985,IT,NL,93908.0,86.482,1.0859,no
2019-02,27101985,IT,PL,1734.0,0.435,3.9862,no
2019-02,27101985,IT,PT,6745.0,2.271,2.9701,no
2019-02,27101985,IT,RO,86387.0,21.543,4.01,no
2019-02,27101985,IT,SI,221508.0,55.239,4.01,no
2019-02,27101987,IT,AL,3499.0,2.317,1.5101,no
2019-02,27101987,IT,AT,19.0,0.002,9.5,no
2019-02,27101987,IT,BE,105952.0,30.8,3.44,no
2019-02,27101987,IT,CZ,6378.0,1.106,5.7667,no
2019-02,27101987,IT,DE,263730.0,58.346,4.5201,no
2019-02,27101987,IT,ES,91832.0,52.94,1.7346,no
2019-02,27101987,IT,FR,391748.0,172.874,2.2661,no
2019-02,27101987,IT,GB,21733.0,2.995,7.2564,no
2019-02,27101987,IT,HU,14579.0,10.721,1.3599,no
2019-02,27101987,IT,NL,94167.0,36.01,2.615,no
2019-02,27101987,IT,SE,20906.0,4.684,4.4633,no
2019-02,27101987,IT,SI,3407.0,3.347,1.0179,no
2019-02,27101987,IT,SK,4832.0,1.12,4.3143,no
2019-02,27101987,IT,US,10059.0,1.77,5.6831,no
2019-02,27101991,IT,BE,1485.0,0.375,3.96,no
2019-02,27101991,IT,DE,291661.0,129.118,2.2589,no
2019-02,27101991,IT,ES,23700.0,11.982,1.978,no
2019-02,27101991,IT,FR,77781.0,41.496,1.8744,no
2019-02,27101991,IT,GB,122840.0,98.375,1.2487,no
2019-02,27101991,IT,MX,17096.0,3.564,4.7969,no
2019-02,27101991,IT,NL,84.0,0.023,3.6522,no
2019-02,27101993,IT,BE,66394.0,61.96,1.0716,no
2019-02,27101993,IT,DE,73783.0,89.678,0.8228,no
2019-02,27101993,IT,FR,52222.0,55.38,0.943,no
2019-02,27101993,IT,GB,98000.0,62.48,1.5685,no
2019-02,27101999,IT,AT,79686.0,33.057,2.4106,no
2019-02,27101999,IT,BE,4505838.0,4568.201,0.9863,no
2019-02,27101999,IT,BG,23145.0,9.783,2.3658,no
2019-02,27101999,IT,CH,102822.0,27.067,3.7988,no
2019-02,27101999,IT,CZ,29851.0,25.509,1.1702,no
2019-02,27101999,IT,DE,1925594.0,1124.283,1.7127,no
2019-02,27101999,IT,DK,2161.0,0.335,6.4507,no
2019-02,27101999,IT,ES,3159213.0,3641.967,0.8674,no
2019-02,27101999,IT,FI,128.0,0.001,128.0,no
2019-02,27101999,IT,FR,2569264.0,2173.464,1.1821,no
2019-02,27101999,IT,GB,6993024.0,11245.207,0.6219,no
2019-02,27101999,IT,GR,50552.0,39.539,1.2785,no
2019-02,27101999,IT,HR,70942.0,10.917,6.4983,no
2019-02,27101999,IT,HU,524691.0,713.131,0.7358,no
2019-02,27101999,IT,JP,18032.0,0.725,24.8717,no
2019-02,27101999,IT,LU,736.0,0.011,66.9091,no
2019-02,27101999,IT,LV,115.0,0.018,6.3889,no
2019-02,27101999,IT,NL,3198030.0,5269.784,0.6069,no
2019-02,27101999,IT,PL,784769.0,1222.364,0.642,no
2019-02,27101999,IT,PT,2678.0,0.412,6.5,no
2019-02,27101999,IT,QV,383.0,0.348,1.1006,no
2019-02,27101999,IT,RO,122714.0,18.88,6.4997,no
2019-02,27101999,IT,RU,821785.0,1310.656,0.627,no
2019-02,27101999,IT,SE,25196.0,27.256,0.9244,no
2019-02,27101999,IT,SI,357528.0,57.162,6.2546,no
2019-02,27101999,IT,TR,55574.0,34.252,1.6225,no
2019-02,27101999,IT,US,195502.0,39.747,4.9187,no
2019-03,27101971,IT,DE,23.0,0.003,7.6667,no
2019-03,27101971,IT,FR,1428.0,0.023,62.087,no
2019-03,27101971,IT,GB,38.0,0.016,2.375,no
2019-03,27101971,IT,KR,333008.0,469.19,0.7098,no
2019-03,27101971,IT,TW,369955.0,500.95,0.7385,no
2019-03,27101981,IT,AL,11876.0,6.486,1.831,no
2019-03,27101981,IT,AT,284494.0,74.463,3.8206,no
2019-03,27101981,IT,BE,1775690.0,605.568,2.9323,no
2019-03,27101981,IT,BG,27154.0,7.158,3.7935,no
2019-03,27101981,IT,CA,1290.0,0.223,5.7848,no
2019-03,27101981,IT,CY,150939.0,39.721,3.8,no
2019-03,27101981,IT,CZ,117879.0,29.419,4.0069,no
2019-03,27101981,IT,DE,1468606.0,478.062,3.072,no
2019-03,27101981,IT,DK,9483.0,2.501,3.7917,no
2019-03,27101981,IT,ES,1102409.0,516.855,2.1329,no
2019-03,27101981,IT,FI,11642.0,2.721,4.2786,no
2019-03,27101981,IT,FR,1656512.0,1047.151,1.5819,no
2019-03,27101981,IT,GB,171361.0,50.181,3.4149,no
2019-03,27101981,IT,GR,7894.0,2.086,3.7843,no
2019-03,27101981,IT,HR,50171.0,13.207,3.7988,no
2019-03,27101981,IT,HU,219799.0,127.078,1.7296,no
2019-03,27101981,IT,LT,15272.0,4.026,3.7933,no
2019-03,27101981,IT,LU,8923.0,2.292,3.8931,no
2019-03,27101981,IT,LV,10985.0,2.892,3.7984,no
2019-03,27101981,IT,MT,27537.0,7.247,3.7998,no
2019-03,27101981,IT,NL,900188.0,466.657,1.929,no
2019-03,27101981,IT,PL,816430.0,214.539,3.8055,no
2019-03,27101981,IT,PT,20083.0,5.29,3.7964,no
2019-03,27101981,IT,QV,4185.0,2.7,1.55,no
2019-03,27101981,IT,RO,187562.0,49.387,3.7978,no
2019-03,27101981,IT,SE,222862.0,125.307,1.7785,no
2019-03,27101981,IT,SI,71092.0,18.64,3.8139,no
2019-03,27101981,IT,SK,96950.0,29.166,3.3241,no
2019-03,27101981,IT,TR,80921.0,50.061,1.6164,no
2019-03,27101981,IT,US,5572.0,0.236,23.6102,no
2019-03,27101983,IT,AT,479.0,0.037,12.9459,no
2019-03,27101983,IT,BE,136578.0,55.48,2.4618,no
2019-03,27101983,IT,BG,2795.0,0.002,1397.5,no
2019-03,27101983,IT,CZ,20461.0,9.964,2.0535,no
2019-03,27101983,IT,DE,336763.0,186.606,1.8047,no
2019-03,27101983,IT,ES,114672.0,86.236,1.3297,no
2019-03,27101983,IT,FR,199255.0,127.619,1.5613,no
2019-03,27101983,IT,GB,19911.0,5.047,3.9451,no
2019-03,27101983,IT,HU,90931.0,91.495,0.9938,no
2019-03,27101983,IT,NL,28584.0,14.261,2.0043,no
2019-03,27101983,IT,PL,185.0,0.028,6.6071,no
2019-03,27101983,IT,RO,326.0,0.14,2.3286,no
2019-03,27101983,IT,SE,42142.0,25.572,1.648,no
2019-03,27101983,IT,SI,9.0,0.001,9.0,no
2019-03,27101985,IT,AT,12469.0,3.558,3.5045,no
2019-03,27101985,IT,BE,31123.0,27.964,1.113,no
2019-03,27101985,IT,BG,895.0,0.224,3.9955,no
2019-03,27101985,IT,DE,675275.0,617.976,1.0927,no
2019-03,27101985,IT,DK,303.0,0.076,3.9868,no
2019-03,27101985,IT,ES,29597.0,20.376,1.4525,no
2019-03,27101985,IT,FR,254778.0,260.132,0.9794,no
2019-03,27101985,IT,GB,208858.0,221.932,0.9411,no
2019-03,27101985,IT,HR,51015.0,12.754,3.9999,no
2019-03,27101985,IT,HU,6886.0,3.442,2.0006,no
2019-03,27101985,IT,IN,490429.0,598.95,0.8188,no
2019-03,27101985,IT,NL,168226.0,141.261,1.1909,no
2019-03,27101985,IT,PL,1900.0,0.477,3.9832,no
2019-03,27101985,IT,PT,11072.0,4.118,2.6887,no
2019-03,27101985,IT,RO,94922.0,23.731,3.9999,no
2019-03,27101985,IT,SI,243393.0,60.849,4.0,no
2019-03,27101987,IT,BE,140229.0,39.344,3.5642,no
2019-03,27101987,IT,CZ,5565.0,1.419,3.9218,no
2019-03,27101987,IT,DE,637384.0,100.981,6.3119,no
2019-03,27101987,IT,DK,37.0,0.003,12.3333,no
2019-03,27101987,IT,ES,190366.0,106.183,1.7928,no
2019-03,27101987,IT,FR,313642.0,148.545,2.1114,no
2019-03,27101987,IT,GB,4133.0,0.881,4.6913,no
2019-03,27101987,IT,HU,25616.0,18.085,1.4164,no
2019-03,27101987,IT,NL,133487.0,58.769,2.2714,no
2019-03,27101987,IT,PL,11.0,0.001,11.0,no
2019-03,27101987,IT,SE,29090.0,3.668,7.9308,no
2019-03,27101987,IT,SK,1329.0,0.42,3.1643,no
2019-03,27101987,IT,TR,3394.0,2.276,1.4912,no
2019-03,27101987,IT,US,1894.0,0.434,4.3641,no
2019-03,27101991,IT,AT,210.0,0.02,10.5,no
2019-03,27101991,IT,BE,2333.0,0.575,4.0574,no
2019-03,27101991,IT,CH,23199.0,5.053,4.5911,no
2019-03,27101991,IT,CZ,1163.0,0.32,3.6344,no
2019-03,27101991,IT,DE,561395.0,378.156,1.4846,no
2019-03,27101991,IT,ES,592.0,0.37,1.6,no
2019-03,27101991,IT,FR,108253.0,49.081,2.2056,no
2019-03,27101991,IT,GB,166443.0,127.068,1.3099,no
2019-03,27101991,IT,MX,26038.0,6.64,3.9214,no
2019-03,27101991,IT,NL,11180.0,2.866,3.9009,no
2019-03,27101993,IT,BE,113981.0,82.91,1.3748,no
2019-03,27101993,IT,DE,49099.0,48.786,1.0064,no
2019-03,27101993,IT,FR,78658.0,82.98,0.9479,no
2019-03,27101993,IT,GB,25283.0,16.12,1.5684,no
2019-03,27101999,IT,AT,297190.0,267.849,1.1095,no
2019-03,27101999,IT,BE,3654921.0,3875.59,0.9431,no
2019-03,27101999,IT,BG,5957.0,0.903,6.5969,no
2019-03,27101999,IT,CA,4834.0,0.49,9.8653,no
2019-03,27101999,IT,CH,58593.0,18.273,3.2065,no
2019-03,27101999,IT,CN,1781.0,0.004,445.25,no
2019-03,27101999,IT,CZ,41492.0,27.78,1.4936,no
2019-03,27101999,IT,DE,2146806.0,1055.56,2.0338,no
2019-03,27101999,IT,DK,2375.0,0.368,6.4538,no
2019-03,27101999,IT,ES,3863667.0,4752.805,0.8129,no
2019-03,27101999,IT,FR,1902197.0,1656.878,1.1481,no
2019-03,27101999,IT,GB,2921346.0,4719.691,0.619,no
2019-03,27101999,IT,GR,144797.0,104.876,1.3806,no
2019-03,27101999,IT,HR,77946.0,11.992,6.4998,no
2019-03,27101999,IT,HU,805471.0,1076.527,0.7482,no
2019-03,27101999,IT,IE,1305.0,0.003,435.0,no
2019-03,27101999,IT,IN,14442.0,19.5,0.7406,no
2019-03,27101999,IT,JP,29686.0,6.157,4.8215,no
2019-03,27101999,IT,KR,54207.0,78.32,0.6921,no
2019-03,27101999,IT,LU,1488.0,0.055,27.0545,no
2019-03,27101999,IT,LV,127.0,0.02,6.35,no
2019-03,27101999,IT,NL,6028643.0,7276.657,0.8285,no
2019-03,27101999,IT,PL,479388.0,767.944,0.6242,no
2019-03,27101999,IT,PT,2943.0,0.453,6.4967,no
2019-03,27101999,IT,QV,118756.0,36.522,3.2516,no
2019-03,27101999,IT,RO,134838.0,20.745,6.4998,no
2019-03,27101999,IT,RU,716251.0,1148.511,0.6236,no
2019-03,27101999,IT,SE,12833.0,5.915,2.1696,no
2019-03,27101999,IT,SI,447672.0,212.424,2.1074,no
2019-03,27101999,IT,TR,64389.0,41.486,1.5521,no
2019-03,27101999,IT,US,86572.0,15.219,5.6884,no
2019-04,27101971,IT,CH,1202.0,0.004,300.5,no
2019-04,27101971,IT,DE,15657.0,4.788,3.2701,no
2019-04,27101971,IT,KR,806282.0,1257.17,0.6413,no
2019-04,27101971,IT,NL,124.0,0.006,20.6667,no
2019-04,27101971,IT,US,2215853.0,3641.559,0.6085,no
2019-04,27101981,IT,AL,18193.0,13.353,1.3625,no
2019-04,27101981,IT,AT,266072.0,69.018,3.8551,no
2019-04,27101981,IT,BE,1708254.0,660.886,2.5848,no
2019-04,27101981,IT,BG,24838.0,6.427,3.8646,no
2019-04,27101981,IT,BR,1148.0,0.353,3.2521,no
2019-04,27101981,IT,CA,29363.0,0.183,160.4536,no
2019-04,27101981,IT,CY,138060.0,35.676,3.8698,no
2019-04,27101981,IT,CZ,144294.0,34.106,4.2308,no
2019-04,27101981,IT,DE,1158867.0,375.651,3.085,no
2019-04,27101981,IT,DK,8673.0,2.248,3.8581,no
2019-04,27101981,IT,EG,14221.0,9.907,1.4354,no
2019-04,27101981,IT,ES,1298293.0,510.593,2.5427,no
2019-04,27101981,IT,FI,9442.0,2.297,4.1106,no
2019-04,27101981,IT,FR,1137295.0,852.083,1.3347,no
2019-04,27101981,IT,GB,86357.0,25.595,3.374,no
2019-04,27101981,IT,GR,32388.0,21.684,1.4936,no
2019-04,27101981,IT,HR,45891.0,11.861,3.8691,no
2019-04,27101981,IT,HU,299649.0,132.682,2.2584,no
2019-04,27101981,IT,LT,13968.0,3.616,3.8628,no
2019-04,27101981,IT,LU,7712.0,1.996,3.8637,no
2019-04,27101981,IT,LV,10047.0,2.598,3.8672,no
2019-04,27101981,IT,MT,25188.0,6.509,3.8697,no
2019-04,27101981,IT,NL,680437.0,310.712,2.1899,no
2019-04,27101981,IT,PL,752621.0,194.674,3.8661,no
2019-04,27101981,IT,PT,18369.0,4.754,3.8639,no
2019-04,27101981,IT,RO,171583.0,44.362,3.8678,no
2019-04,27101981,IT,SE,157898.0,69.712,2.265,no
2019-04,27101981,IT,SI,84818.0,31.749,2.6715,no
2019-04,27101981,IT,SK,86618.0,26.407,3.2801,no
2019-04,27101981,IT,TR,74674.0,48.478,1.5404,no
2019-04,27101981,IT,US,45036.0,9.205,4.8926,no
2019-04,27101983,IT,AL,1161.0,1.267,0.9163,no
2019-04,27101983,IT,AT,2702.0,0.061,44.2951,no
2019-04,27101983,IT,BE,99476.0,30.35,3.2776,no
2019-04,27101983,IT,CZ,9920.0,4.396,2.2566,no
2019-04,27101983,IT,DE,278812.0,148.688,1.8751,no
2019-04,27101983,IT,ES,58410.0,46.513,1.2558,no
2019-04,27101983,IT,FR,149400.0,76.107,1.963,no
2019-04,27101983,IT,GB,80262.0,5.806,13.824,no
2019-04,27101983,IT,GR,5000.0,6.8,0.7353,no
2019-04,27101983,IT,HU,98696.0,91.082,1.0836,no
2019-04,27101983,IT,NL,22176.0,22.809,0.9722,no
2019-04,27101983,IT,PL,87.0,0.002,43.5,no
2019-04,27101983,IT,PT,97.0,0.035,2.7714,no
2019-04,27101983,IT,SE,31970.0,18.699,1.7097,no
2019-04,27101985,IT,AT,9499.0,2.474,3.8395,no
2019-04,27101985,IT,BE,29156.0,27.877,1.0459,no
2019-04,27101985,IT,BG,819.0,0.192,4.2656,no
2019-04,27101985,IT,CZ,204.0,0.024,8.5,no
2019-04,27101985,IT,DE,823868.0,677.412,1.2162,no
2019-04,27101985,IT,DK,277.0,0.065,4.2615,no
2019-04,27101985,IT,ES,273839.0,324.081,0.845,no
2019-04,27101985,IT,FR,253948.0,252.009,1.0077,no
2019-04,27101985,IT,GB,92162.0,93.435,0.9864,no
2019-04,27101985,IT,HR,46662.0,10.903,4.2797,no
2019-04,27101985,IT,HU,4720.0,1.977,2.3875,no
2019-04,27101985,IT,IN,84845.0,100.23,0.8465,no
2019-04,27101985,IT,NL,186392.0,158.97,1.1725,no
2019-04,27101985,IT,NO,3544.0,0.72,4.9222,no
2019-04,27101985,IT,PL,1742.0,0.41,4.2488,no
2019-04,27101985,IT,PT,8465.0,3.143,2.6933,no
2019-04,27101985,IT,RO,86822.0,20.286,4.2799,no
2019-04,27101985,IT,SI,222625.0,52.016,4.2799,no
2019-04,27101987,IT,AT,88.0,0.028,3.1429,no
2019-04,27101987,IT,BE,114822.0,32.624,3.5196,no
2019-04,27101987,IT,CZ,8521.0,2.051,4.1546,no
2019-04,27101987,IT,DE,282495.0,62.975,4.4858,no
2019-04,27101987,IT,DK,2483.0,0.078,31.8333,no
2019-04,27101987,IT,ES,283761.0,175.923,1.613,no
2019-04,27101987,IT,FR,239066.0,111.115,2.1515,no
2019-04,27101987,IT,GB,1831.0,0.344,5.3227,no
2019-04,27101987,IT,HU,15791.0,11.452,1.3789,no
2019-04,27101987,IT,NL,101660.0,38.816,2.619,no
2019-04,27101987,IT,PL,22.0,0.002,11.0,no
2019-04,27101987,IT,SE,18068.0,3.853,4.6893,no
2019-04,27101987,IT,SK,2371.0,0.9,2.6344,no
2019-04,27101987,IT,TR,4162.0,2.255,1.8457,no
2019-04,27101991,IT,BE,36436.0,12.138,3.0018,no
2019-04,27101991,IT,CH,3383.0,0.221,15.3077,no
2019-04,27101991,IT,DE,342941.0,150.028,2.2858,no
2019-04,27101991,IT,ES,6369.0,1.755,3.6291,no
2019-04,27101991,IT,FR,92045.0,38.935,2.3641,no
2019-04,27101991,IT,GB,137505.0,99.588,1.3807,no
2019-04,27101991,IT,MX,31181.0,7.82,3.9873,no
2019-04,27101991,IT,NL,1474.0,0.413,3.569,no
2019-04,27101993,IT,BE,152130.0,103.367,1.4717,no
2019-04,27101993,IT,DE,103277.0,109.512,0.9431,no
2019-04,27101993,IT,ES,1796.0,1.692,1.0615,no
2019-04,27101993,IT,FR,122749.0,133.96,0.9163,no
2019-04,27101993,IT,GB,77136.0,49.18,1.5684,no
2019-04,27101993,IT,NL,32760.0,21.84,1.5,no
2019-04,27101999,IT,AT,86984.0,38.594,2.2538,no
2019-04,27101999,IT,BE,6479870.0,6674.901,0.9708,no
2019-04,27101999,IT,BG,12432.0,4.633,2.6834,no
2019-04,27101999,IT,CH,116547.0,32.684,3.5659,no
2019-04,27101999,IT,CZ,12240.0,2.47,4.9555,no
2019-04,27101999,IT,DE,1968941.0,1205.138,1.6338,no
2019-04,27101999,IT,DK,2172.0,0.333,6.5225,no
2019-04,27101999,IT,ES,1109837.0,1092.824,1.0156,no
2019-04,27101999,IT,FI,43.0,0.001,43.0,no
2019-04,27101999,IT,FR,1850994.0,1410.498,1.3123,no
2019-04,27101999,IT,GB,27708.0,6.288,4.4065,no
2019-04,27101999,IT,GR,147668.0,139.13,1.0614,no
2019-04,27101999,IT,HR,71311.0,10.87,6.5603,no
2019-04,27101999,IT,HU,551679.0,744.584,0.7409,no
2019-04,27101999,IT,JO,33466.0,22.523,1.4859,no
2019-04,27101999,IT,JP,34149.0,1.688,20.2305,no
2019-04,27101999,IT,KR,14400.0,19.6,0.7347,no
2019-04,27101999,IT,LU,50.0,0.001,50.0,no
2019-04,27101999,IT,LV,116.0,0.018,6.4444,no
2019-04,27101999,IT,NL,4373914.0,5493.167,0.7962,no
2019-04,27101999,IT,PL,890992.0,1551.288,0.5744,no
2019-04,27101999,IT,PT,2692.0,0.411,6.5499,no
2019-04,27101999,IT,QV,2072.0,1.88,1.1021,no
2019-04,27101999,IT,RO,123763.0,18.816,6.5775,no
2019-04,27101999,IT,RU,551803.0,904.506,0.6101,no
2019-04,27101999,IT,SE,48893.0,27.712,1.7643,no
2019-04,27101999,IT,SI,386970.0,67.092,5.7678,no
2019-04,27101999,IT,TR,29746.0,16.722,1.7789,no
2019-04,27101999,IT,US,120547.0,12.588,9.5763,no
2019-05,27101971,IT,DE,31.0,0.004,7.75,no
2019-05,27101971,IT,GB,4527.0,0.59,7.6729,no
2019-05,27101971,IT,KR,410969.0,621.07,0.6617,no
2019-05,27101971,IT,NL,58.0,0.007,8.2857,no
2019-05,27101981,IT,AL,49579.0,31.514,1.5732,no
2019-05,27101981,IT,AT,291882.0,73.448,3.974,no
2019-05,27101981,IT,BE,2275892.0,920.948,2.4712,no
2019-05,27101981,IT,BG,27237.0,6.994,3.8943,no
2019-05,27101981,IT,CY,151398.0,38.821,3.8999,no
2019-05,27101981,IT,CZ,131656.0,32.982,3.9918,no
2019-05,27101981,IT,DE,1304958.0,378.982,3.4433,no
2019-05,27101981,IT,DK,9512.0,2.446,3.8888,no
2019-05,27101981,IT,ES,1289948.0,617.515,2.0889,no
2019-05,27101981,IT,FI,9032.0,2.278,3.9649,no
2019-05,27101981,IT,FR,2391503.0,1360.569,1.7577,no
2019-05,27101981,IT,GB,17958.0,4.937,3.6374,no
2019-05,27101981,IT,GR,7918.0,2.037,3.8871,no
2019-05,27101981,IT,HR,50325.0,12.909,3.8984,no
2019-05,27101981,IT,HU,158107.0,93.476,1.6914,no
2019-05,27101981,IT,JP,1142.0,0.043,26.5581,no
2019-05,27101981,IT,LT,15321.0,3.937,3.8915,no
2019-05,27101981,IT,LU,8458.0,2.172,3.8941,no
2019-05,27101981,IT,LV,11017.0,2.827,3.8971,no
2019-05,27101981,IT,MT,27621.0,7.083,3.8996,no
2019-05,27101981,IT,NL,810188.0,396.24,2.0447,no
2019-05,27101981,IT,PL,817419.0,209.667,3.8987,no
2019-05,27101981,IT,PT,20143.0,5.171,3.8954,no
2019-05,27101981,IT,QV,5580.0,3.6,1.55,no
2019-05,27101981,IT,RO,188136.0,48.264,3.8981,no
2019-05,27101981,IT,SE,329116.0,175.348,1.8769,no
2019-05,27101981,IT,SI,381902.0,90.843,4.204,no
2019-05,27101981,IT,SK,86499.0,24.144,3.5826,no
2019-05,27101981,IT,TR,95403.0,60.834,1.5683,no
2019-05,27101981,IT,US,40972.0,10.605,3.8635,no
2019-05,27101983,IT,AT,18321.0,6.561,2.7924,no
2019-05,27101983,IT,BE,169135.0,68.072,2.4846,no
2019-05,27101983,IT,CZ,13191.0,5.784,2.2806,no
2019-05,27101983,IT,DE,211748.0,109.533,1.9332,no
2019-05,27101983,IT,ES,87689.0,70.301,1.2473,no
2019-05,27101983,IT,FI,17095.0,11.928,1.4332,no
2019-05,27101983,IT,FR,208284.0,114.22,1.8235,no
2019-05,27101983,IT,GB,1175.0,0.048,24.4792,no
2019-05,27101983,IT,HU,82027.0,93.734,0.8751,no
2019-05,27101983,IT,NL,55655.0,29.07,1.9145,no
2019-05,27101983,IT,PL,1398.0,0.856,1.6332,no
2019-05,27101983,IT,SE,92783.0,67.726,1.37,no
2019-05,27101985,IT,AT,7892.0,1.815,4.3482,no
2019-05,27101985,IT,BE,161034.0,155.562,1.0352,no
2019-05,27101985,IT,BG,898.0,0.208,4.3173,no
2019-05,27101985,IT,DE,769062.0,625.277,1.23,no
2019-05,27101985,IT,DK,304.0,0.071,4.2817,no
2019-05,27101985,IT,ES,54130.0,51.802,1.0449,no
2019-05,27101985,IT,FR,291328.0,265.088,1.099,no
2019-05,27101985,IT,GB,27885.0,19.68,1.4169,no
2019-05,27101985,IT,HR,51170.0,11.818,4.3298,no
2019-05,27101985,IT,HU,2895.0,0.669,4.3274,no
2019-05,27101985,IT,IN,378851.0,459.7,0.8241,no
2019-05,27101985,IT,NL,161921.0,141.605,1.1435,no
2019-05,27101985,IT,PL,1914.0,0.445,4.3011,no
2019-05,27101985,IT,PT,11078.0,4.08,2.7152,no
2019-05,27101985,IT,RO,95210.0,21.989,4.3299,no
2019-05,27101985,IT,SI,244134.0,56.382,4.33,no
2019-05,27101987,IT,AL,3893.0,2.25,1.7302,no
2019-05,27101987,IT,AT,66.0,0.006,11.0,no
2019-05,27101987,IT,BE,88875.0,33.236,2.6741,no
2019-05,27101987,IT,CN,27311.0,9.002,3.0339,no
2019-05,27101987,IT,CZ,10217.0,2.27,4.5009,no
2019-05,27101987,IT,DE,371602.0,89.658,4.1447,no
2019-05,27101987,IT,DK,12.0,0.001,12.0,no
2019-05,27101987,IT,ES,516131.0,322.54,1.6002,no
2019-05,27101987,IT,FR,424765.0,184.315,2.3046,no
2019-05,27101987,IT,GB,431.0,0.103,4.1845,no
2019-05,27101987,IT,HU,5952.0,2.974,2.0013,no
2019-05,27101987,IT,NL,126361.0,53.733,2.3516,no
2019-05,27101987,IT,SE,21181.0,2.891,7.3265,no
2019-05,27101987,IT,SK,1476.0,0.84,1.7571,no
2019-05,27101987,IT,US,3936.0,0.559,7.0411,no
2019-05,27101991,IT,AT,4004.0,1.561,2.565,no
2019-05,27101991,IT,BE,5193.0,2.93,1.7724,no
2019-05,27101991,IT,DE,449149.0,222.108,2.0222,no
2019-05,27101991,IT,ES,7663.0,3.785,2.0246,no
2019-05,27101991,IT,FR,77930.0,34.033,2.2898,no
2019-05,27101991,IT,GB,238765.0,173.607,1.3753,no
2019-05,27101991,IT,MX,25656.0,6.08,4.2197,no
2019-05,27101991,IT,NL,627.0,0.188,3.3351,no
2019-05,27101991,IT,PL,3.0,0.001,3.0,no
2019-05,27101991,IT,SI,857.0,0.18,4.7611,no
2019-05,27101993,IT,BE,202985.0,149.956,1.3536,no
2019-05,27101993,IT,DE,30679.0,25.792,1.1895,no
2019-05,27101993,IT,ES,2694.0,2.538,1.0615,no
2019-05,27101993,IT,FR,46568.0,55.1,0.8452,no
2019-05,27101993,IT,GB,51166.0,32.62,1.5685,no
2019-05,27101993,IT,NL,1515600.0,2201.557,0.6884,no
2019-05,27101999,IT,AT,475118.0,644.249,0.7375,no
2019-05,27101999,IT,BE,5438418.0,5042.695,1.0785,no
2019-05,27101999,IT,BG,21799.0,9.83,2.2176,no
2019-05,27101999,IT,CA,1883.0,0.007,269.0,no
2019-05,27101999,IT,CH,173344.0,46.249,3.7481,no
2019-05,27101999,IT,CZ,34241.0,26.76,1.2796,no
2019-05,27101999,IT,DE,1631919.0,1029.552,1.5851,no
2019-05,27101999,IT,DK,2382.0,0.359,6.6351,no
2019-05,27101999,IT,ES,2532497.0,2901.744,0.8727,no
2019-05,27101999,IT,FR,2171852.0,2434.043,0.8923,no
2019-05,27101999,IT,GB,7259329.0,12430.238,0.584,no
2019-05,27101999,IT,GR,74079.0,41.366,1.7908,no
2019-05,27101999,IT,HR,78183.0,11.722,6.6698,no
2019-05,27101999,IT,HU,863391.0,1263.937,0.6831,no
2019-05,27101999,IT,JP,44945.0,2.546,17.6532,no
2019-05,27101999,IT,KR,43867.0,59.43,0.7381,no
2019-05,27101999,IT,LU,181.0,0.002,90.5,no
2019-05,27101999,IT,LV,127.0,0.02,6.35,no
2019-05,27101999,IT,NL,6005026.0,9046.86,0.6638,no
2019-05,27101999,IT,PL,387339.0,667.258,0.5805,no
2019-05,27101999,IT,PT,2952.0,0.443,6.6637,no
2019-05,27101999,IT,QV,7337.0,4.007,1.831,no
2019-05,27101999,IT,RO,142328.0,23.578,6.0365,no
2019-05,27101999,IT,RU,698471.0,1182.578,0.5906,no
2019-05,27101999,IT,SE,34310.0,38.778,0.8848,no
2019-05,27101999,IT,SI,468811.0,76.434,6.1335,no
2019-05,27101999,IT,TR,78678.0,47.866,1.6437,no
2019-05,27101999,IT,TW,1756.0,0.108,16.2593,no
2019-05,27101999,IT,US,214510.0,28.573,7.5074,no
2019-06,27101971,IT,DE,491.0,0.005,98.2,no
2019-06,27101971,IT,ES,400.0,0.185,2.1622,no
2019-06,27101971,IT,FR,81504.0,49.481,1.6472,no
2019-06,27101971,IT,NL,88.0,0.009,9.7778,no
2019-06,27101981,IT,AT,272800.0,70.395,3.8753,no
2019-06,27101981,IT,BE,2083220.0,825.778,2.5227,no
2019-06,27101981,IT,BG,24933.0,6.326,3.9414,no
2019-06,27101981,IT,CH,3420.0,1.72,1.9884,no
2019-06,27101981,IT,CY,138590.0,35.087,3.9499,no
2019-06,27101981,IT,CZ,105398.0,26.153,4.0301,no
2019-06,27101981,IT,DE,1384644.0,423.887,3.2665,no
2019-06,27101981,IT,DK,8706.0,2.213,3.934,no
2019-06,27101981,IT,EE,8.0,0.001,8.0,no
2019-06,27101981,IT,ES,1416159.0,608.431,2.3276,no
2019-06,27101981,IT,FI,9066.0,2.186,4.1473,no
2019-06,27101981,IT,FR,2070543.0,1170.511,1.7689,no
2019-06,27101981,IT,GB,31708.0,8.87,3.5747,no
2019-06,27101981,IT,GR,56235.0,42.426,1.3255,no
2019-06,27101981,IT,HR,46068.0,11.666,3.9489,no
2019-06,27101981,IT,HU,218567.0,149.582,1.4612,no
2019-06,27101981,IT,IE,2923.0,0.02,146.15,no
2019-06,27101981,IT,JP,1859.0,0.05,37.18,no
2019-06,27101981,IT,LT,14262.0,3.581,3.9827,no
2019-06,27101981,IT,LU,7742.0,1.962,3.946,no
2019-06,27101981,IT,LV,10085.0,2.555,3.9472,no
2019-06,27101981,IT,MT,25284.0,6.402,3.9494,no
2019-06,27101981,IT,NL,758660.0,363.721,2.0858,no
2019-06,27101981,IT,PL,765231.0,192.681,3.9715,no
2019-06,27101981,IT,PT,18439.0,4.674,3.945,no
2019-06,27101981,IT,RO,172221.0,43.627,3.9476,no
2019-06,27101981,IT,SE,338352.0,194.252,1.7418,no
2019-06,27101981,IT,SI,333461.0,78.185,4.265,no
2019-06,27101981,IT,SK,78722.0,21.489,3.6634,no
2019-06,27101981,IT,TR,12042.0,6.27,1.9206,no
2019-06,27101981,IT,US,52352.0,22.358,2.3415,no
2019-06,27101983,IT,AT,11036.0,5.242,2.1053,no
2019-06,27101983,IT,BE,202826.0,101.231,2.0036,no
2019-06,27101983,IT,CZ,20524.0,9.972,2.0582,no
2019-06,27101983,IT,DE,464295.0,182.292,2.547,no
2019-06,27101983,IT,ES,114391.0,93.165,1.2278,no
2019-06,27101983,IT,FI,5419.0,1.944,2.7876,no
2019-06,27101983,IT,FR,204526.0,120.034,1.7039,no
2019-06,27101983,IT,GB,104.0,0.037,2.8108,no
2019-06,27101983,IT,HU,96066.0,106.705,0.9003,no
2019-06,27101983,IT,NL,43581.0,21.835,1.9959,no
2019-06,27101983,IT,SE,49139.0,32.729,1.5014,no
2019-06,27101983,IT,SI,1110.0,0.267,4.1573,no
2019-06,27101983,IT,SK,117.0,0.12,0.975,no
2019-06,27101985,IT,AT,7379.0,1.614,4.5719,no
2019-06,27101985,IT,BE,9734.0,1.887,5.1585,no
2019-06,27101985,IT,BG,822.0,0.184,4.4674,no
2019-06,27101985,IT,DE,459723.0,338.583,1.3578,no
2019-06,27101985,IT,DK,279.0,0.063,4.4286,no
2019-06,27101985,IT,ES,144450.0,165.286,0.8739,no
2019-06,27101985,IT,FR,369472.0,382.809,0.9652,no
2019-06,27101985,IT,GB,28236.0,19.622,1.439,no
2019-06,27101985,IT,HR,46841.0,10.456,4.4798,no
2019-06,27101985,IT,HU,2905.0,0.762,3.8123,no
2019-06,27101985,IT,IN,33795.0,39.95,0.8459,no
2019-06,27101985,IT,LU,1609.0,0.004,402.25,no
2019-06,27101985,IT,NL,97125.0,62.576,1.5521,no
2019-06,27101985,IT,PL,1750.0,0.393,4.4529,no
2019-06,27101985,IT,PT,13332.0,4.925,2.707,no
2019-06,27101985,IT,RO,87155.0,19.455,4.4798,no
2019-06,27101985,IT,SI,223479.0,49.884,4.48,no
2019-06,27101987,IT,AT,6940.0,0.027,257.037,no
2019-06,27101987,IT,BE,164380.0,44.747,3.6735,no
2019-06,27101987,IT,CZ,6771.0,1.3,5.2085,no
2019-06,27101987,IT,DE,455911.0,110.083,4.1415,no
2019-06,27101987,IT,DK,4221.0,0.133,31.7368,no
2019-06,27101987,IT,ES,232164.0,121.731,1.9072,no
2019-06,27101987,IT,FI,95.0,0.001,95.0,no
2019-06,27101987,IT,FR,381193.0,172.446,2.2105,no
2019-06,27101987,IT,GB,415.0,0.115,3.6087,no
2019-06,27101987,IT,HU,28544.0,21.3,1.3401,no
2019-06,27101987,IT,NL,93323.0,40.344,2.3132,no
2019-06,27101987,IT,PL,16.0,0.001,16.0,no
2019-06,27101987,IT,SE,30022.0,6.015,4.9912,no
2019-06,27101987,IT,SK,440.0,0.18,2.4444,no
2019-06,27101987,IT,US,2489.0,0.559,4.4526,no
2019-06,27101991,IT,AT,17.0,0.003,5.6667,no
2019-06,27101991,IT,BE,1413.0,0.409,3.4548,no
2019-06,27101991,IT,CH,2759.0,0.352,7.8381,no
2019-06,27101991,IT,DE,196149.0,87.6,2.2391,no
2019-06,27101991,IT,ES,5138.0,2.305,2.2291,no
2019-06,27101991,IT,FR,133862.0,50.032,2.6755,no
2019-06,27101991,IT,GB,146495.0,100.975,1.4508,no
2019-06,27101991,IT,MX,31131.0,7.87,3.9557,no
2019-06,27101993,IT,BE,171167.0,60.097,2.8482,no
2019-06,27101993,IT,DE,39453.0,41.673,0.9467,no
2019-06,27101993,IT,ES,1531451.0,1994.756,0.7677,no
2019-06,27101993,IT,FR,91205.0,109.66,0.8317,no
2019-06,27101999,IT,AT,291391.0,352.164,0.8274,no
2019-06,27101999,IT,BE,5632461.0,6604.56,0.8528,no
2019-06,27101999,IT,BG,5381.0,0.815,6.6025,no
2019-06,27101999,IT,CH,42476.0,13.471,3.1531,no
2019-06,27101999,IT,CZ,15144.0,2.67,5.6719,no
2019-06,27101999,IT,DE,1952316.0,1050.388,1.8587,no
2019-06,27101999,IT,DK,2182.0,0.331,6.5921,no
2019-06,27101999,IT,ES,4620463.0,3206.04,1.4412,no
2019-06,27101999,IT,FR,2282206.0,2639.514,0.8646,no
2019-06,27101999,IT,GB,2600598.0,4525.31,0.5747,no
2019-06,27101999,IT,GR,68441.0,2203.313,0.0311,no
2019-06,27101999,IT,HR,4657102.0,14001.02,0.3326,no
2019-06,27101999,IT,HU,1085331.0,1631.97,0.665,no
2019-06,27101999,IT,JP,35383.0,2.127,16.6352,no
2019-06,27101999,IT,LU,167.0,0.001,167.0,no
2019-06,27101999,IT,LV,116.0,0.018,6.4444,no
2019-06,27101999,IT,NL,2468719.0,3131.022,0.7885,no
2019-06,27101999,IT,PL,691555.0,1173.239,0.5894,no
2019-06,27101999,IT,PT,2702.0,0.409,6.6064,no
2019-06,27101999,IT,QV,17402.0,10.764,1.6167,no
2019-06,27101999,IT,RO,123806.0,18.731,6.6097,no
2019-06,27101999,IT,RU,751040.0,1323.184,0.5676,no
2019-06,27101999,IT,SE,12667.0,5.544,2.2848,no
2019-06,27101999,IT,SI,347513.0,53.396,6.5082,no
2019-06,27101999,IT,TR,22289.0,12.672,1.7589,no
2019-06,27101999,IT,US,2638103.0,3853.322,0.6846,no
2019-07,27101971,IT,DE,257.0,0.03,8.5667,no
2019-07,27101971,IT,FR,1177.0,0.05,23.54,no
2019-07,27101981,IT,AE,20733.0,15.769,1.3148,no
2019-07,27101981,IT,AL,48425.0,31.793,1.5231,no
2019-07,27101981,IT,AT,287558.0,73.599,3.9071,no
2019-07,27101981,IT,BE,2631336.0,917.843,2.8669,no
2019-07,27101981,IT,BG,26158.0,6.566,3.9839,no
2019-07,27101981,IT,CY,145393.0,36.44,3.9899,no
2019-07,27101981,IT,CZ,130138.0,29.88,4.3554,no
2019-07,27101981,IT,DE,1554249.0,484.683,3.2067,no
2019-07,27101981,IT,DK,9135.0,2.296,3.9787,no
2019-07,27101981,IT,ES,1340147.0,574.165,2.3341,no
2019-07,27101981,IT,FI,9660.0,2.286,4.2257,no
2019-07,27101981,IT,FR,1597919.0,893.509,1.7884,no
2019-07,27101981,IT,GB,21635.0,5.219,4.1454,no
2019-07,27101981,IT,GR,54378.0,39.455,1.3782,no
2019-07,27101981,IT,HR,48329.0,12.118,3.9882,no
2019-07,27101981,IT,HU,90996.0,57.605,1.5797,no
2019-07,27101981,IT,LT,14709.0,3.693,3.9829,no
2019-07,27101981,IT,LU,8123.0,2.038,3.9858,no
2019-07,27101981,IT,LV,10581.0,2.654,3.9868,no
2019-07,27101981,IT,MT,26526.0,6.649,3.9895,no
2019-07,27101981,IT,NL,1120298.0,523.95,2.1382,no
2019-07,27101981,IT,PL,805631.0,207.368,3.885,no
2019-07,27101981,IT,PT,19346.0,4.856,3.9839,no
2019-07,27101981,IT,QV,1395.0,0.9,1.55,no
2019-07,27101981,IT,RO,180676.0,45.313,3.9873,no
2019-07,27101981,IT,SE,335404.0,210.797,1.5911,no
2019-07,27101981,IT,SI,331843.0,72.998,4.5459,no
2019-07,27101981,IT,SK,76062.0,19.07,3.9886,no
2019-07,27101981,IT,TR,21601.0,11.96,1.8061,no
2019-07,27101981,IT,US,40418.0,7.877,5.1311,no
2019-07,27101983,IT,AE,10558.0,29.58,0.3569,no
2019-07,27101983,IT,AT,552.0,0.252,2.1905,no
2019-07,27101983,IT,BE,233826.0,158.355,1.4766,no
2019-07,27101983,IT,CZ,16135.0,6.459,2.4981,no
2019-07,27101983,IT,DE,309936.0,166.802,1.8581,no
2019-07,27101983,IT,ES,117911.0,99.114,1.1897,no
2019-07,27101983,IT,FR,238453.0,130.51,1.8271,no
2019-07,27101983,IT,GB,882.0,0.193,4.5699,no
2019-07,27101983,IT,GR,1431.0,1.427,1.0028,no
2019-07,27101983,IT,NL,27700.0,15.14,1.8296,no
2019-07,27101983,IT,NO,8190.0,0.078,105.0,no
2019-07,27101983,IT,PL,2597.0,2.124,1.2227,no
2019-07,27101983,IT,PT,151.0,0.036,4.1944,no
2019-07,27101983,IT,QV,965.0,0.361,2.6731,no
2019-07,27101983,IT,SE,71098.0,42.074,1.6898,no
2019-07,27101983,IT,SI,64.0,0.011,5.8182,no
2019-07,27101985,IT,AT,7591.0,1.685,4.505,no
2019-07,27101985,IT,BE,56313.0,52.547,1.0717,no
2019-07,27101985,IT,BG,862.0,0.193,4.4663,no
2019-07,27101985,IT,DE,971795.0,696.486,1.3953,no
2019-07,27101985,IT,DK,1264.0,0.246,5.1382,no
2019-07,27101985,IT,ES,90831.0,97.643,0.9302,no
2019-07,27101985,IT,FR,392866.0,388.949,1.0101,no
2019-07,27101985,IT,GB,142556.0,181.165,0.7869,no
2019-07,27101985,IT,HR,49140.0,10.969,4.4799,no
2019-07,27101985,IT,HU,2780.0,0.621,4.4767,no
2019-07,27101985,IT,IN,107356.0,139.56,0.7692,no
2019-07,27101985,IT,NL,175998.0,147.223,1.1955,no
2019-07,27101985,IT,PL,1840.0,0.413,4.4552,no
2019-07,27101985,IT,PT,19996.0,7.646,2.6152,no
2019-07,27101985,IT,RO,91434.0,20.41,4.4799,no
2019-07,27101985,IT,SI,234450.0,52.333,4.48,no
2019-07,27101987,IT,AL,1365.0,0.917,1.4885,no
2019-07,27101987,IT,AT,3615.0,0.408,8.8603,no
2019-07,27101987,IT,BE,178537.0,50.142,3.5606,no
2019-07,27101987,IT,CZ,8858.0,1.736,5.1025,no
2019-07,27101987,IT,DE,371937.0,91.163,4.0799,no
2019-07,27101987,IT,DK,39.0,0.003,13.0,no
2019-07,27101987,IT,ES,106594.0,61.751,1.7262,no
2019-07,27101987,IT,FR,324670.0,142.147,2.284,no
2019-07,27101987,IT,GB,945.0,0.145,6.5172,no
2019-07,27101987,IT,GE,1347.0,0.096,14.0312,no
2019-07,27101987,IT,HU,40.0,0.005,8.0,no
2019-07,27101987,IT,NL,74218.0,39.43,1.8823,no
2019-07,27101987,IT,PL,2500.0,1.8,1.3889,no
2019-07,27101987,IT,RO,2109.0,0.864,2.441,no
2019-07,27101987,IT,SE,29327.0,5.76,5.0915,no
2019-07,27101987,IT,TR,3630.0,3.025,1.2,no
2019-07,27101987,IT,US,2469.0,0.795,3.1057,no
2019-07,27101991,IT,AT,46.0,0.007,6.5714,no
2019-07,27101991,IT,BE,144.0,0.004,36.0,no
2019-07,27101991,IT,CH,4123.0,0.94,4.3862,no
2019-07,27101991,IT,DE,299098.0,130.714,2.2882,no
2019-07,27101991,IT,ES,8625.0,2.74,3.1478,no
2019-07,27101991,IT,FR,129352.0,52.575,2.4603,no
2019-07,27101991,IT,GB,100307.0,73.681,1.3614,no
2019-07,27101991,IT,MX,44414.0,9.99,4.4458,no
2019-07,27101991,IT,PL,10.0,0.001,10.0,no
2019-07,27101991,IT,PT,241.0,0.184,1.3098,no
2019-07,27101993,IT,BE,51861.0,8.782,5.9054,no
2019-07,27101993,IT,DE,47990.0,53.266,0.9009,no
2019-07,27101993,IT,ES,1067609.0,1503.384,0.7101,no
2019-07,27101993,IT,FR,149679.0,183.44,0.816,no
2019-07,27101993,IT,NL,194.0,0.011,17.6364,no
2019-07,27101999,IT,AL,29800.0,4.506,6.6134,no
2019-07,27101999,IT,AT,180310.0,227.102,0.794,no
2019-07,27101999,IT,BE,6631707.0,7622.369,0.87,no
2019-07,27101999,IT,BG,9680.0,3.315,2.9201,no
2019-07,27101999,IT,CA,4483.0,0.345,12.9942,no
2019-07,27101999,IT,CH,201408.0,73.759,2.7306,no
2019-07,27101999,IT,CN,1474.0,0.048,30.7083,no
2019-07,27101999,IT,CZ,58130.0,51.566,1.1273,no
2019-07,27101999,IT,DE,2659806.0,1383.236,1.9229,no
2019-07,27101999,IT,DK,2288.0,0.339,6.7493,no
2019-07,27101999,IT,ES,3719230.0,2717.117,1.3688,no
2019-07,27101999,IT,FR,2556857.0,2848.461,0.8976,no
2019-07,27101999,IT,GB,3870858.0,6533.01,0.5925,no
2019-07,27101999,IT,GR,162048.0,145.614,1.1129,no
2019-07,27101999,IT,HR,75780.0,11.27,6.724,no
2019-07,27101999,IT,HU,996956.0,1541.884,0.6466,no
2019-07,27101999,IT,JP,58816.0,7.808,7.5328,no
2019-07,27101999,IT,LV,122.0,0.018,6.7778,no
2019-07,27101999,IT,NL,4173031.0,5154.738,0.8096,no
2019-07,27101999,IT,PL,1124642.0,1917.494,0.5865,no
2019-07,27101999,IT,PT,4505.0,1.837,2.4524,no
2019-07,27101999,IT,QV,1090.0,0.888,1.2275,no
2019-07,27101999,IT,RO,130683.0,19.176,6.8149,no
2019-07,27101999,IT,RU,545320.0,967.032,0.5639,no
2019-07,27101999,IT,SE,67372.0,48.569,1.3871,no
2019-07,27101999,IT,SI,572249.0,99.621,5.7443,no
2019-07,27101999,IT,TR,32020.0,18.715,1.7109,no
2019-07,27101999,IT,US,123502.0,18.179,6.7937,no
2019-08,27101971,IT,DE,26.0,0.001,26.0,no
2019-08,27101971,IT,ES,1282.0,0.064,20.0312,no
2019-08,27101971,IT,FR,84683.0,48.272,1.7543,no
2019-08,27101971,IT,GB,4.0,0.001,4.0,no
2019-08,27101971,IT,KR,625893.0,949.74,0.659,no
2019-08,27101971,IT,RO,93.0,0.019,4.8947,no
2019-08,27101981,IT,AL,36869.0,20.563,1.793,no
2019-08,27101981,IT,AT,190335.0,47.93,3.9711,no
2019-08,27101981,IT,BE,1405647.0,681.035,2.064,no
2019-08,27101981,IT,BG,17938.0,4.552,3.9407,no
2019-08,27101981,IT,CY,101081.0,25.591,3.9499,no
2019-08,27101981,IT,CZ,70590.0,17.493,4.0353,no
2019-08,27101981,IT,DE,912910.0,281.047,3.2482,no
2019-08,27101981,IT,DK,841707.0,1509.898,0.5575,no
2019-08,27101981,IT,ES,894678.0,355.494,2.5167,no
2019-08,27101981,IT,FI,5690.0,1.444,3.9404,no
2019-08,27101981,IT,FR,1459498.0,727.758,2.0055,no
2019-08,27101981,IT,GB,20402.0,8.997,2.2676,no
2019-08,27101981,IT,GR,5024.0,1.277,3.9342,no
2019-08,27101981,IT,HR,33599.0,8.51,3.9482,no
2019-08,27101981,IT,HU,260635.0,181.859,1.4332,no
2019-08,27101981,IT,IE,1004.0,0.086,11.6744,no
2019-08,27101981,IT,KR,27200.0,3.6,7.5556,no
2019-08,27101981,IT,LT,10140.0,2.573,3.9409,no
2019-08,27101981,IT,LU,5647.0,1.432,3.9434,no
2019-08,27101981,IT,LV,7356.0,1.865,3.9442,no
2019-08,27101981,IT,MT,18441.0,4.669,3.9497,no
2019-08,27101981,IT,NL,590872.0,275.597,2.144,no
2019-08,27101981,IT,PL,552671.0,140.193,3.9422,no
2019-08,27101981,IT,PT,13449.0,3.412,3.9417,no
2019-08,27101981,IT,QV,1395.0,0.9,1.55,no
2019-08,27101981,IT,RO,125438.0,31.781,3.9469,no
2019-08,27101981,IT,SE,251260.0,144.345,1.7407,no
2019-08,27101981,IT,SI,85284.0,20.742,4.1117,no
2019-08,27101981,IT,SK,57704.0,16.012,3.6038,no
2019-08,27101981,IT,TR,19070.0,12.26,1.5555,no
2019-08,27101981,IT,US,2571.0,1.218,2.1108,no
2019-08,27101983,IT,AT,13618.0,5.126,2.6567,no
2019-08,27101983,IT,BE,65307.0,35.336,1.8482,no
2019-08,27101983,IT,CZ,4590.0,1.965,2.3359,no
2019-08,27101983,IT,DE,292323.0,142.437,2.0523,no
2019-08,27101983,IT,ES,35564.0,28.281,1.2575,no
2019-08,27101983,IT,FI,4335.0,1.555,2.7878,no
2019-08,27101983,IT,FR,140895.0,91.358,1.5422,no
2019-08,27101983,IT,GB,12406.0,6.711,1.8486,no
2019-08,27101983,IT,HU,126564.0,130.115,0.9727,no
2019-08,27101983,IT,NL,11948.0,7.477,1.598,no
2019-08,27101983,IT,SE,62909.0,40.082,1.5695,no
2019-08,27101983,IT,SI,352.0,0.015,23.4667,no
2019-08,27101985,IT,AT,5249.0,1.136,4.6206,no
2019-08,27101985,IT,BE,76006.0,76.072,0.9991,no
2019-08,27101985,IT,BG,600.0,0.13,4.6154,no
2019-08,27101985,IT,DE,563887.0,458.333,1.2303,no
2019-08,27101985,IT,DK,203.0,0.044,4.6136,no
2019-08,27101985,IT,ES,11767.0,4.412,2.667,no
2019-08,27101985,IT,FR,128261.0,114.068,1.1244,no
2019-08,27101985,IT,GB,49503.0,32.202,1.5373,no
2019-08,27101985,IT,HR,34164.0,7.395,4.6199,no
2019-08,27101985,IT,HU,3088.0,1.269,2.4334,no
2019-08,27101985,IT,NL,137386.0,125.349,1.096,no
2019-08,27101985,IT,PL,1199.0,0.262,4.5763,no
2019-08,27101985,IT,PT,6247.0,2.101,2.9733,no
2019-08,27101985,IT,RO,63567.0,13.76,4.6197,no
2019-08,27101985,IT,SI,162996.0,35.281,4.6199,no
2019-08,27101987,IT,AT,121.0,0.01,12.1,no
2019-08,27101987,IT,BE,93135.0,37.868,2.4595,no
2019-08,27101987,IT,CZ,2341.0,0.492,4.7581,no
2019-08,27101987,IT,DE,466919.0,96.826,4.8222,no
2019-08,27101987,IT,ES,58005.0,27.85,2.0828,no
2019-08,27101987,IT,FR,446287.0,179.664,2.484,no
2019-08,27101987,IT,GB,5541.0,1.437,3.8559,no
2019-08,27101987,IT,HU,45886.0,32.81,1.3985,no
2019-08,27101987,IT,NL,47691.0,22.388,2.1302,no
2019-08,27101987,IT,SE,17841.0,3.46,5.1564,no
2019-08,27101987,IT,SK,568.0,0.3,1.8933,no
2019-08,27101987,IT,TR,1076.0,0.762,1.4121,no
2019-08,27101991,IT,AT,4615.0,1.738,2.6554,no
2019-08,27101991,IT,BE,1496.0,0.28,5.3429,no
2019-08,27101991,IT,DE,230056.0,93.955,2.4486,no
2019-08,27101991,IT,ES,13648.0,6.322,2.1588,no
2019-08,27101991,IT,FR,69288.0,30.413,2.2782,no
2019-08,27101991,IT,GB,135648.0,99.75,1.3599,no
2019-08,27101991,IT,MX,21254.0,5.73,3.7092,no
2019-08,27101991,IT,NL,3884.0,1.259,3.085,no
2019-08,27101993,IT,BE,47930.0,2.421,19.7976,no
2019-08,27101993,IT,DE,23252.0,23.98,0.9696,no
2019-08,27101993,IT,ES,869846.0,1000.051,0.8698,no
2019-08,27101993,IT,FR,63430.0,77.88,0.8145,no
2019-08,27101993,IT,GB,240674.0,153.39,1.569,no
2019-08,27101993,IT,NL,16560.0,7.36,2.25,no
2019-08,27101993,IT,US,2695.0,0.178,15.1404,no
2019-08,27101999,IT,AT,218466.0,343.56,0.6359,no
2019-08,27101999,IT,BE,4660364.0,5504.586,0.8466,no
2019-08,27101999,IT,BG,4206.0,0.693,6.0693,no
2019-08,27101999,IT,CH,19932.0,6.787,2.9368,no
2019-08,27101999,IT,CZ,8087.0,1.678,4.8194,no
2019-08,27101999,IT,DE,1329043.0,877.138,1.5152,no
2019-08,27101999,IT,DK,1509.0,0.222,6.7973,no
2019-08,27101999,IT,ES,6164246.0,8334.052,0.7396,no
2019-08,27101999,IT,FI,206.0,0.013,15.8462,no
2019-08,27101999,IT,FR,1517170.0,2081.835,0.7288,no
2019-08,27101999,IT,GB,2810044.0,4884.058,0.5754,no
2019-08,27101999,IT,GR,83157.0,74.414,1.1175,no
2019-08,27101999,IT,HR,52206.0,7.589,6.8792,no
2019-08,27101999,IT,HU,910953.0,1397.545,0.6518,no
2019-08,27101999,IT,JP,40797.0,2.24,18.2129,no
2019-08,27101999,IT,LU,167.0,0.001,167.0,no
2019-08,27101999,IT,NL,1842519.0,2206.516,0.835,no
2019-08,27101999,IT,PL,327958.0,544.767,0.602,no
2019-08,27101999,IT,PT,1971.0,0.287,6.8676,no
2019-08,27101999,IT,RO,90322.0,13.126,6.8812,no
2019-08,27101999,IT,RU,385076.0,700.714,0.5495,no
2019-08,27101999,IT,SE,28812.0,27.978,1.0298,no
2019-08,27101999,IT,SI,257010.0,38.696,6.6418,no
2019-08,27101999,IT,TR,21278.0,11.268,1.8884,no
2019-08,27101999,IT,TW,3942.0,0.243,16.2222,no
2019-08,27101999,IT,US,140741.0,27.623,5.0951,no
2019-09,27101971,IT,BE,158.0,0.001,158.0,no
2019-09,27101971,IT,DE,31.0,0.004,7.75,no
2019-09,27101971,IT,ES,4.0,0.001,4.0,no
2019-09,27101971,IT,FR,160534.0,96.704,1.6601,no
2019-09,27101971,IT,KR,599211.0,921.71,0.6501,no
2019-09,27101971,IT,TW,335286.0,507.16,0.6611,no
2019-09,27101981,IT,AL,45417.0,30.35,1.4964,no
2019-09,27101981,IT,AT,279390.0,70.51,3.9624,no
2019-09,27101981,IT,BE,1842686.0,763.892,2.4122,no
2019-09,27101981,IT,BG,26045.0,6.516,3.9971,no
2019-09,27101981,IT,BR,1893.0,0.59,3.2085,no
2019-09,27101981,IT,CY,144756.0,36.189,4.0,no
2019-09,27101981,IT,CZ,130896.0,30.623,4.2744,no
2019-09,27101981,IT,DE,1458704.0,450.592,3.2373,no
2019-09,27101981,IT,DK,450516.0,802.923,0.5611,no
2019-09,27101981,IT,EG,15817.0,10.803,1.4641,no
2019-09,27101981,IT,ES,1185303.0,469.088,2.5268,no
2019-09,27101981,IT,FI,9393.0,2.259,4.158,no
2019-09,27101981,IT,FR,1682040.0,1047.749,1.6054,no
2019-09,27101981,IT,GB,30872.0,8.642,3.5723,no
2019-09,27101981,IT,GR,32007.0,21.353,1.4989,no
2019-09,27101981,IT,HR,48116.0,12.032,3.999,no
2019-09,27101981,IT,HU,166692.0,96.053,1.7354,no
2019-09,27101981,IT,IL,16594.0,3.619,4.5852,no
2019-09,27101981,IT,JP,6195.0,0.205,30.2195,no
2019-09,27101981,IT,LT,14646.0,3.665,3.9962,no
2019-09,27101981,IT,LU,8087.0,2.024,3.9956,no
2019-09,27101981,IT,LV,10535.0,2.636,3.9966,no
2019-09,27101981,IT,MT,26409.0,6.603,3.9995,no
2019-09,27101981,IT,NL,903495.0,412.575,2.1899,no
2019-09,27101981,IT,PL,792154.0,197.808,4.0047,no
2019-09,27101981,IT,PT,19260.0,4.82,3.9959,no
2019-09,27101981,IT,QV,2503.0,0.769,3.2549,no
2019-09,27101981,IT,RO,179882.0,44.994,3.9979,no
2019-09,27101981,IT,SE,177974.0,94.71,1.8791,no
2019-09,27101981,IT,SI,193608.0,40.15,4.8221,no
2019-09,27101981,IT,SK,75740.0,18.935,4.0,no
2019-09,27101981,IT,TR,57178.0,32.873,1.7394,no
2019-09,27101981,IT,US,68092.0,29.692,2.2933,no
2019-09,27101983,IT,AL,1519.0,1.405,1.0811,no
2019-09,27101983,IT,AT,8235.0,3.69,2.2317,no
2019-09,27101983,IT,BE,113933.0,55.744,2.0439,no
2019-09,27101983,IT,CH,2681.0,0.475,5.6442,no
2019-09,27101983,IT,CZ,15900.0,6.743,2.358,no
2019-09,27101983,IT,DE,233390.0,147.064,1.587,no
2019-09,27101983,IT,ES,115382.0,101.958,1.1317,no
2019-09,27101983,IT,FR,112487.0,51.802,2.1715,no
2019-09,27101983,IT,GB,12152.0,5.183,2.3446,no
2019-09,27101983,IT,HU,72018.0,75.363,0.9556,no
2019-09,27101983,IT,NL,57833.0,37.32,1.5497,no
2019-09,27101983,IT,PL,26181.0,38.33,0.683,no
2019-09,27101983,IT,SE,44950.0,27.349,1.6436,no
2019-09,27101983,IT,SI,771.0,0.012,64.25,no
2019-09,27101985,IT,AT,7567.0,1.594,4.7472,no
2019-09,27101985,IT,BE,67401.0,57.123,1.1799,no
2019-09,27101985,IT,BG,859.0,0.183,4.694,no
2019-09,27101985,IT,DE,681868.0,409.005,1.6671,no
2019-09,27101985,IT,DK,1263.0,0.242,5.219,no
2019-09,27101985,IT,ES,187289.0,218.641,0.8566,no
2019-09,27101985,IT,FR,366375.0,337.998,1.084,no
2019-09,27101985,IT,GB,51171.0,46.35,1.104,no
2019-09,27101985,IT,HR,48925.0,10.388,4.7098,no
2019-09,27101985,IT,HU,3307.0,0.971,3.4058,no
2019-09,27101985,IT,IN,226031.0,280.545,0.8057,no
2019-09,27101985,IT,NL,173121.0,134.832,1.284,no
2019-09,27101985,IT,PL,1823.0,0.391,4.6624,no
2019-09,27101985,IT,PT,12247.0,5.822,2.1036,no
2019-09,27101985,IT,RO,91033.0,19.328,4.7099,no
2019-09,27101985,IT,SI,233422.0,49.559,4.71,no
2019-09,27101987,IT,AL,6420.0,3.934,1.6319,no
2019-09,27101987,IT,AT,153.0,0.026,5.8846,no
2019-09,27101987,IT,BE,106620.0,32.604,3.2702,no
2019-09,27101987,IT,CH,2925.0,0.475,6.1579,no
2019-09,27101987,IT,CZ,7574.0,1.771,4.2767,no
2019-09,27101987,IT,DE,566693.0,101.019,5.6098,no
2019-09,27101987,IT,DK,24.0,0.002,12.0,no
2019-09,27101987,IT,ES,71197.0,31.931,2.2297,no
2019-09,27101987,IT,FR,391820.0,176.775,2.2165,no
2019-09,27101987,IT,GB,2454.0,0.264,9.2955,no
2019-09,27101987,IT,HU,20654.0,14.826,1.3931,no
2019-09,27101987,IT,NL,106095.0,47.418,2.2374,no
2019-09,27101987,IT,PL,3405.0,2.614,1.3026,no
2019-09,27101987,IT,SE,26874.0,1.381,19.4598,no
2019-09,27101987,IT,TR,26834.0,23.289,1.1522,no
2019-09,27101987,IT,US,2716.0,0.999,2.7187,no
2019-09,27101991,IT,AT,634.0,0.172,3.686,no
2019-09,27101991,IT,DE,391353.0,331.422,1.1808,no
2019-09,27101991,IT,ES,14363.0,6.53,2.1995,no
2019-09,27101991,IT,FR,138745.0,57.308,2.421,no
2019-09,27101991,IT,GB,136082.0,99.755,1.3642,no
2019-09,27101991,IT,MX,27269.0,6.07,4.4924,no
2019-09,27101991,IT,NL,521.0,0.188,2.7713,no
2019-09,27101993,IT,BE,117163.0,58.297,2.0098,no
2019-09,27101993,IT,DE,48081.0,52.493,0.916,no
2019-09,27101993,IT,FR,132380.0,163.58,0.8093,no
2019-09,27101999,IT,AT,169895.0,201.063,0.845,no
2019-09,27101999,IT,BE,5895466.0,6863.777,0.8589,no
2019-09,27101999,IT,BG,13489.0,5.425,2.4865,no
2019-09,27101999,IT,BR,5225.0,0.82,6.372,no
2019-09,27101999,IT,CA,4292.0,0.408,10.5196,no
2019-09,27101999,IT,CH,79811.0,23.645,3.3754,no
2019-09,27101999,IT,CZ,35380.0,27.447,1.289,no
2019-09,27101999,IT,DE,2623477.0,1290.475,2.033,no
2019-09,27101999,IT,DK,2278.0,0.341,6.6804,no
2019-09,27101999,IT,ES,2539717.0,3219.797,0.7888,no
2019-09,27101999,IT,FR,1953728.0,1646.78,1.1864,no
2019-09,27101999,IT,GB,58731.0,10.732,5.4725,no
2019-09,27101999,IT,GR,118894.0,96.041,1.238,no
2019-09,27101999,IT,HR,3326035.0,13486.464,0.2466,no
2019-09,27101999,IT,HU,1001642.0,1548.389,0.6469,no
2019-09,27101999,IT,IL,9111.0,2.139,4.2595,no
2019-09,27101999,IT,IN,13961.0,19.5,0.7159,no
2019-09,27101999,IT,JP,22720.0,1.96,11.5918,no
2019-09,27101999,IT,LT,4.0,0.001,4.0,no
2019-09,27101999,IT,LU,334.0,0.001,334.0,no
2019-09,27101999,IT,LV,121.0,0.018,6.7222,no
2019-09,27101999,IT,MY,2434810.0,3946.88,0.6169,no
2019-09,27101999,IT,NL,2106281.0,2440.663,0.863,no
2019-09,27101999,IT,PL,673598.0,1174.777,0.5734,no
2019-09,27101999,IT,PT,2822.0,0.419,6.7351,no
2019-09,27101999,IT,RO,130507.0,19.787,6.5956,no
2019-09,27101999,IT,RU,533844.0,958.855,0.5568,no
2019-09,27101999,IT,SE,28182.0,11.093,2.5405,no
2019-09,27101999,IT,SI,493455.0,81.62,6.0458,no
2019-09,27101999,IT,TR,108091.0,64.686,1.671,no
2019-09,27101999,IT,TW,1645.0,0.115,14.3043,no
2019-09,27101999,IT,US,212722.0,52.283,4.0687,no
2019-10,27101971,IT,DE,1876.0,0.333,5.6336,no
2019-10,27101971,IT,FR,1515.0,0.223,6.7937,no
2019-10,27101971,IT,KR,155187.0,232.58,0.6672,no
2019-10,27101981,IT,AL,27310.0,17.463,1.5639,no
2019-10,27101981,IT,AT,403497.0,102.807,3.9248,no
2019-10,27101981,IT,BE,1580378.0,647.652,2.4402,no
2019-10,27101981,IT,BG,27619.0,6.783,4.0718,no
2019-10,27101981,IT,CY,153519.0,37.628,4.0799,no
2019-10,27101981,IT,CZ,156845.0,33.922,4.6237,no
2019-10,27101981,IT,DE,1431885.0,479.79,2.9844,no
2019-10,27101981,IT,DK,487471.0,842.18,0.5788,no
2019-10,27101981,IT,ES,1218394.0,511.676,2.3812,no
2019-10,27101981,IT,FI,30075.0,13.26,2.2681,no
2019-10,27101981,IT,FR,1371593.0,731.661,1.8746,no
2019-10,27101981,IT,GB,24093.0,6.842,3.5213,no
2019-10,27101981,IT,GR,29367.0,18.874,1.5559,no
2019-10,27101981,IT,HR,77577.0,16.232,4.7793,no
2019-10,27101981,IT,HU,162078.0,94.968,1.7067,no
2019-10,27101981,IT,JP,1860.0,0.05,37.2,no
2019-10,27101981,IT,LT,15534.0,3.816,4.0708,no
2019-10,27101981,IT,LU,8577.0,2.105,4.0746,no
2019-10,27101981,IT,LV,11173.0,2.741,4.0762,no
2019-10,27101981,IT,MT,28008.0,6.865,4.0798,no
2019-10,27101981,IT,NL,593585.0,290.794,2.0413,no
2019-10,27101981,IT,PL,831082.0,203.335,4.0873,no
2019-10,27101981,IT,PT,20427.0,5.013,4.0748,no
2019-10,27101981,IT,RO,190771.0,46.786,4.0775,no
2019-10,27101981,IT,SE,380488.0,220.404,1.7263,no
2019-10,27101981,IT,SI,84567.0,19.787,4.2739,no
2019-10,27101981,IT,SK,88002.0,23.497,3.7452,no
2019-10,27101981,IT,TR,2936.0,1.505,1.9508,no
2019-10,27101981,IT,US,22433.0,5.38,4.1697,no
2019-10,27101983,IT,AT,9434.0,4.639,2.0336,no
2019-10,27101983,IT,BE,172404.0,74.887,2.3022,no
2019-10,27101983,IT,CZ,11065.0,4.66,2.3745,no
2019-10,27101983,IT,DE,264673.0,135.007,1.9604,no
2019-10,27101983,IT,ES,147630.0,124.412,1.1866,no
2019-10,27101983,IT,FI,9541.0,6.262,1.5236,no
2019-10,27101983,IT,FR,169287.0,91.785,1.8444,no
2019-10,27101983,IT,GR,1431.0,1.427,1.0028,no
2019-10,27101983,IT,HU,98911.0,95.797,1.0325,no
2019-10,27101983,IT,NL,25301.0,13.326,1.8986,no
2019-10,27101983,IT,SE,31091.0,17.812,1.7455,no
2019-10,27101985,IT,AT,8002.0,1.687,4.7433,no
2019-10,27101985,IT,BE,98817.0,94.721,1.0432,no
2019-10,27101985,IT,BG,911.0,0.194,4.6959,no
2019-10,27101985,IT,CZ,74.0,0.025,2.96,no
2019-10,27101985,IT,DE,769105.0,654.831,1.1745,no
2019-10,27101985,IT,DK,309.0,0.066,4.6818,no
2019-10,27101985,IT,ES,85191.0,87.15,0.9775,no
2019-10,27101985,IT,FR,310018.0,305.877,1.0135,no
2019-10,27101985,IT,GB,52243.0,37.992,1.3751,no
2019-10,27101985,IT,HR,51887.0,10.994,4.7196,no
2019-10,27101985,IT,HU,4399.0,1.727,2.5472,no
2019-10,27101985,IT,IN,209113.0,279.3,0.7487,no
2019-10,27101985,IT,NL,99860.0,78.496,1.2722,no
2019-10,27101985,IT,PL,1938.0,0.413,4.6925,no
2019-10,27101985,IT,PT,8947.0,4.047,2.2108,no
2019-10,27101985,IT,RO,96545.0,20.455,4.7199,no
2019-10,27101985,IT,SI,247555.0,52.449,4.7199,no
2019-10,27101987,IT,AT,59.0,0.007,8.4286,no
2019-10,27101987,IT,BE,78138.0,53.738,1.4541,no
2019-10,27101987,IT,CZ,10607.0,2.386,4.4455,no
2019-10,27101987,IT,DE,482015.0,120.974,3.9845,no
2019-10,27101987,IT,ES,114297.0,69.732,1.6391,no
2019-10,27101987,IT,FI,41714.0,27.927,1.4937,no
2019-10,27101987,IT,FR,214023.0,106.312,2.0132,no
2019-10,27101987,IT,GB,1383.0,0.135,10.2444,no
2019-10,27101987,IT,HU,13960.0,7.548,1.8495,no
2019-10,27101987,IT,NL,70320.0,29.798,2.3599,no
2019-10,27101987,IT,SE,26889.0,5.309,5.0648,no
2019-10,27101987,IT,SI,17.0,0.008,2.125,no
2019-10,27101987,IT,SK,880.0,0.46,1.913,no
2019-10,27101987,IT,TR,4328.0,2.668,1.6222,no
2019-10,27101991,IT,BE,124.0,0.027,4.5926,no
2019-10,27101991,IT,DE,971217.0,907.95,1.0697,no
2019-10,27101991,IT,ES,34442.0,15.388,2.2382,no
2019-10,27101991,IT,FR,82213.0,37.541,2.19,no
2019-10,27101991,IT,GB,200587.0,147.189,1.3628,no
2019-10,27101991,IT,MX,20815.0,4.332,4.8049,no
2019-10,27101991,IT,NL,7153.0,1.787,4.0028,no
2019-10,27101991,IT,PL,3740.0,3.4,1.1,no
2019-10,27101991,IT,TR,1465.0,0.18,8.1389,no
2019-10,27101993,IT,BE,272988.0,184.652,1.4784,no
2019-10,27101993,IT,DE,40395.0,40.354,1.001,no
2019-10,27101993,IT,FR,155412.0,192.12,0.8089,no
2019-10,27101993,IT,GB,165230.0,111.02,1.4883,no
2019-10,27101999,IT,AT,447655.0,607.887,0.7364,no
2019-10,27101999,IT,BE,3555211.0,3404.295,1.0443,no
2019-10,27101999,IT,BG,11681.0,4.084,2.8602,no
2019-10,27101999,IT,CH,180022.0,45.356,3.9691,no
2019-10,27101999,IT,CZ,61636.0,62.759,0.9821,no
2019-10,27101999,IT,DE,1941689.0,1038.314,1.87,no
2019-10,27101999,IT,DK,2995.0,0.36,8.3194,no
2019-10,27101999,IT,ES,8587608.0,9124.519,0.9412,no
2019-10,27101999,IT,FI,4683.0,2.962,1.581,no
2019-10,27101999,IT,FR,2231168.0,2467.436,0.9042,no
2019-10,27101999,IT,GB,51047.0,15.18,3.3628,no
2019-10,27101999,IT,GR,93866.0,80.143,1.1712,no
2019-10,27101999,IT,HR,3406386.0,13701.377,0.2486,no
2019-10,27101999,IT,HU,1812012.0,2783.288,0.651,no
2019-10,27101999,IT,JP,58990.0,4.04,14.6015,no
2019-10,27101999,IT,LU,169.0,0.001,169.0,no
2019-10,27101999,IT,LV,129.0,0.02,6.45,no
2019-10,27101999,IT,NL,2128402.0,2465.067,0.8634,no
2019-10,27101999,IT,PL,381552.0,601.899,0.6339,no
2019-10,27101999,IT,PT,2993.0,0.443,6.7562,no
2019-10,27101999,IT,QV,35558.0,20.398,1.7432,no
2019-10,27101999,IT,RO,137144.0,20.288,6.7599,no
2019-10,27101999,IT,RU,602296.0,1148.013,0.5246,no
2019-10,27101999,IT,SE,47350.0,54.964,0.8615,no
2019-10,27101999,IT,SI,504443.0,83.463,6.0439,no
2019-10,27101999,IT,TR,105843.0,65.682,1.6114,no
2019-10,27101999,IT,TW,3262.0,0.186,17.5376,no
2019-10,27101999,IT,US,160731.0,21.821,7.3659,no
2019-11,27101971,IT,DE,3389.0,0.331,10.2387,no
2019-11,27101971,IT,FR,42214.0,24.263,1.7399,no
2019-11,27101971,IT,KR,183949.0,275.45,0.6678,no
2019-11,27101971,IT,TW,786130.0,1123.84,0.6995,no
2019-11,27101981,IT,AT,277575.0,66.133,4.1972,no
2019-11,27101981,IT,BE,1455609.0,542.844,2.6814,no
2019-11,27101981,IT,BG,26306.0,6.336,4.1518,no
2019-11,27101981,IT,CY,146227.0,35.152,4.1598,no
2019-11,27101981,IT,CZ,149130.0,33.869,4.4031,no
2019-11,27101981,IT,DE,1303205.0,421.57,3.0913,no
2019-11,27101981,IT,DK,9936.0,2.293,4.3332,no
2019-11,27101981,IT,ES,1209813.0,496.903,2.4347,no
2019-11,27101981,IT,FI,8366.0,2.014,4.1539,no
2019-11,27101981,IT,FR,1407004.0,847.412,1.6604,no
2019-11,27101981,IT,GB,32139.0,10.012,3.21,no
2019-11,27101981,IT,GR,27905.0,17.872,1.5614,no
2019-11,27101981,IT,HR,48605.0,11.689,4.1582,no
2019-11,27101981,IT,HU,257929.0,146.321,1.7628,no
2019-11,27101981,IT,LT,14795.0,3.563,4.1524,no
2019-11,27101981,IT,LU,8169.0,1.966,4.1551,no
2019-11,27101981,IT,LV,10643.0,2.561,4.1558,no
2019-11,27101981,IT,MT,26678.0,6.413,4.16,no
2019-11,27101981,IT,NL,886341.0,443.926,1.9966,no
2019-11,27101981,IT,PL,798158.0,192.481,4.1467,no
2019-11,27101981,IT,PT,19456.0,4.684,4.1537,no
2019-11,27101981,IT,RO,181711.0,43.715,4.1567,no
2019-11,27101981,IT,SE,317264.0,178.283,1.7796,no
2019-11,27101981,IT,SI,120840.0,25.444,4.7493,no
2019-11,27101981,IT,SK,76672.0,18.515,4.1411,no
2019-11,27101981,IT,US,45065.0,9.636,4.6767,no
2019-11,27101983,IT,AT,6458.0,1.65,3.9139,no
2019-11,27101983,IT,BE,97384.0,44.338,2.1964,no
2019-11,27101983,IT,CZ,8840.0,3.603,2.4535,no
2019-11,27101983,IT,DE,218428.0,123.828,1.764,no
2019-11,27101983,IT,ES,75382.0,64.916,1.1612,no
2019-11,27101983,IT,FR,227467.0,130.8,1.739,no
2019-11,27101983,IT,GB,271.0,0.01,27.1,no
2019-11,27101983,IT,GR,24035.0,23.525,1.0217,no
2019-11,27101983,IT,HU,84263.0,87.542,0.9625,no
2019-11,27101983,IT,NL,36504.0,19.88,1.8362,no
2019-11,27101983,IT,SE,46672.0,29.252,1.5955,no
2019-11,27101985,IT,AT,12153.0,3.212,3.7836,no
2019-11,27101985,IT,BE,195710.0,202.084,0.9685,no
2019-11,27101985,IT,BG,867.0,0.185,4.6865,no
2019-11,27101985,IT,DE,332517.0,261.536,1.2714,no
2019-11,27101985,IT,DK,294.0,0.063,4.6667,no
2019-11,27101985,IT,ES,192938.0,220.804,0.8738,no
2019-11,27101985,IT,FR,342168.0,352.651,0.9703,no
2019-11,27101985,IT,GB,24511.0,18.795,1.3041,no
2019-11,27101985,IT,HR,49422.0,10.493,4.71,no
2019-11,27101985,IT,HU,4058.0,1.444,2.8102,no
2019-11,27101985,IT,IN,221689.0,296.945,0.7466,no
2019-11,27101985,IT,LU,1609.0,0.16,10.0563,no
2019-11,27101985,IT,NL,120486.0,91.493,1.3169,no
2019-11,27101985,IT,PL,1841.0,0.393,4.6845,no
2019-11,27101985,IT,PT,5427.0,2.227,2.4369,no
2019-11,27101985,IT,RO,91958.0,19.524,4.71,no
2019-11,27101985,IT,SI,235795.0,50.063,4.71,no
2019-11,27101987,IT,AT,390.0,0.044,8.8636,no
2019-11,27101987,IT,BE,93829.0,27.623,3.3968,no
2019-11,27101987,IT,CZ,11417.0,1.737,6.5728,no
2019-11,27101987,IT,DE,428932.0,108.921,3.938,no
2019-11,27101987,IT,DK,40.0,0.004,10.0,no
2019-11,27101987,IT,ES,81957.0,40.754,2.011,no
2019-11,27101987,IT,FR,290584.0,140.753,2.0645,no
2019-11,27101987,IT,GB,2041.0,0.236,8.6483,no
2019-11,27101987,IT,HU,44003.0,36.268,1.2133,no
2019-11,27101987,IT,JP,10768.0,1.436,7.4986,no
2019-11,27101987,IT,NL,134090.0,53.983,2.4839,no
2019-11,27101987,IT,SE,24422.0,9.451,2.5841,no
2019-11,27101991,IT,AT,9993.0,3.926,2.5453,no
2019-11,27101991,IT,BE,741.0,0.121,6.124,no
2019-11,27101991,IT,DE,538460.0,367.463,1.4653,no
2019-11,27101991,IT,ES,15706.0,6.83,2.2996,no
2019-11,27101991,IT,FR,93306.0,38.234,2.4404,no
2019-11,27101991,IT,GB,101140.0,74.375,1.3599,no
2019-11,27101991,IT,MX,45731.0,11.138,4.1059,no
2019-11,27101993,IT,BE,65287.0,62.09,1.0515,no
2019-11,27101993,IT,DE,40695.0,39.76,1.0235,no
2019-11,27101993,IT,ES,910.0,0.846,1.0757,no
2019-11,27101993,IT,FR,127303.0,157.18,0.8099,no
2019-11,27101993,IT,GB,10684.0,5.76,1.8549,no
2019-11,27101993,IT,NL,25.0,0.003,8.3333,no
2019-11,27101999,IT,AT,81321.0,221.2,0.3676,no
2019-11,27101999,IT,BE,4931672.0,5987.815,0.8236,no
2019-11,27101999,IT,BG,28426.0,13.752,2.067,no
2019-11,27101999,IT,CA,43989.0,1.545,28.4718,no
2019-11,27101999,IT,CH,57187.0,19.324,2.9594,no
2019-11,27101999,IT,CZ,111076.0,121.669,0.9129,no
2019-11,27101999,IT,DE,1783528.0,718.306,2.483,no
2019-11,27101999,IT,DK,2332.0,0.342,6.8187,no
2019-11,27101999,IT,ES,3808048.0,5396.901,0.7056,no
2019-11,27101999,IT,FR,2863511.0,2773.997,1.0323,no
2019-11,27101999,IT,GB,120432.0,24.434,4.9289,no
2019-11,27101999,IT,GR,144078.0,279.292,0.5159,no
2019-11,27101999,IT,HR,75512.0,11.122,6.7894,no
2019-11,27101999,IT,HU,408653.0,640.359,0.6382,no
2019-11,27101999,IT,JP,29965.0,5.992,5.0008,no
2019-11,27101999,IT,LU,849.0,0.004,212.25,no
2019-11,27101999,IT,LV,123.0,0.019,6.4737,no
2019-11,27101999,IT,MY,2466388.0,4007.368,0.6155,no
2019-11,27101999,IT,NL,1919323.0,2213.017,0.8673,no
2019-11,27101999,IT,PL,272581.0,457.241,0.5961,no
2019-11,27101999,IT,PT,2851.0,0.42,6.7881,no
2019-11,27101999,IT,RO,146456.0,24.381,6.007,no
2019-11,27101999,IT,RU,438689.0,787.228,0.5573,no
2019-11,27101999,IT,SE,61612.0,2.915,21.1362,no
2019-11,27101999,IT,SI,352095.0,52.476,6.7096,no
2019-11,27101999,IT,TR,86140.0,52.759,1.6327,no
2019-11,27101999,IT,US,48605.0,4.928,9.863,no
2019-12,27101971,IT,CA,61839.0,80.31,0.77,no
2019-12,27101971,IT,KR,304576.0,453.26,0.672,no
2019-12,27101981,IT,AE,21852.0,13.44,1.6259,no
2019-12,27101981,IT,AL,44149.0,27.729,1.5922,no
2019-12,27101981,IT,AT,271100.0,64.575,4.1982,no
2019-12,27101981,IT,BE,1879583.0,807.683,2.3271,no
2019-12,27101981,IT,BG,24224.0,5.794,4.1809,no
2019-12,27101981,IT,CY,134643.0,32.136,4.1898,no
2019-12,27101981,IT,CZ,98568.0,22.736,4.3353,no
2019-12,27101981,IT,DE,1215631.0,413.216,2.9419,no
2019-12,27101981,IT,DK,8458.0,2.028,4.1706,no
2019-12,27101981,IT,EE,18185.0,3.762,4.8339,no
2019-12,27101981,IT,ES,2161261.0,899.099,2.4038,no
2019-12,27101981,IT,FI,7703.0,1.843,4.1796,no
2019-12,27101981,IT,FR,1147449.0,595.133,1.9281,no
2019-12,27101981,IT,GB,13547.0,4.046,3.3482,no
2019-12,27101981,IT,GR,30904.0,20.205,1.5295,no
2019-12,27101981,IT,HR,44755.0,10.684,4.189,no
2019-12,27101981,IT,HU,217424.0,112.515,1.9324,no
2019-12,27101981,IT,LT,13623.0,3.259,4.1801,no
2019-12,27101981,IT,LU,7521.0,1.798,4.183,no
2019-12,27101981,IT,LV,9799.0,2.341,4.1858,no
2019-12,27101981,IT,MT,24564.0,5.863,4.1897,no
2019-12,27101981,IT,NL,768936.0,361.443,2.1274,no
2019-12,27101981,IT,PL,731402.0,174.691,4.1868,no
2019-12,27101981,IT,PT,17914.0,4.282,4.1836,no
2019-12,27101981,IT,RO,167312.0,39.959,4.1871,no
2019-12,27101981,IT,SE,242712.0,138.516,1.7522,no
2019-12,27101981,IT,SI,120541.0,26.389,4.5679,no
2019-12,27101981,IT,SK,73179.0,18.18,4.0252,no
2019-12,27101981,IT,TR,6059.0,3.371,1.7974,no
2019-12,27101981,IT,UA,28430.0,15.72,1.8085,no
2019-12,27101981,IT,US,1775.0,0.179,9.9162,no
2019-12,27101983,IT,AT,10094.0,4.558,2.2146,no
2019-12,27101983,IT,BE,132270.0,59.223,2.2334,no
2019-12,27101983,IT,CZ,15075.0,5.929,2.5426,no
2019-12,27101983,IT,DE,204885.0,107.85,1.8997,no
2019-12,27101983,IT,ES,197342.0,138.865,1.4211,no
2019-12,27101983,IT,FR,90890.0,48.744,1.8646,no
2019-12,27101983,IT,GB,25234.0,2.537,9.9464,no
2019-12,27101983,IT,HU,68591.0,67.995,1.0088,no
2019-12,27101983,IT,NL,33002.0,24.952,1.3226,no
2019-12,27101983,IT,PT,232.0,0.104,2.2308,no
2019-12,27101983,IT,SE,26131.0,17.568,1.4874,no
2019-12,27101985,IT,AT,7012.0,1.482,4.7314,no
2019-12,27101985,IT,BE,116306.0,112.105,1.0375,no
2019-12,27101985,IT,BG,799.0,0.17,4.7,no
2019-12,27101985,IT,DE,531300.0,403.34,1.3173,no
2019-12,27101985,IT,DK,1387.0,0.238,5.8277,no
2019-12,27101985,IT,ES,196016.0,232.96,0.8414,no
2019-12,27101985,IT,FR,273445.0,276.544,0.9888,no
2019-12,27101985,IT,GB,207088.0,237.36,0.8725,no
2019-12,27101985,IT,HR,45507.0,9.642,4.7197,no
2019-12,27101985,IT,HU,5710.0,2.586,2.208,no
2019-12,27101985,IT,IN,278943.0,398.49,0.7,no
2019-12,27101985,IT,NL,92804.0,80.453,1.1535,no
2019-12,27101985,IT,PL,1597.0,0.341,4.6833,no
2019-12,27101985,IT,PT,6978.0,3.092,2.2568,no
2019-12,27101985,IT,RO,84674.0,17.94,4.7198,no
2019-12,27101985,IT,SI,217116.0,46.0,4.7199,no
2019-12,27101985,IT,US,1227.0,0.006,204.5,no
2019-12,27101987,IT,AL,2674.0,1.769,1.5116,no
2019-12,27101987,IT,AT,3261.0,0.35,9.3171,no
2019-12,27101987,IT,BE,126441.0,29.215,4.3279,no
2019-12,27101987,IT,CZ,7649.0,1.538,4.9733,no
2019-12,27101987,IT,DE,359347.0,82.087,4.3776,no
2019-12,27101987,IT,DK,24.0,0.002,12.0,no
2019-12,27101987,IT,ES,110259.0,58.111,1.8974,no
2019-12,27101987,IT,FR,243325.0,121.011,2.0108,no
2019-12,27101987,IT,GB,1880.0,0.198,9.4949,no
2019-12,27101987,IT,HU,18743.0,12.511,1.4981,no
2019-12,27101987,IT,NL,43521.0,23.009,1.8915,no
2019-12,27101987,IT,PL,7.0,0.001,7.0,no
2019-12,27101987,IT,SE,14559.0,2.808,5.1848,no
2019-12,27101987,IT,SK,94.0,0.06,1.5667,no
2019-12,27101987,IT,TR,1737.0,1.156,1.5026,no
2019-12,27101987,IT,UA,2132.0,0.95,2.2442,no
2019-12,27101991,IT,AT,1124.0,0.11,10.2182,no
2019-12,27101991,IT,BE,1964.0,0.34,5.7765,no
2019-12,27101991,IT,CN,2018.0,0.036,56.0556,no
2019-12,27101991,IT,DE,248214.0,113.254,2.1917,no
2019-12,27101991,IT,ES,10.0,0.01,1.0,no
2019-12,27101991,IT,FR,71593.0,32.564,2.1985,no
2019-12,27101991,IT,GB,140758.0,102.029,1.3796,no
2019-12,27101991,IT,MX,24353.0,6.06,4.0186,no
2019-12,27101993,IT,BE,87852.0,46.707,1.8809,no
2019-12,27101993,IT,CN,17100.0,1.425,12.0,no
2019-12,27101993,IT,DE,78660.0,79.936,0.984,no
2019-12,27101993,IT,ES,1020.0,0.841,1.2128,no
2019-12,27101993,IT,FR,89703.0,110.02,0.8153,no
2019-12,27101993,IT,GB,246194.0,156.98,1.5683,no
2019-12,27101999,IT,AE,30100.0,42.0,0.7167,no
2019-12,27101999,IT,AT,85670.0,130.424,0.6569,no
2019-12,27101999,IT,BE,4928039.0,6124.282,0.8047,no
2019-12,27101999,IT,BG,7118.0,1.793,3.9699,no
2019-12,27101999,IT,CH,61402.0,20.36,3.0158,no
2019-12,27101999,IT,CZ,69237.0,74.529,0.929,no
2019-12,27101999,IT,DE,1143533.0,617.364,1.8523,no
2019-12,27101999,IT,DK,2117.0,0.304,6.9638,no
2019-12,27101999,IT,ES,2597453.0,3454.768,0.7518,no
2019-12,27101999,IT,FR,1161090.0,1740.081,0.6673,no
2019-12,27101999,IT,GB,18662.0,4.099,4.5528,no
2019-12,27101999,IT,GR,68366.0,62.358,1.0963,no
2019-12,27101999,IT,HR,2312847.0,13946.4,0.1658,no
2019-12,27101999,IT,HU,899051.0,1355.492,0.6633,no
2019-12,27101999,IT,IN,13560.0,19.5,0.6954,no
2019-12,27101999,IT,JP,12240.0,0.32,38.25,no
2019-12,27101999,IT,LU,477.0,0.003,159.0,no
2019-12,27101999,IT,LV,113.0,0.017,6.6471,no
2019-12,27101999,IT,NL,2076395.0,2737.721,0.7584,no
2019-12,27101999,IT,PL,49359.0,73.046,0.6757,no
2019-12,27101999,IT,PT,2625.0,0.375,7.0,no
2019-12,27101999,IT,RO,121503.0,17.258,7.0404,no
2019-12,27101999,IT,RU,481855.0,891.696,0.5404,no
2019-12,27101999,IT,SE,27399.0,29.801,0.9194,no
2019-12,27101999,IT,SI,555723.0,94.523,5.8792,no
2019-12,27101999,IT,TR,39478.0,24.696,1.5986,no
2019-12,27101999,IT,UA,2069.0,0.797,2.596,no
2019-12,27101999,IT,US,268737.0,39.224,6.8513,no
2020-01,27101971,IT,DE,2381.0,0.49,4.8592,no
2020-01,27101971,IT,FR,643.0,0.081,7.9383,no
2020-01,27101971,IT,KR,708099.0,1085.66,0.6522,no
2020-01,27101971,IT,TW,1328772.0,1914.89,0.6939,no
2020-01,27101981,IT,AL,44320.0,29.585,1.4981,no
2020-01,27101981,IT,AT,7743.0,1.743,4.4423,no
2020-01,27101981,IT,BE,2229781.0,986.67,2.2599,no
2020-01,27101981,IT,BG,103.0,0.025,4.12,no
2020-01,27101981,IT,CY,1205.0,0.287,4.1986,no
2020-01,27101981,IT,CZ,39307.0,8.188,4.8006,no
2020-01,27101981,IT,DE,975954.0,312.861,3.1194,no
2020-01,27101981,IT,DK,4918.0,1.171,4.1998,no
2020-01,27101981,IT,EG,18096.0,13.417,1.3487,no
2020-01,27101981,IT,ES,745197.0,298.225,2.4988,no
2020-01,27101981,IT,FI,2239.0,0.324,6.9105,no
2020-01,27101981,IT,FR,1690584.0,1276.571,1.3243,no
2020-01,27101981,IT,GB,13084.0,3.465,3.776,no
2020-01,27101981,IT,GR,219214.0,35.209,6.2261,no
2020-01,27101981,IT,HR,257.0,0.029,8.8621,no
2020-01,27101981,IT,HU,75047.0,56.437,1.3297,no
2020-01,27101981,IT,JP,1092.0,0.029,37.6552,no
2020-01,27101981,IT,LU,1319.0,0.02,65.95,no
2020-01,27101981,IT,NL,979737.0,509.613,1.9225,no
2020-01,27101981,IT,PL,753.0,0.196,3.8418,no
2020-01,27101981,IT,SE,253781.0,158.887,1.5972,no
2020-01,27101981,IT,SG,2941.0,0.514,5.7218,no
2020-01,27101981,IT,SI,14338.0,1.595,8.9893,no
2020-01,27101981,IT,SK,4205.0,0.205,20.5122,no
2020-01,27101981,IT,TR,12177.0,8.889,1.3699,no
2020-01,27101981,IT,US,56570.0,24.735,2.287,no
2020-01,27101983,IT,AL,1173.0,0.966,1.2143,no
2020-01,27101983,IT,AT,13491.0,6.859,1.9669,no
2020-01,27101983,IT,BE,126987.0,92.686,1.3701,no
2020-01,27101983,IT,CZ,17529.0,7.073,2.4783,no
2020-01,27101983,IT,DE,309602.0,159.574,1.9402,no
2020-01,27101983,IT,DK,3331.0,0.947,3.5174,no
2020-01,27101983,IT,ES,55767.0,41.365,1.3482,no
2020-01,27101983,IT,FR,196769.0,119.071,1.6525,no
2020-01,27101983,IT,GB,35492.0,13.715,2.5878,no
2020-01,27101983,IT,GR,4287.0,4.276,1.0026,no
2020-01,27101983,IT,HU,72862.0,88.656,0.8219,no
2020-01,27101983,IT,NL,22968.0,13.487,1.703,no
2020-01,27101983,IT,PL,87.0,0.001,87.0,no
2020-01,27101983,IT,SE,44138.0,26.823,1.6455,no
2020-01,27101983,IT,US,7705.0,0.956,8.0596,no
2020-01,27101985,IT,AT,2411.0,0.802,3.0062,no
2020-01,27101985,IT,BE,107040.0,110.715,0.9668,no
2020-01,27101985,IT,DE,493182.0,342.468,1.4401,no
2020-01,27101985,IT,ES,160260.0,197.275,0.8124,no
2020-01,27101985,IT,FR,498053.0,543.118,0.917,no
2020-01,27101985,IT,GB,189008.0,223.94,0.844,no
2020-01,27101985,IT,HU,1001.0,0.68,1.4721,no
2020-01,27101985,IT,IN,260802.0,359.355,0.7258,no
2020-01,27101985,IT,NL,177984.0,147.112,1.2099,no
2020-01,27101985,IT,PT,9396.0,5.4,1.74,no
2020-01,27101985,IT,US,1963.0,0.183,10.7268,no
2020-01,27101987,IT,AL,1707.0,0.945,1.8063,no
2020-01,27101987,IT,AT,851.0,0.159,5.3522,no
2020-01,27101987,IT,BE,157761.0,54.61,2.8889,no
2020-01,27101987,IT,CZ,6896.0,1.622,4.2515,no
2020-01,27101987,IT,DE,496079.0,112.084,4.426,no
2020-01,27101987,IT,DK,12.0,0.001,12.0,no
2020-01,27101987,IT,ES,42665.0,21.477,1.9865,no
2020-01,27101987,IT,FR,384398.0,211.688,1.8159,no
2020-01,27101987,IT,GB,976.0,0.196,4.9796,no
2020-01,27101987,IT,HU,7419.0,3.266,2.2716,no
2020-01,27101987,IT,NL,73961.0,28.852,2.5635,no
2020-01,27101987,IT,PL,86.0,0.001,86.0,no
2020-01,27101987,IT,SE,23336.0,3.164,7.3755,no
2020-01,27101987,IT,US,3868.0,0.672,5.756,no
2020-01,27101991,IT,AT,50191.0,13.76,3.6476,no
2020-01,27101991,IT,BE,7148.0,1.979,3.6119,no
2020-01,27101991,IT,BG,3256.0,0.895,3.638,no
2020-01,27101991,IT,CY,2167.0,0.599,3.6177,no
2020-01,27101991,IT,CZ,6993.0,1.934,3.6158,no
2020-01,27101991,IT,DE,338731.0,133.271,2.5417,no
2020-01,27101991,IT,DK,1186.0,0.328,3.6159,no
2020-01,27101991,IT,EE,214.0,0.06,3.5667,no
2020-01,27101991,IT,ES,20123.0,5.564,3.6166,no
2020-01,27101991,IT,FI,3538.0,0.978,3.6176,no
2020-01,27101991,IT,FR,113764.0,52.918,2.1498,no
2020-01,27101991,IT,GB,181266.0,128.17,1.4143,no
2020-01,27101991,IT,GR,261.0,0.073,3.5753,no
2020-01,27101991,IT,HR,31678.0,8.763,3.615,no
2020-01,27101991,IT,HU,3859.0,1.068,3.6133,no
2020-01,27101991,IT,LT,10386.0,2.875,3.6125,no
2020-01,27101991,IT,LU,1245.0,0.344,3.6192,no
2020-01,27101991,IT,LV,13835.0,3.824,3.6179,no
2020-01,27101991,IT,MT,5021.0,1.388,3.6174,no
2020-01,27101991,IT,MX,19159.0,4.85,3.9503,no
2020-01,27101991,IT,NL,22698.0,6.281,3.6138,no
2020-01,27101991,IT,PL,30454.0,8.424,3.6151,no
2020-01,27101991,IT,PT,1414.0,0.392,3.6071,no
2020-01,27101991,IT,RO,19958.0,5.518,3.6169,no
2020-01,27101991,IT,SE,188.0,0.052,3.6154,no
2020-01,27101991,IT,SI,29723.0,8.224,3.6142,no
2020-01,27101991,IT,SK,12667.0,3.506,3.6129,no
2020-01,27101993,IT,BE,93321.0,59.65,1.5645,no
2020-01,27101993,IT,DE,23555.0,22.829,1.0318,no
2020-01,27101993,IT,ES,7412.0,10.362,0.7153,no
2020-01,27101993,IT,FR,89452.0,110.2,0.8117,no
2020-01,27101993,IT,GB,87238.0,55.62,1.5685,no
2020-01,27101993,IT,NL,25.0,0.003,8.3333,no
2020-01,27101999,IT,AT,113707.0,152.009,0.748,no
2020-01,27101999,IT,BE,4766359.0,5796.23,0.8223,no
2020-01,27101999,IT,BG,20888.0,10.843,1.9264,no
2020-01,27101999,IT,CH,87846.0,24.341,3.609,no
2020-01,27101999,IT,CN,14554.0,4.047,3.5962,no
2020-01,27101999,IT,CZ,29691.0,5.149,5.7664,no
2020-01,27101999,IT,DE,3018548.0,2051.798,1.4712,no
2020-01,27101999,IT,DK,318.0,0.046,6.913,no
2020-01,27101999,IT,EE,191.0,0.028,6.8214,no
2020-01,27101999,IT,ES,4469898.0,4975.526,0.8984,no
2020-01,27101999,IT,FI,5264.0,0.752,7.0,no
2020-01,27101999,IT,FR,1339941.0,1367.167,0.9801,no
2020-01,27101999,IT,GB,151612.0,13.432,11.2874,no
2020-01,27101999,IT,GR,130867.0,121.941,1.0732,no
2020-01,27101999,IT,HR,2488560.0,13948.341,0.1784,no
2020-01,27101999,IT,HU,929011.0,1422.34,0.6532,no
2020-01,27101999,IT,IL,82873.0,11.974,6.9211,no
2020-01,27101999,IT,JP,70348.0,7.964,8.8332,no
2020-01,27101999,IT,KR,317318.0,432.76,0.7332,no
2020-01,27101999,IT,LT,219.0,0.032,6.8438,no
2020-01,27101999,IT,LU,1446.0,0.156,9.2692,no
2020-01,27101999,IT,NL,4726124.0,6707.861,0.7046,no
2020-01,27101999,IT,PL,859871.0,1554.387,0.5532,no
2020-01,27101999,IT,PT,433.0,0.063,6.873,no
2020-01,27101999,IT,RO,864.0,0.115,7.513,no
2020-01,27101999,IT,RU,483157.0,886.472,0.545,no
2020-01,27101999,IT,SE,87092.0,78.505,1.1094,no
2020-01,27101999,IT,SI,71115.0,13.213,5.3822,no
2020-01,27101999,IT,SK,1646.0,0.237,6.9451,no
2020-01,27101999,IT,TR,50040.0,31.548,1.5862,no
2020-01,27101999,IT,US,147904.0,17.007,8.6967,no
2020-02,27101971,IT,BE,70.0,0.005,14.0,no
2020-02,27101971,IT,DE,7450.0,1.643,4.5344,no
2020-02,27101971,IT,FR,2746.0,0.446,6.157,no
2020-02,27101971,IT,KR,419500.0,641.27,0.6542,no
2020-02,27101981,IT,AL,48519.0,31.345,1.5479,no
2020-02,27101981,IT,AT,11249.0,3.465,3.2465,no
2020-02,27101981,IT,BE,2084812.0,973.374,2.1418,no
2020-02,27101981,IT,BG,104.0,0.025,4.16,no
2020-02,27101981,IT,CH,2668.0,1.44,1.8528,no
2020-02,27101981,IT,CY,1225.0,0.293,4.1809,no
2020-02,27101981,IT,CZ,10694.0,1.989,5.3766,no
2020-02,27101981,IT,DE,999800.0,327.286,3.0548,no
2020-02,27101981,IT,DK,4997.0,1.193,4.1886,no
2020-02,27101981,IT,ES,1166293.0,580.807,2.0081,no
2020-02,27101981,IT,FI,4126.0,1.832,2.2522,no
2020-02,27101981,IT,FR,1716537.0,1029.433,1.6675,no
2020-02,27101981,IT,GB,32416.0,10.164,3.1893,no
2020-02,27101981,IT,GR,30091.0,23.413,1.2852,no
2020-02,27101981,IT,HU,84807.0,251.671,0.337,no
2020-02,27101981,IT,NL,975720.0,543.546,1.7951,no
2020-02,27101981,IT,PL,44598.0,21.764,2.0492,no
2020-02,27101981,IT,QV,912.0,0.157,5.8089,no
2020-02,27101981,IT,SE,325594.0,206.198,1.579,no
2020-02,27101981,IT,SI,19869.0,4.09,4.8579,no
2020-02,27101981,IT,SK,7808.0,4.597,1.6985,no
2020-02,27101981,IT,TR,1533.0,0.752,2.0386,no
2020-02,27101981,IT,UA,25535.0,13.001,1.9641,no
2020-02,27101983,IT,AT,12071.0,5.55,2.175,no
2020-02,27101983,IT,BE,138160.0,57.017,2.4231,no
2020-02,27101983,IT,CZ,8475.0,4.2,2.0179,no
2020-02,27101983,IT,DE,270651.0,117.297,2.3074,no
2020-02,27101983,IT,DK,3691.0,1.009,3.6581,no
2020-02,27101983,IT,ES,104270.0,58.524,1.7817,no
2020-02,27101983,IT,FR,213732.0,126.779,1.6859,no
2020-02,27101983,IT,GB,146.0,0.024,6.0833,no
2020-02,27101983,IT,GR,14867.0,14.597,1.0185,no
2020-02,27101983,IT,HU,61039.0,70.697,0.8634,no
2020-02,27101983,IT,NL,37577.0,25.569,1.4696,no
2020-02,27101983,IT,PL,107.0,0.004,26.75,no
2020-02,27101983,IT,SE,62979.0,42.345,1.4873,no
2020-02,27101983,IT,SI,9.0,0.001,9.0,no
2020-02,27101985,IT,AT,189.0,0.01,18.9,no
2020-02,27101985,IT,BE,170386.0,142.981,1.1917,no
2020-02,27101985,IT,DE,389508.0,262.427,1.4843,no
2020-02,27101985,IT,ES,5392.0,4.245,1.2702,no
2020-02,27101985,IT,FR,743068.0,733.429,1.0131,no
2020-02,27101985,IT,GB,48406.0,48.058,1.0072,no
2020-02,27101985,IT,HU,1717.0,1.105,1.5538,no
2020-02,27101985,IT,IN,387688.0,538.72,0.7196,no
2020-02,27101985,IT,NL,360527.0,325.364,1.1081,no
2020-02,27101985,IT,PT,6552.0,3.6,1.82,no
2020-02,27101987,IT,AL,5868.0,3.801,1.5438,no
2020-02,27101987,IT,AT,365.0,0.061,5.9836,no
2020-02,27101987,IT,BE,109600.0,49.916,2.1957,no
2020-02,27101987,IT,CH,5585.0,0.898,6.2194,no
2020-02,27101987,IT,CZ,5929.0,1.34,4.4246,no
2020-02,27101987,IT,DE,552479.0,123.513,4.473,no
2020-02,27101987,IT,ES,231726.0,134.567,1.722,no
2020-02,27101987,IT,FR,283921.0,118.354,2.3989,no
2020-02,27101987,IT,GB,1092.0,0.205,5.3268,no
2020-02,27101987,IT,HR,157.0,0.03,5.2333,no
2020-02,27101987,IT,HU,1245.0,0.622,2.0016,no
2020-02,27101987,IT,NL,100530.0,50.258,2.0003,no
2020-02,27101987,IT,PL,37.0,0.002,18.5,no
2020-02,27101987,IT,SE,25334.0,5.259,4.8173,no
2020-02,27101987,IT,SK,431.0,0.24,1.7958,no
2020-02,27101987,IT,TH,80698.0,9.858,8.186,no
2020-02,27101987,IT,TR,1941.0,1.156,1.6791,no
2020-02,27101991,IT,AT,49823.0,14.008,3.5568,no
2020-02,27101991,IT,BE,9985.0,3.062,3.2609,no
2020-02,27101991,IT,BG,3247.0,0.916,3.5448,no
2020-02,27101991,IT,CH,2760.0,0.352,7.8409,no
2020-02,27101991,IT,CY,2202.0,0.619,3.5574,no
2020-02,27101991,IT,CZ,7104.0,1.999,3.5538,no
2020-02,27101991,IT,DE,346967.0,150.453,2.3061,no
2020-02,27101991,IT,DK,1205.0,0.339,3.5546,no
2020-02,27101991,IT,EE,218.0,0.062,3.5161,no
2020-02,27101991,IT,ES,39411.0,16.268,2.4226,no
2020-02,27101991,IT,FI,3595.0,1.01,3.5594,no
2020-02,27101991,IT,FR,115426.0,47.831,2.4132,no
2020-02,27101991,IT,GB,147799.0,102.51,1.4418,no
2020-02,27101991,IT,GR,265.0,0.075,3.5333,no
2020-02,27101991,IT,HR,32187.0,9.051,3.5562,no
2020-02,27101991,IT,HU,3920.0,1.103,3.5539,no
2020-02,27101991,IT,LT,10553.0,2.97,3.5532,no
2020-02,27101991,IT,LU,1265.0,0.356,3.5534,no
2020-02,27101991,IT,LV,14060.0,3.954,3.5559,no
2020-02,27101991,IT,MT,5102.0,1.434,3.5579,no
2020-02,27101991,IT,MX,37396.0,8.43,4.4361,no
2020-02,27101991,IT,NL,23185.0,6.506,3.5636,no
2020-02,27101991,IT,PL,30946.0,8.701,3.5566,no
2020-02,27101991,IT,PT,1435.0,0.405,3.5432,no
2020-02,27101991,IT,RO,20282.0,5.702,3.557,no
2020-02,27101991,IT,SE,191.0,0.054,3.537,no
2020-02,27101991,IT,SI,30200.0,8.497,3.5542,no
2020-02,27101991,IT,SK,12870.0,3.621,3.5543,no
2020-02,27101991,IT,US,2821.0,0.053,53.2264,no
2020-02,27101993,IT,BE,68175.0,55.263,1.2336,no
2020-02,27101993,IT,DE,72094.0,79.597,0.9057,no
2020-02,27101993,IT,FR,68751.0,83.64,0.822,no
2020-02,27101993,IT,GB,61106.0,38.96,1.5684,no
2020-02,27101993,IT,NL,25.0,0.003,8.3333,no
2020-02,27101999,IT,AL,8012.0,7.28,1.1005,no
2020-02,27101999,IT,AT,209021.0,325.728,0.6417,no
2020-02,27101999,IT,BE,5600889.0,6884.539,0.8135,no
2020-02,27101999,IT,BG,4004.0,1.372,2.9184,no
2020-02,27101999,IT,CH,107055.0,27.796,3.8515,no
2020-02,27101999,IT,CN,1398.0,0.44,3.1773,no
2020-02,27101999,IT,CZ,24896.0,4.702,5.2948,no
2020-02,27101999,IT,DE,2046130.0,1346.784,1.5193,no
2020-02,27101999,IT,DK,323.0,0.047,6.8723,no
2020-02,27101999,IT,EE,194.0,0.028,6.9286,no
2020-02,27101999,IT,ES,451192.0,484.855,0.9306,no
2020-02,27101999,IT,FI,5349.0,0.769,6.9558,no
2020-02,27101999,IT,FR,4244531.0,4734.568,0.8965,no
2020-02,27101999,IT,GB,109711.0,23.605,4.6478,no
2020-02,27101999,IT,GR,161934.0,135.626,1.194,no
2020-02,27101999,IT,HR,3094.0,0.525,5.8933,no
2020-02,27101999,IT,HU,809694.0,1242.56,0.6516,no
2020-02,27101999,IT,IE,130278.0,1.0,130.278,no
2020-02,27101999,IT,KR,87029.0,117.68,0.7395,no
2020-02,27101999,IT,LT,222.0,0.032,6.9375,no
2020-02,27101999,IT,LU,1216.0,0.158,7.6962,no
2020-02,27101999,IT,NL,4291428.0,5951.489,0.7211,no
2020-02,27101999,IT,NO,2859.0,0.029,98.5862,no
2020-02,27101999,IT,PL,761321.0,1365.493,0.5575,no
2020-02,27101999,IT,PT,441.0,0.064,6.8906,no
2020-02,27101999,IT,QV,1484.0,1.044,1.4215,no
2020-02,27101999,IT,RO,956.0,0.127,7.5276,no
2020-02,27101999,IT,RU,520496.0,994.2,0.5235,no
2020-02,27101999,IT,SE,6692.0,1.241,5.3924,no
2020-02,27101999,IT,SI,12278.0,2.163,5.6764,no
2020-02,27101999,IT,SK,1673.0,0.242,6.9132,no
2020-02,27101999,IT,TR,33334.0,18.0,1.8519,no
2020-02,27101999,IT,US,194920.0,16.466,11.8377,no
2020-03,27101971,IT,DE,1792.0,0.348,5.1494,no
2020-03,27101971,IT,KR,857157.0,1313.92,0.6524,no
2020-03,27101971,IT,TW,517788.0,704.56,0.7349,no
2020-03,27101981,IT,AL,8030.0,5.252,1.5289,no
2020-03,27101981,IT,AT,1143.0,0.196,5.8316,no
2020-03,27101981,IT,BE,2049061.0,915.116,2.2391,no
2020-03,27101981,IT,CY,1097.0,0.265,4.1396,no
2020-03,27101981,IT,CZ,8787.0,2.072,4.2408,no
2020-03,27101981,IT,DE,751567.0,292.886,2.5661,no
2020-03,27101981,IT,DK,4477.0,1.082,4.1377,no
2020-03,27101981,IT,ES,1038842.0,480.935,2.16,no
2020-03,27101981,IT,FR,1333447.0,821.285,1.6236,no
2020-03,27101981,IT,GB,44079.0,18.924,2.3293,no
2020-03,27101981,IT,HU,196559.0,136.045,1.4448,no
2020-03,27101981,IT,LT,50.0,0.03,1.6667,no
2020-03,27101981,IT,NL,1056466.0,564.78,1.8706,no
2020-03,27101981,IT,PL,55515.0,19.361,2.8674,no
2020-03,27101981,IT,PT,8920.0,4.25,2.0988,no
2020-03,27101981,IT,QV,10561.0,6.83,1.5463,no
2020-03,27101981,IT,SE,246042.0,145.338,1.6929,no
2020-03,27101981,IT,SI,633.0,0.18,3.5167,no
2020-03,27101981,IT,SK,1970.0,0.904,2.1792,no
2020-03,27101981,IT,TR,6043.0,3.228,1.8721,no
2020-03,27101981,IT,US,27726.0,6.15,4.5083,no
2020-03,27101983,IT,AL,2068.0,1.76,1.175,no
2020-03,27101983,IT,AT,5850.0,0.942,6.2102,no
2020-03,27101983,IT,BE,186627.0,168.18,1.1097,no
2020-03,27101983,IT,CZ,8930.0,3.45,2.5884,no
2020-03,27101983,IT,DE,349441.0,170.871,2.0451,no
2020-03,27101983,IT,DK,3032.0,0.89,3.4067,no
2020-03,27101983,IT,ES,143773.0,113.846,1.2629,no
2020-03,27101983,IT,FR,146036.0,73.186,1.9954,no
2020-03,27101983,IT,GB,4941.0,1.66,2.9765,no
2020-03,27101983,IT,HU,93201.0,103.262,0.9026,no
2020-03,27101983,IT,NL,14999.0,8.952,1.6755,no
2020-03,27101983,IT,PL,116.0,0.002,58.0,no
2020-03,27101983,IT,SE,61830.0,39.729,1.5563,no
2020-03,27101983,IT,TR,1119.0,0.94,1.1904,no
2020-03,27101985,IT,AT,343.0,0.006,57.1667,no
2020-03,27101985,IT,BE,113421.0,112.512,1.0081,no
2020-03,27101985,IT,DE,719528.0,294.449,2.4436,no
2020-03,27101985,IT,ES,2303.0,1.76,1.3085,no
2020-03,27101985,IT,FR,743574.0,749.209,0.9925,no
2020-03,27101985,IT,GB,148967.0,180.9,0.8235,no
2020-03,27101985,IT,HU,2085.0,1.36,1.5331,no
2020-03,27101985,IT,IN,685710.0,935.57,0.7329,no
2020-03,27101985,IT,NL,316106.0,325.961,0.9698,no
2020-03,27101985,IT,PL,8.0,0.002,4.0,no
2020-03,27101985,IT,PT,11394.0,6.3,1.8086,no
2020-03,27101987,IT,AL,1582.0,0.917,1.7252,no
2020-03,27101987,IT,AT,1160.0,0.363,3.1956,no
2020-03,27101987,IT,BE,102452.0,37.909,2.7026,no
2020-03,27101987,IT,CZ,3159.0,1.055,2.9943,no
2020-03,27101987,IT,DE,298170.0,251.401,1.186,no
2020-03,27101987,IT,DK,24.0,0.002,12.0,no
2020-03,27101987,IT,ES,71103.0,38.95,1.8255,no
2020-03,27101987,IT,FR,244791.0,102.568,2.3866,no
2020-03,27101987,IT,GB,1968.0,0.221,8.905,no
2020-03,27101987,IT,GR,10.0,0.001,10.0,no
2020-03,27101987,IT,HR,157.0,0.004,39.25,no
2020-03,27101987,IT,HU,33029.0,20.303,1.6268,no
2020-03,27101987,IT,NL,182420.0,55.225,3.3032,no
2020-03,27101987,IT,PL,270.0,0.004,67.5,no
2020-03,27101987,IT,SE,17015.0,5.476,3.1072,no
2020-03,27101987,IT,SK,601.0,0.24,2.5042,no
2020-03,27101987,IT,TR,1918.0,1.156,1.6592,no
2020-03,27101991,IT,AT,44239.0,12.442,3.5556,no
2020-03,27101991,IT,BE,6645.0,1.836,3.6193,no
2020-03,27101991,IT,BG,2813.0,0.793,3.5473,no
2020-03,27101991,IT,CH,1059.0,0.018,58.8333,no
2020-03,27101991,IT,CY,1972.0,0.554,3.5596,no
2020-03,27101991,IT,CZ,6363.0,1.79,3.5547,no
2020-03,27101991,IT,DE,875078.0,681.185,1.2846,no
2020-03,27101991,IT,DK,1079.0,0.304,3.5493,no
2020-03,27101991,IT,ES,19055.0,5.52,3.452,no
2020-03,27101991,IT,FI,3221.0,0.905,3.5591,no
2020-03,27101991,IT,FR,121334.0,53.239,2.279,no
2020-03,27101991,IT,GB,210499.0,149.977,1.4035,no
2020-03,27101991,IT,GR,237.0,0.067,3.5373,no
2020-03,27101991,IT,HR,28654.0,8.06,3.5551,no
2020-03,27101991,IT,HU,3512.0,0.989,3.5511,no
2020-03,27101991,IT,LT,9455.0,2.664,3.5492,no
2020-03,27101991,IT,LU,1133.0,0.319,3.5517,no
2020-03,27101991,IT,LV,12594.0,3.542,3.5556,no
2020-03,27101991,IT,MT,4571.0,1.284,3.56,no
2020-03,27101991,IT,MX,50949.0,12.168,4.1871,no
2020-03,27101991,IT,NL,20664.0,5.815,3.5536,no
2020-03,27101991,IT,PL,27628.0,7.77,3.5557,no
2020-03,27101991,IT,PT,1287.0,0.363,3.5455,no
2020-03,27101991,IT,RO,18168.0,5.106,3.5582,no
2020-03,27101991,IT,SE,171.0,0.049,3.4898,no
2020-03,27101991,IT,SI,27059.0,7.615,3.5534,no
2020-03,27101991,IT,SK,11530.0,3.246,3.5521,no
2020-03,27101991,IT,US,1047.0,0.181,5.7845,no
2020-03,27101993,IT,BE,659.0,0.004,164.75,no
2020-03,27101993,IT,DE,77977.0,75.474,1.0332,no
2020-03,27101993,IT,ES,73019.0,162.3,0.4499,no
2020-03,27101993,IT,GB,107908.0,68.79,1.5687,no
2020-03,27101993,IT,NL,25.0,0.003,8.3333,no
2020-03,27101999,IT,AT,302508.0,920.291,0.3287,no
2020-03,27101999,IT,BE,3697064.0,4228.336,0.8744,no
2020-03,27101999,IT,BG,1665.0,0.245,6.7959,no
2020-03,27101999,IT,CA,2221.0,0.197,11.2741,no
2020-03,27101999,IT,CH,56362.0,15.737,3.5815,no
2020-03,27101999,IT,CZ,32727.0,16.392,1.9965,no
2020-03,27101999,IT,DE,1941230.0,1363.718,1.4235,no
2020-03,27101999,IT,DK,443.0,0.044,10.0682,no
2020-03,27101999,IT,EE,3754.0,1.086,3.4567,no
2020-03,27101999,IT,ES,3454140.0,4910.015,0.7035,no
2020-03,27101999,IT,FI,4792.0,0.701,6.8359,no
2020-03,27101999,IT,FR,1559379.0,1795.568,0.8685,no
2020-03,27101999,IT,GB,6183652.0,5826.241,1.0613,no
2020-03,27101999,IT,GR,45669.0,37.735,1.2103,no
2020-03,27101999,IT,HR,2379.0,0.349,6.8166,no
2020-03,27101999,IT,HU,549910.0,1270.843,0.4327,no
2020-03,27101999,IT,JP,29151.0,6.082,4.793,no
2020-03,27101999,IT,KR,662686.0,1012.89,0.6543,no
2020-03,27101999,IT,LT,404.0,0.082,4.9268,no
2020-03,27101999,IT,LU,1180.0,0.148,7.973,no
2020-03,27101999,IT,NL,5701529.0,7769.74,0.7338,no
2020-03,27101999,IT,PL,711274.0,1301.356,0.5466,no
2020-03,27101999,IT,PT,932.0,0.104,8.9615,no
2020-03,27101999,IT,QV,6710.0,3.57,1.8796,no
2020-03,27101999,IT,RO,794.0,0.126,6.3016,no
2020-03,27101999,IT,RU,574718.0,1141.355,0.5035,no
2020-03,27101999,IT,SE,45221.0,52.909,0.8547,no
2020-03,27101999,IT,SI,69413.0,14.063,4.9359,no
2020-03,27101999,IT,SK,1499.0,0.221,6.7828,no
2020-03,27101999,IT,TR,93300.0,51.696,1.8048,no
2020-03,27101999,IT,US,133619.0,21.549,6.2007,no
2020-04,27101971,IT,DE,81.0,0.002,40.5,no
2020-04,27101971,IT,FR,916.0,0.052,17.6154,no
2020-04,27101971,IT,KR,732130.0,1149.31,0.637,no
2020-04,27101971,IT,TW,382894.0,500.18,0.7655,no
2020-04,27101981,IT,AT,3556.0,0.601,5.9168,no
2020-04,27101981,IT,BE,698156.0,260.212,2.683,no
2020-04,27101981,IT,CY,782.0,0.189,4.1376,no
2020-04,27101981,IT,CZ,32809.0,6.848,4.791,no
2020-04,27101981,IT,DE,336977.0,106.988,3.1497,no
2020-04,27101981,IT,DK,3189.0,0.769,4.1469,no
2020-04,27101981,IT,ES,428723.0,255.353,1.6789,no
2020-04,27101981,IT,FI,68.0,0.018,3.7778,no
2020-04,27101981,IT,FR,614661.0,322.619,1.9052,no
2020-04,27101981,IT,GB,28871.0,11.454,2.5206,no
2020-04,27101981,IT,HU,183097.0,119.89,1.5272,no
2020-04,27101981,IT,JP,1002.0,0.03,33.4,no
2020-04,27101981,IT,LT,39204.0,7.334,5.3455,no
2020-04,27101981,IT,NL,439989.0,250.36,1.7574,no
2020-04,27101981,IT,PL,204.0,0.015,13.6,no
2020-04,27101981,IT,SE,109900.0,76.932,1.4285,no
2020-04,27101981,IT,SI,25009.0,4.325,5.7824,no
2020-04,27101981,IT,TR,12028.0,7.009,1.7161,no
2020-04,27101981,IT,US,11676.0,3.278,3.5619,no
2020-04,27101983,IT,AT,9646.0,5.19,1.8586,no
2020-04,27101983,IT,BE,99847.0,42.554,2.3464,no
2020-04,27101983,IT,CZ,2535.0,1.226,2.0677,no
2020-04,27101983,IT,DE,137007.0,62.195,2.2029,no
2020-04,27101983,IT,DK,2160.0,0.64,3.375,no
2020-04,27101983,IT,ES,63492.0,56.861,1.1166,no
2020-04,27101983,IT,FR,96429.0,76.868,1.2545,no
2020-04,27101983,IT,GB,2051.0,0.737,2.7829,no
2020-04,27101983,IT,HU,76367.0,87.57,0.8721,no
2020-04,27101983,IT,NL,7415.0,4.264,1.739,no
2020-04,27101983,IT,PL,172.0,0.013,13.2308,no
2020-04,27101983,IT,SE,32724.0,17.942,1.8239,no
2020-04,27101985,IT,AT,60.0,0.008,7.5,no
2020-04,27101985,IT,BE,92391.0,93.049,0.9929,no
2020-04,27101985,IT,DE,255402.0,179.683,1.4214,no
2020-04,27101985,IT,ES,5483.0,4.219,1.2996,no
2020-04,27101985,IT,FR,250678.0,243.364,1.0301,no
2020-04,27101985,IT,GB,56712.0,56.22,1.0088,no
2020-04,27101985,IT,HU,327.0,0.17,1.9235,no
2020-04,27101985,IT,IN,30468.0,39.88,0.764,no
2020-04,27101985,IT,NL,466600.0,440.978,1.0581,no
2020-04,27101985,IT,PL,24.0,0.006,4.0,no
2020-04,27101987,IT,AT,548.0,0.103,5.3204,no
2020-04,27101987,IT,BE,56460.0,14.716,3.8366,no
2020-04,27101987,IT,CZ,3664.0,0.795,4.6088,no
2020-04,27101987,IT,DE,130922.0,26.359,4.9669,no
2020-04,27101987,IT,ES,85730.0,76.795,1.1163,no
2020-04,27101987,IT,FR,245126.0,124.155,1.9744,no
2020-04,27101987,IT,GB,1245.0,0.119,10.4622,no
2020-04,27101987,IT,HR,59.0,0.01,5.9,no
2020-04,27101987,IT,HU,15226.0,9.691,1.5711,no
2020-04,27101987,IT,NL,61476.0,26.1,2.3554,no
2020-04,27101987,IT,PL,174.0,0.005,34.8,no
2020-04,27101987,IT,SE,5527.0,2.623,2.1071,no
2020-04,27101987,IT,TH,29480.0,3.482,8.4664,no
2020-04,27101987,IT,TR,15555.0,10.251,1.5174,no
2020-04,27101991,IT,AT,31356.0,8.821,3.5547,no
2020-04,27101991,IT,BE,9004.0,3.275,2.7493,no
2020-04,27101991,IT,BG,2003.0,0.565,3.5451,no
2020-04,27101991,IT,CY,1405.0,0.395,3.557,no
2020-04,27101991,IT,CZ,4535.0,1.277,3.5513,no
2020-04,27101991,IT,DE,465263.0,408.278,1.1396,no
2020-04,27101991,IT,DK,769.0,0.217,3.5438,no
2020-04,27101991,IT,ES,17972.0,4.776,3.763,no
2020-04,27101991,IT,FI,2295.0,0.645,3.5581,no
2020-04,27101991,IT,FR,78216.0,27.846,2.8089,no
2020-04,27101991,IT,GB,110580.0,78.113,1.4156,no
2020-04,27101991,IT,GR,169.0,0.048,3.5208,no
2020-04,27101991,IT,HR,20146.0,5.666,3.5556,no
2020-04,27101991,IT,HU,2503.0,0.705,3.5504,no
2020-04,27101991,IT,LT,6643.0,1.872,3.5486,no
2020-04,27101991,IT,LU,807.0,0.227,3.5551,no
2020-04,27101991,IT,LV,8973.0,2.524,3.5551,no
2020-04,27101991,IT,MT,3256.0,0.915,3.5585,no
2020-04,27101991,IT,MX,23439.0,5.982,3.9183,no
2020-04,27101991,IT,NL,14541.0,4.097,3.5492,no
2020-04,27101991,IT,PL,19427.0,5.465,3.5548,no
2020-04,27101991,IT,PT,916.0,0.259,3.5367,no
2020-04,27101991,IT,RO,12945.0,3.64,3.5563,no
2020-04,27101991,IT,SE,122.0,0.035,3.4857,no
2020-04,27101991,IT,SI,19097.0,5.377,3.5516,no
2020-04,27101991,IT,SK,8029.0,2.26,3.5527,no
2020-04,27101993,IT,BE,42491.0,40.811,1.0412,no
2020-04,27101993,IT,DE,17073.0,25.021,0.6823,no
2020-04,27101993,IT,FR,81046.0,99.04,0.8183,no
2020-04,27101993,IT,GB,124422.0,79.3,1.569,no
2020-04,27101993,IT,HU,84.0,0.05,1.68,no
2020-04,27101999,IT,AT,181389.0,226.974,0.7992,no
2020-04,27101999,IT,BE,3136630.0,3511.218,0.8933,no
2020-04,27101999,IT,BG,8925.0,4.62,1.9318,no
2020-04,27101999,IT,CH,19785.0,6.438,3.0732,no
2020-04,27101999,IT,CZ,12492.0,2.156,5.7941,no
2020-04,27101999,IT,DE,999011.0,712.17,1.4028,no
2020-04,27101999,IT,DK,911.0,0.033,27.6061,no
2020-04,27101999,IT,EE,124.0,0.019,6.5263,no
2020-04,27101999,IT,ES,3379627.0,5077.481,0.6656,no
2020-04,27101999,IT,FI,3414.0,0.506,6.747,no
2020-04,27101999,IT,FR,810170.0,979.596,0.827,no
2020-04,27101999,IT,GB,1885244.0,3115.971,0.605,no
2020-04,27101999,IT,GR,22155.0,13.283,1.6679,no
2020-04,27101999,IT,HR,9269.0,2.345,3.9527,no
2020-04,27101999,IT,HU,131485.0,212.231,0.6195,no
2020-04,27101999,IT,JP,29743.0,1.842,16.1471,no
2020-04,27101999,IT,KR,722081.0,1043.71,0.6918,no
2020-04,27101999,IT,LT,142.0,0.022,6.4545,no
2020-04,27101999,IT,LU,918.0,0.108,8.5,no
2020-04,27101999,IT,MY,2333749.0,3721.12,0.6272,no
2020-04,27101999,IT,NL,4442668.0,6031.209,0.7366,no
2020-04,27101999,IT,PL,259496.0,465.144,0.5579,no
2020-04,27101999,IT,PT,212.0,0.032,6.625,no
2020-04,27101999,IT,RO,510.0,0.077,6.6234,no
2020-04,27101999,IT,RU,337120.0,672.027,0.5016,no
2020-04,27101999,IT,SE,25283.0,33.338,0.7584,no
2020-04,27101999,IT,SI,25415.0,4.485,5.6667,no
2020-04,27101999,IT,SK,1068.0,0.159,6.717,no
2020-04,27101999,IT,TR,36017.0,21.039,1.7119,no
2020-04,27101999,IT,US,170951.0,27.804,6.1484,no
2020-05,27101971,IT,BE,158.0,0.001,158.0,no
2020-05,27101971,IT,DE,18.0,0.005,3.6,no
2020-05,27101971,IT,ES,10.0,0.001,10.0,no
2020-05,27101971,IT,FR,4546.0,0.427,10.6464,no
2020-05,27101981,IT,AL,46812.0,30.225,1.5488,no
2020-05,27101981,IT,AT,6965.0,0.819,8.5043,no
2020-05,27101981,IT,BE,781024.0,226.98,3.4409,no
2020-05,27101981,IT,CY,909.0,0.217,4.1889,no
2020-05,27101981,IT,CZ,12973.0,3.706,3.5005,no
2020-05,27101981,IT,DE,710203.0,217.66,3.2629,no
2020-05,27101981,IT,DK,488932.0,1692.461,0.2889,no
2020-05,27101981,IT,ES,433988.0,217.765,1.9929,no
2020-05,27101981,IT,FR,630966.0,391.674,1.6109,no
2020-05,27101981,IT,GB,63150.0,26.123,2.4174,no
2020-05,27101981,IT,GR,35451.0,23.462,1.511,no
2020-05,27101981,IT,HR,483.0,0.136,3.5515,no
2020-05,27101981,IT,HU,63686.0,45.511,1.3994,no
2020-05,27101981,IT,JP,1006.0,0.029,34.6897,no
2020-05,27101981,IT,LT,79896.0,15.664,5.1006,no
2020-05,27101981,IT,NL,576764.0,305.946,1.8852,no
2020-05,27101981,IT,PL,6483.0,0.36,18.0083,no
2020-05,27101981,IT,SE,250582.0,137.478,1.8227,no
2020-05,27101981,IT,TR,1455.0,0.752,1.9348,no
2020-05,27101981,IT,US,43056.0,8.429,5.1081,no
2020-05,27101983,IT,AL,1197.0,1.067,1.1218,no
2020-05,27101983,IT,AT,1630.0,0.098,16.6327,no
2020-05,27101983,IT,BE,119477.0,52.04,2.2959,no
2020-05,27101983,IT,CZ,6548.0,3.155,2.0754,no
2020-05,27101983,IT,DE,387170.0,143.519,2.6977,no
2020-05,27101983,IT,DK,2513.0,0.744,3.3777,no
2020-05,27101983,IT,ES,63465.0,48.086,1.3198,no
2020-05,27101983,IT,FR,110488.0,62.794,1.7595,no
2020-05,27101983,IT,GB,107.0,0.034,3.1471,no
2020-05,27101983,IT,GR,3970.0,4.496,0.883,no
2020-05,27101983,IT,HU,45532.0,68.198,0.6676,no
2020-05,27101983,IT,NL,14378.0,9.313,1.5439,no
2020-05,27101983,IT,PL,83.0,0.002,41.5,no
2020-05,27101983,IT,SE,47386.0,32.698,1.4492,no
2020-05,27101983,IT,SI,1.0,0.001,1.0,no
2020-05,27101985,IT,AT,79.0,0.002,39.5,no
2020-05,27101985,IT,BE,77626.0,70.088,1.1076,no
2020-05,27101985,IT,DE,424765.0,289.731,1.4661,no
2020-05,27101985,IT,FR,304229.0,342.27,0.8889,no
2020-05,27101985,IT,GB,40998.0,37.79,1.0849,no
2020-05,27101985,IT,HU,150.0,0.085,1.7647,no
2020-05,27101985,IT,IN,45793.0,59.94,0.764,no
2020-05,27101985,IT,NL,231511.0,209.09,1.1072,no
2020-05,27101985,IT,PL,12.0,0.003,4.0,no
2020-05,27101985,IT,PT,9684.0,5.4,1.7933,no
2020-05,27101987,IT,AL,5661.0,3.419,1.6557,no
2020-05,27101987,IT,AT,21.0,0.01,2.1,no
2020-05,27101987,IT,BE,73572.0,22.597,3.2558,no
2020-05,27101987,IT,CZ,4734.0,0.928,5.1013,no
2020-05,27101987,IT,DE,229234.0,70.431,3.2547,no
2020-05,27101987,IT,DK,12.0,0.001,12.0,no
2020-05,27101987,IT,ES,67851.0,37.335,1.8174,no
2020-05,27101987,IT,FR,156316.0,74.047,2.111,no
2020-05,27101987,IT,GB,1119.0,0.29,3.8586,no
2020-05,27101987,IT,HR,267.0,0.05,5.34,no
2020-05,27101987,IT,HU,15042.0,8.563,1.7566,no
2020-05,27101987,IT,NL,62689.0,46.614,1.3449,no
2020-05,27101987,IT,PL,216.0,0.013,16.6154,no
2020-05,27101987,IT,SE,20772.0,9.197,2.2586,no
2020-05,27101987,IT,TR,12565.0,11.122,1.1297,no
2020-05,27101991,IT,AT,37160.0,10.465,3.5509,no
2020-05,27101991,IT,BE,5392.0,1.52,3.5474,no
2020-05,27101991,IT,BG,2332.0,0.657,3.5495,no
2020-05,27101991,IT,CY,1634.0,0.459,3.5599,no
2020-05,27101991,IT,CZ,5275.0,1.485,3.5522,no
2020-05,27101991,IT,DE,372001.0,326.637,1.1389,no
2020-05,27101991,IT,DK,894.0,0.252,3.5476,no
2020-05,27101991,IT,ES,19474.0,6.308,3.0872,no
2020-05,27101991,IT,FI,2669.0,0.75,3.5587,no
2020-05,27101991,IT,FR,132980.0,54.69,2.4315,no
2020-05,27101991,IT,GB,148645.0,100.311,1.4818,no
2020-05,27101991,IT,GR,197.0,0.056,3.5179,no
2020-05,27101991,IT,HR,23653.0,6.655,3.5542,no
2020-05,27101991,IT,HU,2911.0,0.82,3.55,no
2020-05,27101991,IT,LT,7837.0,2.208,3.5494,no
2020-05,27101991,IT,LU,939.0,0.264,3.5568,no
2020-05,27101991,IT,LV,10438.0,2.937,3.554,no
2020-05,27101991,IT,MT,3788.0,1.065,3.5568,no
2020-05,27101991,IT,MX,34807.0,7.75,4.4912,no
2020-05,27101991,IT,NL,18438.0,5.199,3.5465,no
2020-05,27101991,IT,PL,22812.0,6.417,3.5549,no
2020-05,27101991,IT,PT,1067.0,0.301,3.5449,no
2020-05,27101991,IT,RO,15058.0,4.234,3.5564,no
2020-05,27101991,IT,SE,142.0,0.04,3.55,no
2020-05,27101991,IT,SI,22424.0,6.31,3.5537,no
2020-05,27101991,IT,SK,9553.0,2.692,3.5487,no
2020-05,27101993,IT,BE,134160.0,35.875,3.7397,no
2020-05,27101993,IT,DE,43367.0,61.514,0.705,no
2020-05,27101993,IT,FR,48238.0,54.6,0.8835,no
2020-05,27101993,IT,GB,82998.0,52.92,1.5684,no
2020-05,27101993,IT,TR,6819.0,6.73,1.0132,no
2020-05,27101999,IT,AT,30274.0,99.663,0.3038,no
2020-05,27101999,IT,BE,5110590.0,6698.649,0.7629,no
2020-05,27101999,IT,BG,1379.0,0.201,6.8607,no
2020-05,27101999,IT,BH,4204.0,1.36,3.0912,no
2020-05,27101999,IT,CH,39822.0,11.507,3.4607,no
2020-05,27101999,IT,CZ,18142.0,3.301,5.4959,no
2020-05,27101999,IT,DE,1371654.0,1095.259,1.2524,no
2020-05,27101999,IT,DK,240.0,0.035,6.8571,no
2020-05,27101999,IT,EE,144.0,0.021,6.8571,no
2020-05,27101999,IT,ES,223682.0,273.538,0.8177,no
2020-05,27101999,IT,FI,3971.0,0.575,6.9061,no
2020-05,27101999,IT,FR,800221.0,405.289,1.9744,no
2020-05,27101999,IT,GB,146314.0,21.804,6.7104,no
2020-05,27101999,IT,GR,64408.0,61.146,1.0533,no
2020-05,27101999,IT,HR,3101.0,0.763,4.0642,no
2020-05,27101999,IT,HU,36591.0,49.834,0.7343,no
2020-05,27101999,IT,IN,13871.0,19.5,0.7113,no
2020-05,27101999,IT,JP,20636.0,1.548,13.3307,no
2020-05,27101999,IT,LT,165.0,0.024,6.875,no
2020-05,27101999,IT,LU,976.0,0.119,8.2017,no
2020-05,27101999,IT,NL,1682236.0,2395.904,0.7021,no
2020-05,27101999,IT,PL,431687.0,993.074,0.4347,no
2020-05,27101999,IT,PT,247.0,0.036,6.8611,no
2020-05,27101999,IT,RO,672.0,0.102,6.5882,no
2020-05,27101999,IT,RU,415812.0,721.658,0.5762,no
2020-05,27101999,IT,SE,72429.0,17.199,4.2112,no
2020-05,27101999,IT,SI,12982.0,2.209,5.8769,no
2020-05,27101999,IT,SK,1242.0,0.181,6.8619,no
2020-05,27101999,IT,TR,25201.0,14.35,1.7562,no
2020-05,27101999,IT,US,215850.0,39.23,5.5022,no
2020-06,27101971,IT,BE,70.0,0.005,14.0,no
2020-06,27101971,IT,DE,234.0,0.013,18.0,no
2020-06,27101971,IT,FR,7675.0,0.834,9.2026,no
2020-06,27101971,IT,GR,65885.0,2.0,32.9425,no
2020-06,27101981,IT,AL,32208.0,20.678,1.5576,no
2020-06,27101981,IT,AT,9049.0,2.207,4.1001,no
2020-06,27101981,IT,BE,2083285.0,862.354,2.4158,no
2020-06,27101981,IT,CY,1063.0,0.254,4.185,no
2020-06,27101981,IT,CZ,19316.0,5.153,3.7485,no
2020-06,27101981,IT,DE,906825.0,349.018,2.5982,no
2020-06,27101981,IT,DK,4339.0,1.034,4.1963,no
2020-06,27101981,IT,ES,905013.0,472.337,1.916,no
2020-06,27101981,IT,FR,1058322.0,556.367,1.9022,no
2020-06,27101981,IT,GB,13130.0,2.533,5.1836,no
2020-06,27101981,IT,GR,47862.0,36.447,1.3132,no
2020-06,27101981,IT,HU,137116.0,101.065,1.3567,no
2020-06,27101981,IT,LT,58220.0,42.881,1.3577,no
2020-06,27101981,IT,NL,738493.0,397.762,1.8566,no
2020-06,27101981,IT,PL,442.0,0.038,11.6316,no
2020-06,27101981,IT,PT,33505.0,18.7,1.7917,no
2020-06,27101981,IT,SE,309343.0,196.507,1.5742,no
2020-06,27101981,IT,SI,169010.0,29.449,5.7391,no
2020-06,27101981,IT,SK,4305.0,2.283,1.8857,no
2020-06,27101981,IT,TR,6507.0,2.759,2.3585,no
2020-06,27101981,IT,US,46736.0,21.944,2.1298,no
2020-06,27101983,IT,AT,20283.0,10.823,1.8741,no
2020-06,27101983,IT,BE,79617.0,29.916,2.6614,no
2020-06,27101983,IT,CZ,8378.0,3.657,2.2909,no
2020-06,27101983,IT,DE,224968.0,130.418,1.725,no
2020-06,27101983,IT,DK,2939.0,0.845,3.4781,no
2020-06,27101983,IT,ES,136592.0,124.8,1.0945,no
2020-06,27101983,IT,FR,159302.0,75.901,2.0988,no
2020-06,27101983,IT,GB,2653.0,0.177,14.9887,no
2020-06,27101983,IT,HU,66110.0,73.428,0.9003,no
2020-06,27101983,IT,NL,18936.0,12.598,1.5031,no
2020-06,27101983,IT,PL,50.0,0.002,25.0,no
2020-06,27101983,IT,SE,64844.0,41.358,1.5679,no
2020-06,27101983,IT,SI,674.0,0.252,2.6746,no
2020-06,27101985,IT,AT,78.0,0.002,39.0,no
2020-06,27101985,IT,BE,142614.0,143.792,0.9918,no
2020-06,27101985,IT,DE,434433.0,278.816,1.5581,no
2020-06,27101985,IT,ES,18226.0,25.646,0.7107,no
2020-06,27101985,IT,FR,571856.0,621.809,0.9197,no
2020-06,27101985,IT,GB,21088.0,18.998,1.11,no
2020-06,27101985,IT,HU,454.0,0.254,1.7874,no
2020-06,27101985,IT,IN,421021.0,593.77,0.7091,no
2020-06,27101985,IT,NL,264437.0,239.261,1.1052,no
2020-06,27101985,IT,PL,8.0,0.002,4.0,no
2020-06,27101985,IT,PT,9684.0,5.4,1.7933,no
2020-06,27101987,IT,AL,1422.0,0.882,1.6122,no
2020-06,27101987,IT,AT,3378.0,0.367,9.2044,no
2020-06,27101987,IT,BE,165201.0,42.821,3.8579,no
2020-06,27101987,IT,CZ,8622.0,1.377,6.2614,no
2020-06,27101987,IT,DE,601182.0,95.118,6.3204,no
2020-06,27101987,IT,ES,169328.0,50.797,3.3334,no
2020-06,27101987,IT,FR,717654.0,395.889,1.8128,no
2020-06,27101987,IT,GB,1501.0,0.414,3.6256,no
2020-06,27101987,IT,HR,58.0,0.011,5.2727,no
2020-06,27101987,IT,HU,23411.0,17.903,1.3077,no
2020-06,27101987,IT,JP,67088.0,10.051,6.6748,no
2020-06,27101987,IT,NL,84762.0,38.09,2.2253,no
2020-06,27101987,IT,PL,12.0,0.002,6.0,no
2020-06,27101987,IT,SE,23096.0,5.138,4.4951,no
2020-06,27101987,IT,SI,4060.0,1.138,3.5677,no
2020-06,27101987,IT,SK,536.0,0.24,2.2333,no
2020-06,27101987,IT,TR,17723.0,12.438,1.4249,no
2020-06,27101991,IT,AT,52929.0,15.936,3.3213,no
2020-06,27101991,IT,BE,6307.0,1.775,3.5532,no
2020-06,27101991,IT,BG,2846.0,0.773,3.6818,no
2020-06,27101991,IT,CA,3652.0,0.415,8.8,no
2020-06,27101991,IT,CY,1912.0,0.538,3.5539,no
2020-06,27101991,IT,CZ,6169.0,1.735,3.5556,no
2020-06,27101991,IT,DE,269390.0,110.775,2.4319,no
2020-06,27101991,IT,DK,1046.0,0.294,3.5578,no
2020-06,27101991,IT,ES,18416.0,5.327,3.4571,no
2020-06,27101991,IT,FI,3122.0,0.877,3.5599,no
2020-06,27101991,IT,FR,158451.0,60.266,2.6292,no
2020-06,27101991,IT,GB,185254.0,125.205,1.4796,no
2020-06,27101991,IT,GR,230.0,0.065,3.5385,no
2020-06,27101991,IT,HR,27770.0,7.811,3.5552,no
2020-06,27101991,IT,HU,3404.0,0.957,3.5569,no
2020-06,27101991,IT,JP,10741.0,0.35,30.6886,no
2020-06,27101991,IT,LT,9167.0,2.581,3.5517,no
2020-06,27101991,IT,LU,1099.0,0.309,3.5566,no
2020-06,27101991,IT,LV,12209.0,3.433,3.5564,no
2020-06,27101991,IT,MT,4430.0,1.245,3.5582,no
2020-06,27101991,IT,MX,29307.0,6.86,4.2722,no
2020-06,27101991,IT,NL,20028.0,5.64,3.5511,no
2020-06,27101991,IT,PL,26682.0,7.503,3.5562,no
2020-06,27101991,IT,PT,1247.0,0.352,3.5426,no
2020-06,27101991,IT,RO,17611.0,4.95,3.5578,no
2020-06,27101991,IT,SE,2906.0,0.734,3.9591,no
2020-06,27101991,IT,SI,26224.0,7.381,3.5529,no
2020-06,27101991,IT,SK,11175.0,3.144,3.5544,no
2020-06,27101993,IT,BE,4350.0,4.94,0.8806,no
2020-06,27101993,IT,DE,57557.0,116.248,0.4951,no
2020-06,27101993,IT,FR,109825.0,134.08,0.8191,no
2020-06,27101993,IT,GB,284813.0,181.6,1.5684,no
2020-06,27101993,IT,TR,4525.0,4.038,1.1206,no
2020-06,27101999,IT,AT,31194.0,73.079,0.4269,no
2020-06,27101999,IT,BE,2928395.0,3184.843,0.9195,no
2020-06,27101999,IT,BG,6907.0,3.179,2.1727,no
2020-06,27101999,IT,CA,2836.0,0.259,10.9498,no
2020-06,27101999,IT,CH,80443.0,21.842,3.683,no
2020-06,27101999,IT,CN,1116.0,0.192,5.8125,no
2020-06,27101999,IT,CZ,28117.0,4.861,5.7842,no
2020-06,27101999,IT,DE,1653033.0,827.7,1.9971,no
2020-06,27101999,IT,DK,280.0,0.04,7.0,no
2020-06,27101999,IT,EE,169.0,0.025,6.76,no
2020-06,27101999,IT,ES,1497347.0,2350.603,0.637,no
2020-06,27101999,IT,FI,4644.0,0.664,6.994,no
2020-06,27101999,IT,FR,1847535.0,802.953,2.3009,no
2020-06,27101999,IT,GB,40598.0,52.795,0.769,no
2020-06,27101999,IT,GR,119068.0,96.371,1.2355,no
2020-06,27101999,IT,HR,4440.0,1.112,3.9928,no
2020-06,27101999,IT,HU,93460.0,145.663,0.6416,no
2020-06,27101999,IT,LT,193.0,0.028,6.8929,no
2020-06,27101999,IT,LU,946.0,0.136,6.9559,no
2020-06,27101999,IT,NL,2022064.0,2994.848,0.6752,no
2020-06,27101999,IT,PL,462034.0,1317.465,0.3507,no
2020-06,27101999,IT,PT,289.0,0.042,6.881,no
2020-06,27101999,IT,QV,6372.0,3.6,1.77,no
2020-06,27101999,IT,RO,712.0,0.111,6.4144,no
2020-06,27101999,IT,RU,388709.0,865.047,0.4494,no
2020-06,27101999,IT,SE,59948.0,21.038,2.8495,no
2020-06,27101999,IT,SI,27298.0,4.788,5.7013,no
2020-06,27101999,IT,SK,1454.0,0.21,6.9238,no
2020-06,27101999,IT,TR,31583.0,19.222,1.6431,no
2020-06,27101999,IT,US,148932.0,35.127,4.2398,no
2020-07,27101971,IT,BE,353.0,0.001,353.0,no
2020-07,27101971,IT,DE,191.0,0.002,95.5,no
2020-07,27101971,IT,FR,3251.0,0.286,11.3671,no
2020-07,27101971,IT,TW,168593.0,305.29,0.5522,no
2020-07,27101981,IT,AL,13668.0,6.809,2.0073,no
2020-07,27101981,IT,AT,6996.0,0.964,7.2573,no
2020-07,27101981,IT,BE,1980001.0,882.28,2.2442,no
2020-07,27101981,IT,CN,10783.0,22.464,0.48,no
2020-07,27101981,IT,CY,1158.0,0.276,4.1957,no
2020-07,27101981,IT,CZ,23236.0,4.715,4.9281,no
2020-07,27101981,IT,DE,985164.0,405.362,2.4303,no
2020-07,27101981,IT,DK,4724.0,1.123,4.2066,no
2020-07,27101981,IT,ES,1916937.0,745.528,2.5712,no
2020-07,27101981,IT,FR,2132556.0,1215.395,1.7546,no
2020-07,27101981,IT,GB,23113.0,6.501,3.5553,no
2020-07,27101981,IT,GR,80761.0,62.209,1.2982,no
2020-07,27101981,IT,HU,44772.0,45.944,0.9745,no
2020-07,27101981,IT,LT,59009.0,43.828,1.3464,no
2020-07,27101981,IT,NL,1180592.0,586.978,2.0113,no
2020-07,27101981,IT,PL,8795.0,5.026,1.7499,no
2020-07,27101981,IT,PT,243.0,0.172,1.4128,no
2020-07,27101981,IT,SE,282912.0,194.909,1.4515,no
2020-07,27101981,IT,SI,107985.0,16.575,6.5149,no
2020-07,27101981,IT,SK,6811.0,3.951,1.7239,no
2020-07,27101981,IT,TR,12727.0,5.506,2.3115,no
2020-07,27101981,IT,US,14097.0,3.452,4.0837,no
2020-07,27101983,IT,AT,367.0,0.028,13.1071,no
2020-07,27101983,IT,BE,141555.0,75.982,1.863,no
2020-07,27101983,IT,CZ,10695.0,4.183,2.5568,no
2020-07,27101983,IT,DE,272134.0,157.623,1.7265,no
2020-07,27101983,IT,DK,3199.0,0.889,3.5984,no
2020-07,27101983,IT,ES,106483.0,93.962,1.1333,no
2020-07,27101983,IT,FR,229112.0,139.406,1.6435,no
2020-07,27101983,IT,GB,3294.0,0.532,6.1917,no
2020-07,27101983,IT,GR,13047.0,11.568,1.1279,no
2020-07,27101983,IT,HU,25.0,0.002,12.5,no
2020-07,27101983,IT,NL,31679.0,17.48,1.8123,no
2020-07,27101983,IT,PL,37.0,0.001,37.0,no
2020-07,27101983,IT,SE,49013.0,35.859,1.3668,no
2020-07,27101983,IT,US,5495.0,0.913,6.0186,no
2020-07,27101985,IT,AT,67.0,0.011,6.0909,no
2020-07,27101985,IT,BE,121732.0,124.387,0.9787,no
2020-07,27101985,IT,CZ,59.0,0.007,8.4286,no
2020-07,27101985,IT,DE,491903.0,466.248,1.055,no
2020-07,27101985,IT,ES,144010.0,221.124,0.6513,no
2020-07,27101985,IT,FR,580839.0,715.959,0.8113,no
2020-07,27101985,IT,GB,59920.0,73.049,0.8203,no
2020-07,27101985,IT,IN,278275.0,398.3,0.6987,no
2020-07,27101985,IT,NL,300631.0,271.594,1.1069,no
2020-07,27101985,IT,PL,4.0,0.001,4.0,no
2020-07,27101985,IT,PT,7830.0,4.5,1.74,no
2020-07,27101987,IT,AL,1922.0,1.197,1.6057,no
2020-07,27101987,IT,AT,115.0,0.012,9.5833,no
2020-07,27101987,IT,BE,193567.0,57.446,3.3695,no
2020-07,27101987,IT,CZ,12493.0,2.202,5.6735,no
2020-07,27101987,IT,DE,539191.0,521.569,1.0338,no
2020-07,27101987,IT,ES,127260.0,69.285,1.8368,no
2020-07,27101987,IT,FR,431606.0,226.383,1.9065,no
2020-07,27101987,IT,GB,2666.0,0.481,5.5426,no
2020-07,27101987,IT,HR,421.0,0.089,4.7303,no
2020-07,27101987,IT,HU,510.0,0.026,19.6154,no
2020-07,27101987,IT,NL,92010.0,45.265,2.0327,no
2020-07,27101987,IT,PL,113.0,0.007,16.1429,no
2020-07,27101987,IT,SE,30667.0,6.612,4.6381,no
2020-07,27101987,IT,SK,1320.0,0.52,2.5385,no
2020-07,27101991,IT,AT,47070.0,13.24,3.5551,no
2020-07,27101991,IT,BE,14244.0,5.621,2.5341,no
2020-07,27101991,IT,BG,3069.0,0.864,3.5521,no
2020-07,27101991,IT,CY,2081.0,0.585,3.5573,no
2020-07,27101991,IT,CZ,6717.0,1.889,3.5558,no
2020-07,27101991,IT,DE,462765.0,205.651,2.2502,no
2020-07,27101991,IT,DK,1139.0,0.32,3.5594,no
2020-07,27101991,IT,EE,206.0,0.059,3.4915,no
2020-07,27101991,IT,ES,33397.0,13.066,2.556,no
2020-07,27101991,IT,FI,3399.0,0.955,3.5592,no
2020-07,27101991,IT,FR,133232.0,53.568,2.4872,no
2020-07,27101991,IT,GB,154234.0,102.889,1.499,no
2020-07,27101991,IT,GR,250.0,0.071,3.5211,no
2020-07,27101991,IT,HR,30232.0,8.504,3.555,no
2020-07,27101991,IT,HU,3706.0,1.044,3.5498,no
2020-07,27101991,IT,LT,9977.0,2.808,3.5531,no
2020-07,27101991,IT,LU,1196.0,0.336,3.5595,no
2020-07,27101991,IT,LV,13292.0,3.738,3.5559,no
2020-07,27101991,IT,MT,4823.0,1.355,3.5594,no
2020-07,27101991,IT,MX,43524.0,9.36,4.65,no
2020-07,27101991,IT,NL,21801.0,6.136,3.553,no
2020-07,27101991,IT,PL,29257.0,8.229,3.5554,no
2020-07,27101991,IT,PT,1357.0,0.382,3.5524,no
2020-07,27101991,IT,RO,19173.0,5.389,3.5578,no
2020-07,27101991,IT,SE,180.0,0.051,3.5294,no
2020-07,27101991,IT,SI,28552.0,8.037,3.5526,no
2020-07,27101991,IT,SK,12167.0,3.425,3.5524,no
2020-07,27101993,IT,BE,58514.0,72.078,0.8118,no
2020-07,27101993,IT,DE,104633.0,153.307,0.6825,no
2020-07,27101993,IT,FR,101357.0,136.0,0.7453,no
2020-07,27101993,IT,GB,171107.0,109.1,1.5684,no
2020-07,27101999,IT,AL,1620.0,1.225,1.3224,no
2020-07,27101999,IT,AT,14672.0,1.7,8.6306,no
2020-07,27101999,IT,BE,3244163.0,3787.269,0.8566,no
2020-07,27101999,IT,BG,23244.0,14.402,1.6139,no
2020-07,27101999,IT,CH,133753.0,34.002,3.9337,no
2020-07,27101999,IT,CZ,28462.0,4.862,5.854,no
2020-07,27101999,IT,DE,2727165.0,1356.557,2.0104,no
2020-07,27101999,IT,DK,305.0,0.044,6.9318,no
2020-07,27101999,IT,EE,297.0,0.036,8.25,no
2020-07,27101999,IT,ES,3494757.0,5870.222,0.5953,no
2020-07,27101999,IT,FI,5095.0,0.724,7.0373,no
2020-07,27101999,IT,FR,2398943.0,1319.973,1.8174,no
2020-07,27101999,IT,GB,43354.0,6.006,7.2184,no
2020-07,27101999,IT,GR,1628932.0,7279.59,0.2238,no
2020-07,27101999,IT,HR,3072.0,0.527,5.8292,no
2020-07,27101999,IT,HU,216367.0,407.081,0.5315,no
2020-07,27101999,IT,IN,11937.0,14.94,0.799,no
2020-07,27101999,IT,JP,9973.0,0.269,37.0743,no
2020-07,27101999,IT,LT,210.0,0.03,7.0,no
2020-07,27101999,IT,LU,2469.0,0.174,14.1897,no
2020-07,27101999,IT,MY,2200256.0,3997.875,0.5504,no
2020-07,27101999,IT,NL,2287320.0,3352.396,0.6823,no
2020-07,27101999,IT,PL,557168.0,1608.764,0.3463,no
2020-07,27101999,IT,PT,940.0,0.38,2.4737,no
2020-07,27101999,IT,RO,755.0,0.109,6.9266,no
2020-07,27101999,IT,RU,237583.0,727.651,0.3265,no
2020-07,27101999,IT,SE,38325.0,33.083,1.1584,no
2020-07,27101999,IT,SI,15975.0,2.562,6.2354,no
2020-07,27101999,IT,SK,1582.0,0.228,6.9386,no
2020-07,27101999,IT,TR,52905.0,24.97,2.1187,no
2020-07,27101999,IT,UA,11974.0,10.08,1.1879,no
2020-07,27101999,IT,US,151126.0,13.538,11.1631,no
2020-08,27101971,IT,BE,274.0,0.001,274.0,no
2020-08,27101971,IT,DE,3019.0,0.653,4.6233,no
2020-08,27101971,IT,FR,129011.0,0.686,188.0627,no
2020-08,27101971,IT,KR,463552.0,1017.17,0.4557,no
2020-08,27101971,IT,TW,240387.0,423.07,0.5682,no
2020-08,27101981,IT,AL,21222.0,12.567,1.6887,no
2020-08,27101981,IT,AT,1200.0,0.138,8.6957,no
2020-08,27101981,IT,BE,1667144.0,755.583,2.2064,no
2020-08,27101981,IT,CH,6858.0,0.196,34.9898,no
2020-08,27101981,IT,CY,821.0,0.194,4.232,no
2020-08,27101981,IT,CZ,36886.0,7.476,4.9339,no
2020-08,27101981,IT,DE,783408.0,292.506,2.6783,no
2020-08,27101981,IT,DK,3352.0,0.789,4.2484,no
2020-08,27101981,IT,ES,1336092.0,639.265,2.09,no
2020-08,27101981,IT,FR,1446657.0,790.311,1.8305,no
2020-08,27101981,IT,GB,29647.0,8.295,3.5741,no
2020-08,27101981,IT,GR,41337.0,24.195,1.7085,no
2020-08,27101981,IT,HU,181671.0,112.836,1.61,no
2020-08,27101981,IT,LT,156296.0,62.694,2.493,no
2020-08,27101981,IT,NL,670192.0,348.335,1.924,no
2020-08,27101981,IT,PL,28463.0,16.434,1.732,no
2020-08,27101981,IT,RO,55.0,0.006,9.1667,no
2020-08,27101981,IT,SE,309301.0,165.477,1.8691,no
2020-08,27101981,IT,SI,2415.0,0.439,5.5011,no
2020-08,27101981,IT,SK,8.0,0.001,8.0,no
2020-08,27101981,IT,TR,14591.0,7.75,1.8827,no
2020-08,27101981,IT,UA,3050.0,1.737,1.7559,no
2020-08,27101981,IT,US,31480.0,1.31,24.0305,no
2020-08,27101983,IT,AT,50.0,0.002,25.0,no
2020-08,27101983,IT,BE,98536.0,50.576,1.9483,no
2020-08,27101983,IT,CZ,3764.0,1.472,2.5571,no
2020-08,27101983,IT,DE,176270.0,97.146,1.8145,no
2020-08,27101983,IT,DK,2270.0,0.638,3.558,no
2020-08,27101983,IT,ES,135733.0,133.487,1.0168,no
2020-08,27101983,IT,FR,196494.0,103.845,1.8922,no
2020-08,27101983,IT,GB,18083.0,7.727,2.3402,no
2020-08,27101983,IT,GR,29625.0,19.646,1.5079,no
2020-08,27101983,IT,HR,3.0,0.001,3.0,no
2020-08,27101983,IT,HU,127121.0,168.115,0.7562,no
2020-08,27101983,IT,JP,1312.0,0.041,32.0,no
2020-08,27101983,IT,NL,59207.0,37.124,1.5948,no
2020-08,27101983,IT,PL,264.0,0.005,52.8,no
2020-08,27101983,IT,SE,52065.0,44.336,1.1743,no
2020-08,27101983,IT,SI,1.0,0.001,1.0,no
2020-08,27101983,IT,US,1303.0,0.054,24.1296,no
2020-08,27101985,IT,AT,87.0,0.001,87.0,no
2020-08,27101985,IT,BE,77271.0,82.743,0.9339,no
2020-08,27101985,IT,DE,632688.0,304.632,2.0769,no
2020-08,27101985,IT,DK,2232.0,0.36,6.2,no
2020-08,27101985,IT,ES,153306.0,246.329,0.6224,no
2020-08,27101985,IT,FR,343521.0,430.782,0.7974,no
2020-08,27101985,IT,HU,6537.0,5.686,1.1497,no
2020-08,27101985,IT,IN,42222.0,59.89,0.705,no
2020-08,27101985,IT,JP,2900.0,0.749,3.8718,no
2020-08,27101985,IT,NL,222352.0,204.512,1.0872,no
2020-08,27101985,IT,PT,9972.0,5.4,1.8467,no
2020-08,27101987,IT,AT,120.0,0.011,10.9091,no
2020-08,27101987,IT,BE,65096.0,28.765,2.263,no
2020-08,27101987,IT,CZ,2612.0,0.765,3.4144,no
2020-08,27101987,IT,DE,247629.0,309.618,0.7998,no
2020-08,27101987,IT,ES,118070.0,58.706,2.0112,no
2020-08,27101987,IT,FR,309184.0,157.924,1.9578,no
2020-08,27101987,IT,GB,1554.0,0.392,3.9643,no
2020-08,27101987,IT,GR,7233.0,3.625,1.9953,no
2020-08,27101987,IT,HU,31973.0,21.698,1.4735,no
2020-08,27101987,IT,NL,59399.0,37.999,1.5632,no
2020-08,27101987,IT,PL,59.0,0.007,8.4286,no
2020-08,27101987,IT,SE,16160.0,5.572,2.9002,no
2020-08,27101987,IT,TR,2991.0,2.709,1.1041,no
2020-08,27101991,IT,AT,33029.0,9.293,3.5542,no
2020-08,27101991,IT,BE,8199.0,3.132,2.6178,no
2020-08,27101991,IT,BG,2106.0,0.594,3.5455,no
2020-08,27101991,IT,CY,1477.0,0.415,3.559,no
2020-08,27101991,IT,CZ,4765.0,1.34,3.556,no
2020-08,27101991,IT,DE,220992.0,75.62,2.9224,no
2020-08,27101991,IT,DK,808.0,0.227,3.5595,no
2020-08,27101991,IT,ES,15080.0,4.742,3.1801,no
2020-08,27101991,IT,FI,2412.0,0.678,3.5575,no
2020-08,27101991,IT,FR,128996.0,52.344,2.4644,no
2020-08,27101991,IT,GB,226846.0,155.213,1.4615,no
2020-08,27101991,IT,GR,178.0,0.05,3.56,no
2020-08,27101991,IT,HR,21278.0,5.986,3.5546,no
2020-08,27101991,IT,HU,2630.0,0.74,3.5541,no
2020-08,27101991,IT,LT,6982.0,1.967,3.5496,no
2020-08,27101991,IT,LU,849.0,0.239,3.5523,no
2020-08,27101991,IT,LV,9430.0,2.653,3.5545,no
2020-08,27101991,IT,MT,3422.0,0.962,3.5572,no
2020-08,27101991,IT,MX,17554.0,3.42,5.1327,no
2020-08,27101991,IT,NL,15283.0,4.303,3.5517,no
2020-08,27101991,IT,PL,20417.0,5.744,3.5545,no
2020-08,27101991,IT,PT,964.0,0.272,3.5441,no
2020-08,27101991,IT,RO,13603.0,3.826,3.5554,no
2020-08,27101991,IT,SE,128.0,0.036,3.5556,no
2020-08,27101991,IT,SI,20069.0,5.652,3.5508,no
2020-08,27101991,IT,SK,8437.0,2.376,3.5509,no
2020-08,27101993,IT,BE,39879.0,54.78,0.728,no
2020-08,27101993,IT,DE,38339.0,58.117,0.6597,no
2020-08,27101993,IT,ES,910.0,0.846,1.0757,no
2020-08,27101993,IT,FR,42412.0,55.36,0.7661,no
2020-08,27101993,IT,GB,27100.0,17.28,1.5683,no
2020-08,27101999,IT,AE,33600.0,42.0,0.8,no
2020-08,27101999,IT,AT,47803.0,186.192,0.2567,no
2020-08,27101999,IT,AU,38400.0,10.8,3.5556,no
2020-08,27101999,IT,BE,2618555.0,3137.411,0.8346,no
2020-08,27101999,IT,BG,9439.0,4.184,2.256,no
2020-08,27101999,IT,CA,9146.0,0.873,10.4765,no
2020-08,27101999,IT,CH,92655.0,23.359,3.9666,no
2020-08,27101999,IT,CZ,15288.0,2.623,5.8284,no
2020-08,27101999,IT,DE,1538068.0,581.421,2.6454,no
2020-08,27101999,IT,DK,707.0,0.04,17.675,no
2020-08,27101999,IT,EE,130.0,0.019,6.8421,no
2020-08,27101999,IT,ES,2798465.0,4329.376,0.6464,no
2020-08,27101999,IT,FI,3588.0,0.516,6.9535,no
2020-08,27101999,IT,FR,1489643.0,1486.986,1.0018,no
2020-08,27101999,IT,GB,457816.0,706.611,0.6479,no
2020-08,27101999,IT,GR,3092335.0,14082.954,0.2196,no
2020-08,27101999,IT,HR,1691.0,0.245,6.902,no
2020-08,27101999,IT,HU,51743.0,97.364,0.5314,no
2020-08,27101999,IT,IN,1349.0,0.041,32.9024,no
2020-08,27101999,IT,KR,46639.0,75.7,0.6161,no
2020-08,27101999,IT,LT,149.0,0.022,6.7727,no
2020-08,27101999,IT,LU,898.0,0.107,8.3925,no
2020-08,27101999,IT,NL,3139296.0,6075.58,0.5167,no
2020-08,27101999,IT,PL,265410.0,745.034,0.3562,no
2020-08,27101999,IT,PT,223.0,0.033,6.7576,no
2020-08,27101999,IT,RO,535.0,0.078,6.859,no
2020-08,27101999,IT,RU,191814.0,587.35,0.3266,no
2020-08,27101999,IT,SE,40515.0,60.381,0.671,no
2020-08,27101999,IT,SI,18140.0,2.898,6.2595,no
2020-08,27101999,IT,SK,1122.0,0.162,6.9259,no
2020-08,27101999,IT,TR,75363.0,51.881,1.4526,no
2020-08,27101999,IT,US,54994.0,4.906,11.2095,no
2020-09,27101971,IT,BE,20370.0,0.605,33.6694,no
2020-09,27101971,IT,DE,25410.0,1.355,18.7528,no
2020-09,27101971,IT,FR,2471.0,0.04,61.775,no
2020-09,27101971,IT,KR,354598.0,866.01,0.4095,no
2020-09,27101971,IT,TW,267272.0,421.03,0.6348,no
2020-09,27101981,IT,AL,35854.0,22.544,1.5904,no
2020-09,27101981,IT,AT,5361.0,1.292,4.1494,no
2020-09,27101981,IT,BE,3241270.0,1584.427,2.0457,no
2020-09,27101981,IT,BG,106.0,0.025,4.24,no
2020-09,27101981,IT,CA,1220.0,0.075,16.2667,no
2020-09,27101981,IT,CY,1248.0,0.293,4.2594,no
2020-09,27101981,IT,CZ,30050.0,5.49,5.4736,no
2020-09,27101981,IT,DE,817396.0,233.297,3.5037,no
2020-09,27101981,IT,DK,133063.0,351.185,0.3789,no
2020-09,27101981,IT,ES,776779.0,378.768,2.0508,no
2020-09,27101981,IT,FR,1484553.0,854.36,1.7376,no
2020-09,27101981,IT,GB,29291.0,9.439,3.1032,no
2020-09,27101981,IT,GR,250065.0,169.382,1.4763,no
2020-09,27101981,IT,HU,149466.0,94.834,1.5761,no
2020-09,27101981,IT,LT,31799.0,21.933,1.4498,no
2020-09,27101981,IT,NL,826168.0,383.844,2.1524,no
2020-09,27101981,IT,PL,8918.0,1.161,7.6813,no
2020-09,27101981,IT,SE,280793.0,179.303,1.566,no
2020-09,27101981,IT,SI,81942.0,24.179,3.389,no
2020-09,27101981,IT,SK,1983.0,0.994,1.995,no
2020-09,27101981,IT,TR,26720.0,10.601,2.5205,no
2020-09,27101981,IT,UA,2815.0,2.044,1.3772,no
2020-09,27101981,IT,US,24374.0,6.157,3.9587,no
2020-09,27101983,IT,AL,2106.0,1.415,1.4883,no
2020-09,27101983,IT,AT,18543.0,8.049,2.3038,no
2020-09,27101983,IT,BE,604740.0,252.678,2.3933,no
2020-09,27101983,IT,CH,1148.0,0.25,4.592,no
2020-09,27101983,IT,CZ,16587.0,6.654,2.4928,no
2020-09,27101983,IT,DE,222830.0,126.846,1.7567,no
2020-09,27101983,IT,DK,3608.0,0.998,3.6152,no
2020-09,27101983,IT,ES,90405.0,81.918,1.1036,no
2020-09,27101983,IT,FR,184499.0,107.554,1.7154,no
2020-09,27101983,IT,GB,11104.0,2.355,4.7151,no
2020-09,27101983,IT,GR,17731.0,14.042,1.2627,no
2020-09,27101983,IT,HR,131.0,0.025,5.24,no
2020-09,27101983,IT,HU,145489.0,181.822,0.8002,no
2020-09,27101983,IT,NL,18142.0,11.239,1.6142,no
2020-09,27101983,IT,SE,34326.0,23.246,1.4766,no
2020-09,27101983,IT,SI,1210.0,1.77,0.6836,no
2020-09,27101983,IT,US,2106.0,0.907,2.3219,no
2020-09,27101985,IT,AT,122.0,0.004,30.5,no
2020-09,27101985,IT,BE,198966.0,208.632,0.9537,no
2020-09,27101985,IT,DE,417947.0,266.47,1.5685,no
2020-09,27101985,IT,ES,3036.0,1.684,1.8029,no
2020-09,27101985,IT,FR,525261.0,531.204,0.9888,no
2020-09,27101985,IT,GB,133.0,0.074,1.7973,no
2020-09,27101985,IT,HU,3528.0,2.236,1.5778,no
2020-09,27101985,IT,IN,340318.0,496.65,0.6852,no
2020-09,27101985,IT,NL,446132.0,420.686,1.0605,no
2020-09,27101985,IT,PT,4842.0,2.7,1.7933,no
2020-09,27101987,IT,AL,9629.0,6.511,1.4789,no
2020-09,27101987,IT,AT,94.0,0.007,13.4286,no
2020-09,27101987,IT,BE,129053.0,46.231,2.7915,no
2020-09,27101987,IT,CZ,11115.0,2.28,4.875,no
2020-09,27101987,IT,DE,450748.0,86.181,5.2302,no
2020-09,27101987,IT,ES,67234.0,38.925,1.7273,no
2020-09,27101987,IT,FR,406320.0,681.561,0.5962,no
2020-09,27101987,IT,GB,56124.0,6.015,9.3307,no
2020-09,27101987,IT,GR,13835.0,6.649,2.0808,no
2020-09,27101987,IT,HU,33832.0,26.795,1.2626,no
2020-09,27101987,IT,NL,125310.0,1926.873,0.065,no
2020-09,27101987,IT,SE,35263.0,12.376,2.8493,no
2020-09,27101987,IT,SI,1008.0,1.785,0.5647,no
2020-09,27101987,IT,SK,667.0,383.68,0.0017,no
2020-09,27101987,IT,TH,48448.0,5.452,8.8863,no
2020-09,27101987,IT,TR,7773.0,6.109,1.2724,no
2020-09,27101987,IT,US,2011.0,0.738,2.7249,no
2020-09,27101991,IT,AT,51257.0,14.307,3.5827,no
2020-09,27101991,IT,BE,8374.0,2.245,3.7301,no
2020-09,27101991,IT,BG,3310.0,0.932,3.5515,no
2020-09,27101991,IT,CY,2244.0,0.631,3.5563,no
2020-09,27101991,IT,CZ,7240.0,2.037,3.5542,no
2020-09,27101991,IT,DE,384169.0,150.231,2.5572,no
2020-09,27101991,IT,DK,1228.0,0.345,3.5594,no
2020-09,27101991,IT,EE,222.0,0.063,3.5238,no
2020-09,27101991,IT,ES,21699.0,6.6,3.2877,no
2020-09,27101991,IT,FI,3665.0,1.03,3.5583,no
2020-09,27101991,IT,FR,155848.0,66.892,2.3298,no
2020-09,27101991,IT,GB,362687.0,248.226,1.4611,no
2020-09,27101991,IT,GR,270.0,0.076,3.5526,no
2020-09,27101991,IT,HR,32909.0,9.258,3.5547,no
2020-09,27101991,IT,HU,3997.0,1.125,3.5529,no
2020-09,27101991,IT,LT,10861.0,3.059,3.5505,no
2020-09,27101991,IT,LU,1290.0,0.363,3.5537,no
2020-09,27101991,IT,LV,14331.0,4.03,3.5561,no
2020-09,27101991,IT,MT,5200.0,1.461,3.5592,no
2020-09,27101991,IT,MX,22803.0,4.83,4.7211,no
2020-09,27101991,IT,NL,23509.0,6.618,3.5523,no
2020-09,27101991,IT,PL,31543.0,8.872,3.5553,no
2020-09,27101991,IT,PT,1463.0,0.412,3.551,no
2020-09,27101991,IT,RO,20772.0,5.84,3.5568,no
2020-09,27101991,IT,SE,195.0,0.055,3.5455,no
2020-09,27101991,IT,SI,30883.0,8.69,3.5539,no
2020-09,27101991,IT,SK,13118.0,3.692,3.5531,no
2020-09,27101993,IT,BE,90238.0,67.446,1.3379,no
2020-09,27101993,IT,DE,4225.0,0.985,4.2893,no
2020-09,27101993,IT,ES,298.0,0.181,1.6464,no
2020-09,27101993,IT,FR,174665.0,219.341,0.7963,no
2020-09,27101993,IT,GB,725423.0,303.66,2.3889,no
2020-09,27101999,IT,AE,14170.0,11.284,1.2558,no
2020-09,27101999,IT,AT,22325.0,50.938,0.4383,no
2020-09,27101999,IT,BE,3694238.0,4403.531,0.8389,no
2020-09,27101999,IT,BG,1895.0,0.272,6.9669,no
2020-09,27101999,IT,CH,157486.0,33.854,4.6519,no
2020-09,27101999,IT,CZ,31154.0,5.074,6.1399,no
2020-09,27101999,IT,DE,2230519.0,1237.485,1.8025,no
2020-09,27101999,IT,DK,477.0,0.049,9.7347,no
2020-09,27101999,IT,EE,198.0,0.029,6.8276,no
2020-09,27101999,IT,ES,3802123.0,6069.669,0.6264,no
2020-09,27101999,IT,FI,5452.0,0.782,6.9719,no
2020-09,27101999,IT,FR,1664078.0,1253.796,1.3272,no
2020-09,27101999,IT,GB,766758.0,1572.988,0.4875,no
2020-09,27101999,IT,GR,157724.0,169.905,0.9283,no
2020-09,27101999,IT,HR,2723.0,0.39,6.9821,no
2020-09,27101999,IT,HU,639881.0,1246.503,0.5133,no
2020-09,27101999,IT,JP,39536.0,6.911,5.7207,no
2020-09,27101999,IT,KR,47049.0,75.65,0.6219,no
2020-09,27101999,IT,LT,226.0,0.033,6.8485,no
2020-09,27101999,IT,LU,1565.0,0.163,9.6012,no
2020-09,27101999,IT,NL,1721504.0,2705.973,0.6362,no
2020-09,27101999,IT,PL,659949.0,1660.566,0.3974,no
2020-09,27101999,IT,PT,955.0,0.097,9.8454,no
2020-09,27101999,IT,QV,6995.0,3.86,1.8122,no
2020-09,27101999,IT,RO,864.0,0.119,7.2605,no
2020-09,27101999,IT,RU,383231.0,1036.644,0.3697,no
2020-09,27101999,IT,SE,92095.0,64.6,1.4256,no
2020-09,27101999,IT,SI,69419.0,13.633,5.092,no
2020-09,27101999,IT,SK,1706.0,0.247,6.9069,no
2020-09,27101999,IT,TR,35542.0,21.639,1.6425,no
2020-09,27101999,IT,UA,1582.0,0.774,2.0439,no
2020-09,27101999,IT,US,88596.0,25.227,3.512,no
2020-10,27101971,IT,DE,1756.0,0.328,5.3537,no
2020-10,27101971,IT,FR,2319.0,0.302,7.6788,no
2020-10,27101971,IT,KR,204902.0,434.61,0.4715,no
2020-10,27101971,IT,NL,6.0,0.001,6.0,no
2020-10,27101971,IT,RO,73.0,0.012,6.0833,no
2020-10,27101971,IT,TW,434985.0,706.01,0.6161,no
2020-10,27101981,IT,AE,11529.0,7.396,1.5588,no
2020-10,27101981,IT,AL,27490.0,18.56,1.4811,no
2020-10,27101981,IT,AT,15424.0,4.604,3.3501,no
2020-10,27101981,IT,BE,2359254.0,1253.788,1.8817,no
2020-10,27101981,IT,BG,110.0,0.026,4.2308,no
2020-10,27101981,IT,CY,1293.0,0.296,4.3682,no
2020-10,27101981,IT,CZ,24447.0,2.975,8.2175,no
2020-10,27101981,IT,DE,1000239.0,457.766,2.185,no
2020-10,27101981,IT,DK,24974.0,61.585,0.4055,no
2020-10,27101981,IT,EG,12892.0,11.429,1.128,no
2020-10,27101981,IT,ES,1015468.0,568.056,1.7876,no
2020-10,27101981,IT,FR,1703189.0,947.848,1.7969,no
2020-10,27101981,IT,GB,32084.0,9.23,3.4761,no
2020-10,27101981,IT,GR,762596.0,506.052,1.507,no
2020-10,27101981,IT,HU,247780.0,168.374,1.4716,no
2020-10,27101981,IT,LT,94490.0,48.69,1.9406,no
2020-10,27101981,IT,NL,1031364.0,534.524,1.9295,no
2020-10,27101981,IT,PL,275558.0,42.067,6.5505,no
2020-10,27101981,IT,SE,284686.0,158.712,1.7937,no
2020-10,27101981,IT,SI,19282.0,3.569,5.4026,no
2020-10,27101981,IT,SK,6.0,0.001,6.0,no
2020-10,27101981,IT,TR,43456.0,27.977,1.5533,no
2020-10,27101981,IT,US,150018.0,58.952,2.5447,no
2020-10,27101983,IT,AT,19017.0,9.899,1.9211,no
2020-10,27101983,IT,BE,653928.0,306.635,2.1326,no
2020-10,27101983,IT,CZ,14420.0,6.193,2.3284,no
2020-10,27101983,IT,DE,267439.0,155.047,1.7249,no
2020-10,27101983,IT,DK,3881.0,1.054,3.6822,no
2020-10,27101983,IT,ES,105360.0,96.35,1.0935,no
2020-10,27101983,IT,FR,124667.0,495.306,0.2517,no
2020-10,27101983,IT,GB,1907.0,0.429,4.4452,no
2020-10,27101983,IT,GR,97868.0,66.569,1.4702,no
2020-10,27101983,IT,HR,313.0,0.043,7.2791,no
2020-10,27101983,IT,HU,101067.0,111.803,0.904,no
2020-10,27101983,IT,NL,64702.0,45.814,1.4123,no
2020-10,27101983,IT,PL,952.0,0.009,105.7778,no
2020-10,27101983,IT,SE,57641.0,30.403,1.8959,no
2020-10,27101985,IT,AT,226.0,0.026,8.6923,no
2020-10,27101985,IT,BE,111766.0,111.749,1.0002,no
2020-10,27101985,IT,DE,685796.0,701.43,0.9777,no
2020-10,27101985,IT,ES,10323.0,10.197,1.0124,no
2020-10,27101985,IT,FI,124.0,0.002,62.0,no
2020-10,27101985,IT,FR,291861.0,288.798,1.0106,no
2020-10,27101985,IT,GB,121651.0,189.659,0.6414,no
2020-10,27101985,IT,HU,4655.0,3.26,1.4279,no
2020-10,27101985,IT,IN,349130.0,493.4,0.7076,no
2020-10,27101985,IT,NL,227735.0,203.663,1.1182,no
2020-10,27101985,IT,NO,3729.0,0.72,5.1792,no
2020-10,27101985,IT,PL,3.0,0.002,1.5,no
2020-10,27101985,IT,PT,9684.0,5.4,1.7933,no
2020-10,27101987,IT,AL,2892.0,1.598,1.8098,no
2020-10,27101987,IT,AT,577.0,0.009,64.1111,no
2020-10,27101987,IT,BE,82848.0,38.944,2.1274,no
2020-10,27101987,IT,CZ,7687.0,2.083,3.6904,no
2020-10,27101987,IT,DE,472363.0,98.09,4.8156,no
2020-10,27101987,IT,ES,89528.0,45.27,1.9776,no
2020-10,27101987,IT,FR,369643.0,518.572,0.7128,no
2020-10,27101987,IT,GB,2718.0,0.776,3.5026,no
2020-10,27101987,IT,GR,56483.0,39.679,1.4235,no
2020-10,27101987,IT,HR,189.0,0.013,14.5385,no
2020-10,27101987,IT,HU,13798.0,9.419,1.4649,no
2020-10,27101987,IT,IN,3027.0,0.589,5.1392,no
2020-10,27101987,IT,NL,96206.0,50.336,1.9113,no
2020-10,27101987,IT,PL,151.0,0.009,16.7778,no
2020-10,27101987,IT,SE,28245.0,9.516,2.9682,no
2020-10,27101987,IT,SI,2467.0,0.652,3.7837,no
2020-10,27101987,IT,TR,7353.0,5.419,1.3569,no
2020-10,27101987,IT,US,3718.0,1.15,3.233,no
2020-10,27101991,IT,AT,53312.0,13.938,3.8249,no
2020-10,27101991,IT,BE,16589.0,6.799,2.4399,no
2020-10,27101991,IT,BG,3563.0,0.904,3.9414,no
2020-10,27101991,IT,CY,2324.0,0.607,3.8287,no
2020-10,27101991,IT,CZ,7500.0,1.96,3.8265,no
2020-10,27101991,IT,DE,339542.0,142.714,2.3792,no
2020-10,27101991,IT,DK,1272.0,0.333,3.8198,no
2020-10,27101991,IT,EE,230.0,0.061,3.7705,no
2020-10,27101991,IT,ES,35184.0,12.315,2.857,no
2020-10,27101991,IT,FI,3796.0,0.992,3.8266,no
2020-10,27101991,IT,FR,139645.0,50.789,2.7495,no
2020-10,27101991,IT,GB,367772.0,251.554,1.462,no
2020-10,27101991,IT,GR,280.0,0.074,3.7838,no
2020-10,27101991,IT,HR,34087.0,8.911,3.8253,no
2020-10,27101991,IT,HU,4140.0,1.083,3.8227,no
2020-10,27101991,IT,LT,11248.0,2.945,3.8194,no
2020-10,27101991,IT,LU,1336.0,0.349,3.8281,no
2020-10,27101991,IT,LV,14844.0,3.879,3.8268,no
2020-10,27101991,IT,MT,5386.0,1.407,3.828,no
2020-10,27101991,IT,MX,41978.0,8.768,4.7876,no
2020-10,27101991,IT,NL,24455.0,6.383,3.8313,no
2020-10,27101991,IT,PL,32759.0,8.56,3.827,no
2020-10,27101991,IT,PT,1516.0,0.398,3.809,no
2020-10,27101991,IT,RO,21516.0,5.623,3.8264,no
2020-10,27101991,IT,SE,201.0,0.053,3.7925,no
2020-10,27101991,IT,SI,31990.0,8.369,3.8224,no
2020-10,27101991,IT,SK,13586.0,3.557,3.8195,no
2020-10,27101993,IT,BE,179499.0,132.07,1.3591,no
2020-10,27101993,IT,DE,74840.0,116.81,0.6407,no
2020-10,27101993,IT,FR,172666.0,219.021,0.7884,no
2020-10,27101993,IT,GB,89970.0,40.98,2.1955,no
2020-10,27101999,IT,AT,26931.0,97.148,0.2772,no
2020-10,27101999,IT,BE,3306368.0,4088.068,0.8088,no
2020-10,27101999,IT,BG,5541.0,1.975,2.8056,no
2020-10,27101999,IT,BY,27118.0,52.15,0.52,no
2020-10,27101999,IT,CH,88929.0,24.276,3.6632,no
2020-10,27101999,IT,CZ,26804.0,4.586,5.8447,no
2020-10,27101999,IT,DE,2285585.0,1604.718,1.4243,no
2020-10,27101999,IT,DK,474.0,0.051,9.2941,no
2020-10,27101999,IT,EE,318.0,0.039,8.1538,no
2020-10,27101999,IT,ES,5383990.0,8532.64,0.631,no
2020-10,27101999,IT,FI,22925.0,0.813,28.198,no
2020-10,27101999,IT,FR,1699263.0,2296.001,0.7401,no
2020-10,27101999,IT,GB,6035677.0,13730.996,0.4396,no
2020-10,27101999,IT,GR,89906.0,77.56,1.1592,no
2020-10,27101999,IT,HR,7015.0,1.415,4.9576,no
2020-10,27101999,IT,HU,674075.0,1263.48,0.5335,no
2020-10,27101999,IT,IE,1195.0,0.002,597.5,no
2020-10,27101999,IT,IN,22194.0,21.75,1.0204,no
2020-10,27101999,IT,LT,235.0,0.034,6.9118,no
2020-10,27101999,IT,LU,1448.0,0.17,8.5176,no
2020-10,27101999,IT,NL,4223203.0,6656.527,0.6344,no
2020-10,27101999,IT,PL,495785.0,1114.146,0.445,no
2020-10,27101999,IT,PT,465.0,0.068,6.8382,no
2020-10,27101999,IT,QV,2487.0,1.511,1.6459,no
2020-10,27101999,IT,RO,1031.0,0.307,3.3583,no
2020-10,27101999,IT,RU,453276.0,1058.285,0.4283,no
2020-10,27101999,IT,SE,16465.0,6.588,2.4992,no
2020-10,27101999,IT,SI,31023.0,6.938,4.4715,no
2020-10,27101999,IT,SK,1767.0,0.255,6.9294,no
2020-10,27101999,IT,TR,67572.0,46.323,1.4587,no
2020-10,27101999,IT,US,154894.0,27.657,5.6005,no
2020-11,27101971,IT,DE,1611.0,0.327,4.9266,no
2020-11,27101971,IT,FR,255.0,0.061,4.1803,no
2020-11,27101971,IT,KR,124172.0,280.99,0.4419,no
2020-11,27101971,IT,RO,92.0,0.015,6.1333,no
2020-11,27101971,IT,TW,433817.0,706.22,0.6143,no
2020-11,27101981,IT,AL,12575.0,8.669,1.4506,no
2020-11,27101981,IT,AT,42526.0,7.294,5.8303,no
2020-11,27101981,IT,BE,1188001.0,494.248,2.4037,no
2020-11,27101981,IT,BG,109.0,0.024,4.5417,no
2020-11,27101981,IT,CY,1280.0,0.282,4.539,no
2020-11,27101981,IT,CZ,50275.0,8.277,6.0741,no
2020-11,27101981,IT,DE,1583851.0,680.782,2.3265,no
2020-11,27101981,IT,DK,252504.0,947.427,0.2665,no
2020-11,27101981,IT,ES,1216323.0,499.948,2.4329,no
2020-11,27101981,IT,FR,1271543.0,772.705,1.6456,no
2020-11,27101981,IT,GB,22025.0,7.635,2.8847,no
2020-11,27101981,IT,GR,280299.0,196.142,1.4291,no
2020-11,27101981,IT,HR,923.0,0.007,131.8571,no
2020-11,27101981,IT,HU,173335.0,114.731,1.5108,no
2020-11,27101981,IT,NL,884106.0,415.095,2.1299,no
2020-11,27101981,IT,PL,285330.0,42.433,6.7242,no
2020-11,27101981,IT,SE,248706.0,163.605,1.5202,no
2020-11,27101981,IT,SI,47927.0,6.926,6.9199,no
2020-11,27101981,IT,SK,4953.0,0.7,7.0757,no
2020-11,27101981,IT,TR,23906.0,7.847,3.0465,no
2020-11,27101981,IT,UA,2813.0,1.864,1.5091,no
2020-11,27101981,IT,US,19383.0,5.338,3.6311,no
2020-11,27101983,IT,AT,869.0,0.19,4.5737,no
2020-11,27101983,IT,BE,142015.0,91.927,1.5449,no
2020-11,27101983,IT,CZ,10239.0,3.596,2.8473,no
2020-11,27101983,IT,DE,296401.0,174.75,1.6961,no
2020-11,27101983,IT,DK,3538.0,1.035,3.4184,no
2020-11,27101983,IT,ES,65435.0,41.882,1.5624,no
2020-11,27101983,IT,FR,102531.0,46.135,2.2224,no
2020-11,27101983,IT,GB,19344.0,8.911,2.1708,no
2020-11,27101983,IT,GR,27863.0,19.404,1.4359,no
2020-11,27101983,IT,HR,222.0,0.045,4.9333,no
2020-11,27101983,IT,HU,133499.0,136.843,0.9756,no
2020-11,27101983,IT,NL,56157.0,34.698,1.6185,no
2020-11,27101983,IT,PL,665.0,0.041,16.2195,no
2020-11,27101983,IT,QV,11533.0,7.74,1.4901,no
2020-11,27101983,IT,SE,53089.0,20.169,2.6322,no
2020-11,27101985,IT,AT,94.0,0.002,47.0,no
2020-11,27101985,IT,BE,142676.0,153.283,0.9308,no
2020-11,27101985,IT,DE,924037.0,957.202,0.9654,no
2020-11,27101985,IT,ES,4447.0,4.317,1.0301,no
2020-11,27101985,IT,FR,438086.0,482.021,0.9089,no
2020-11,27101985,IT,GB,17522.0,27.134,0.6458,no
2020-11,27101985,IT,HU,4400.0,3.26,1.3497,no
2020-11,27101985,IT,IN,170367.0,255.93,0.6657,no
2020-11,27101985,IT,NL,748406.0,806.412,0.9281,no
2020-11,27101985,IT,PT,6552.0,3.6,1.82,no
2020-11,27101985,IT,US,8164.0,1.143,7.1426,no
2020-11,27101987,IT,AL,3881.0,2.326,1.6685,no
2020-11,27101987,IT,AT,47.0,0.182,0.2582,no
2020-11,27101987,IT,BE,51844.0,18.098,2.8646,no
2020-11,27101987,IT,CZ,7810.0,1.297,6.0216,no
2020-11,27101987,IT,DE,366635.0,97.193,3.7722,no
2020-11,27101987,IT,ES,60561.0,36.722,1.6492,no
2020-11,27101987,IT,FR,332906.0,191.299,1.7402,no
2020-11,27101987,IT,GB,2122.0,0.633,3.3523,no
2020-11,27101987,IT,GR,16869.0,11.808,1.4286,no
2020-11,27101987,IT,HR,60.0,0.006,10.0,no
2020-11,27101987,IT,HU,24580.0,13.042,1.8847,no
2020-11,27101987,IT,NL,76004.0,35.318,2.152,no
2020-11,27101987,IT,PL,8138.0,0.697,11.6758,no
2020-11,27101987,IT,SE,16609.0,2.871,5.7851,no
2020-11,27101987,IT,SI,726.0,0.3,2.42,no
2020-11,27101987,IT,SK,773.0,0.28,2.7607,no
2020-11,27101987,IT,US,2517.0,0.378,6.6587,no
2020-11,27101991,IT,AT,52152.0,13.46,3.8746,no
2020-11,27101991,IT,BE,8166.0,2.158,3.7841,no
2020-11,27101991,IT,BG,3394.0,0.878,3.8656,no
2020-11,27101991,IT,CY,2302.0,0.594,3.8754,no
2020-11,27101991,IT,CZ,7427.0,1.918,3.8723,no
2020-11,27101991,IT,DE,370106.0,186.898,1.9803,no
2020-11,27101991,IT,DK,1260.0,0.325,3.8769,no
2020-11,27101991,IT,EE,228.0,0.06,3.8,no
2020-11,27101991,IT,ES,23873.0,6.985,3.4178,no
2020-11,27101991,IT,FI,3759.0,0.969,3.8793,no
2020-11,27101991,IT,FR,143071.0,60.376,2.3697,no
2020-11,27101991,IT,GB,331318.0,226.11,1.4653,no
2020-11,27101991,IT,GR,277.0,0.072,3.8472,no
2020-11,27101991,IT,HR,33756.0,8.71,3.8755,no
2020-11,27101991,IT,HU,4098.0,1.058,3.8733,no
2020-11,27101991,IT,LT,11138.0,2.877,3.8714,no
2020-11,27101991,IT,LU,1323.0,0.341,3.8798,no
2020-11,27101991,IT,LV,14700.0,3.792,3.8766,no
2020-11,27101991,IT,MT,5334.0,1.375,3.8793,no
2020-11,27101991,IT,MX,22022.0,4.614,4.7729,no
2020-11,27101991,IT,NL,24115.0,6.227,3.8727,no
2020-11,27101991,IT,PL,32456.0,8.365,3.88,no
2020-11,27101991,IT,PT,1502.0,0.389,3.8612,no
2020-11,27101991,IT,RO,21307.0,5.497,3.8761,no
2020-11,27101991,IT,SE,200.0,0.052,3.8462,no
2020-11,27101991,IT,SI,31681.0,8.181,3.8725,no
2020-11,27101991,IT,SK,13456.0,3.475,3.8722,no
2020-11,27101993,IT,BE,613.0,0.005,122.6,no
2020-11,27101993,IT,DE,23387.0,35.615,0.6567,no
2020-11,27101993,IT,ES,1820.0,2.144,0.8489,no
2020-11,27101993,IT,FR,200786.0,248.58,0.8077,no
2020-11,27101993,IT,GB,851392.0,1747.373,0.4872,no
2020-11,27101999,IT,AE,3365.0,0.828,4.064,no
2020-11,27101999,IT,AL,9828.0,6.623,1.4839,no
2020-11,27101999,IT,AT,311723.0,554.298,0.5624,no
2020-11,27101999,IT,BE,4293011.0,5716.196,0.751,no
2020-11,27101999,IT,BG,13805.0,7.058,1.9559,no
2020-11,27101999,IT,CH,144805.0,39.415,3.6739,no
2020-11,27101999,IT,CZ,26968.0,4.194,6.4301,no
2020-11,27101999,IT,DE,2248703.0,1714.963,1.3112,no
2020-11,27101999,IT,DK,434.0,0.051,8.5098,no
2020-11,27101999,IT,EE,203.0,0.03,6.7667,no
2020-11,27101999,IT,ES,4555495.0,6860.006,0.6641,no
2020-11,27101999,IT,FI,5592.0,0.816,6.8529,no
2020-11,27101999,IT,FR,1390875.0,2421.057,0.5745,no
2020-11,27101999,IT,GB,2876684.0,7716.025,0.3728,no
2020-11,27101999,IT,GR,2933318.0,14018.001,0.2093,no
2020-11,27101999,IT,HR,7048.0,1.617,4.3587,no
2020-11,27101999,IT,HU,1150210.0,2044.036,0.5627,no
2020-11,27101999,IT,IE,827.0,0.012,68.9167,no
2020-11,27101999,IT,JP,51662.0,2.94,17.5721,no
2020-11,27101999,IT,LT,232.0,0.034,6.8235,no
2020-11,27101999,IT,LU,1139.0,0.167,6.8204,no
2020-11,27101999,IT,MY,1458430.0,2497.12,0.584,no
2020-11,27101999,IT,NL,2494546.0,3781.071,0.6597,no
2020-11,27101999,IT,PL,1106255.0,2256.336,0.4903,no
2020-11,27101999,IT,PT,460.0,0.068,6.7647,no
2020-11,27101999,IT,RO,6050.0,0.318,19.0252,no
2020-11,27101999,IT,RU,550403.0,1125.058,0.4892,no
2020-11,27101999,IT,SE,33153.0,38.26,0.8665,no
2020-11,27101999,IT,SI,35443.0,5.892,6.0154,no
2020-11,27101999,IT,SK,1755.0,0.258,6.8023,no
2020-11,27101999,IT,TR,56019.0,35.676,1.5702,no
2020-11,27101999,IT,UA,1644.0,0.576,2.8542,no
2020-11,27101999,IT,US,271515.0,34.633,7.8398,no
2020-12,27101971,IT,BE,70.0,0.005,14.0,no
2020-12,27101971,IT,DE,4593.0,0.979,4.6915,no
2020-12,27101971,IT,FR,1200.0,0.117,10.2564,no
2020-12,27101971,IT,KR,130008.0,282.46,0.4603,no
2020-12,27101971,IT,TW,516337.0,806.19,0.6405,no
2020-12,27101971,IT,US,49787.0,78.978,0.6304,no
2020-12,27101981,IT,AL,34563.0,22.214,1.5559,no
2020-12,27101981,IT,AT,15800.0,5.766,2.7402,no
2020-12,27101981,IT,BE,1480950.0,701.778,2.1103,no
2020-12,27101981,IT,BG,101.0,0.022,4.5909,no
2020-12,27101981,IT,CH,9453.0,5.096,1.855,no
2020-12,27101981,IT,CY,1187.0,0.255,4.6549,no
2020-12,27101981,IT,CZ,14799.0,3.58,4.1338,no
2020-12,27101981,IT,DE,3785494.0,1549.57,2.4429,no
2020-12,27101981,IT,DK,8307.0,2.037,4.0781,no
2020-12,27101981,IT,ES,1355097.0,622.435,2.1771,no
2020-12,27101981,IT,FR,1518281.0,876.993,1.7312,no
2020-12,27101981,IT,GB,109145.0,42.803,2.5499,no
2020-12,27101981,IT,GR,282449.0,181.495,1.5562,no
2020-12,27101981,IT,HU,159975.0,105.75,1.5128,no
2020-12,27101981,IT,LT,97883.0,86.309,1.1341,no
2020-12,27101981,IT,NL,1214909.0,546.023,2.225,no
2020-12,27101981,IT,PL,313808.0,58.264,5.386,no
2020-12,27101981,IT,PT,17635.0,10.142,1.7388,no
2020-12,27101981,IT,SE,236190.0,136.113,1.7352,no
2020-12,27101981,IT,SI,94419.0,15.649,6.0335,no
2020-12,27101981,IT,SK,7.0,0.001,7.0,no
2020-12,27101981,IT,TR,26896.0,9.421,2.8549,no
2020-12,27101981,IT,US,16633.0,1.693,9.8246,no
2020-12,27101983,IT,AT,22991.0,9.118,2.5215,no
2020-12,27101983,IT,BE,114917.0,41.593,2.7629,no
2020-12,27101983,IT,CH,2408.0,0.56,4.3,no
2020-12,27101983,IT,CZ,10289.0,3.831,2.6857,no
2020-12,27101983,IT,DE,235842.0,147.011,1.6042,no
2020-12,27101983,IT,DK,3433.0,0.966,3.5538,no
2020-12,27101983,IT,ES,63837.0,54.159,1.1787,no
2020-12,27101983,IT,FR,125547.0,75.511,1.6626,no
2020-12,27101983,IT,GB,2133.0,0.277,7.7004,no
2020-12,27101983,IT,GR,50484.0,35.953,1.4042,no
2020-12,27101983,IT,HR,12.0,0.003,4.0,no
2020-12,27101983,IT,HU,24276.0,27.324,0.8884,no
2020-12,27101983,IT,NL,109466.0,72.503,1.5098,no
2020-12,27101983,IT,PL,181.0,0.019,9.5263,no
2020-12,27101983,IT,PT,9440.0,6.859,1.3763,no
2020-12,27101983,IT,SE,42212.0,25.85,1.633,no
2020-12,27101983,IT,TH,1981.0,0.104,19.0481,no
2020-12,27101985,IT,AT,2361.0,0.801,2.9476,no
2020-12,27101985,IT,BE,111920.0,118.334,0.9458,no
2020-12,27101985,IT,CZ,20.0,0.002,10.0,no
2020-12,27101985,IT,DE,871613.0,776.848,1.122,no
2020-12,27101985,IT,ES,6903.0,4.213,1.6385,no
2020-12,27101985,IT,FI,88.0,0.006,14.6667,no
2020-12,27101985,IT,FR,300683.0,374.636,0.8026,no
2020-12,27101985,IT,IN,143278.0,199.27,0.719,no
2020-12,27101985,IT,NL,517071.0,522.76,0.9891,no
2020-12,27101985,IT,PL,4.0,0.001,4.0,no
2020-12,27101985,IT,PT,6552.0,3.6,1.82,no
2020-12,27101985,IT,US,1541.0,0.227,6.7885,no
2020-12,27101987,IT,AL,6339.0,4.113,1.5412,no
2020-12,27101987,IT,AT,3304.0,0.356,9.2809,no
2020-12,27101987,IT,BE,68020.0,29.797,2.2828,no
2020-12,27101987,IT,CZ,3549.0,0.81,4.3815,no
2020-12,27101987,IT,DE,292968.0,430.751,0.6801,no
2020-12,27101987,IT,ES,78423.0,39.356,1.9927,no
2020-12,27101987,IT,FR,220361.0,109.514,2.0122,no
2020-12,27101987,IT,GB,785.0,0.229,3.4279,no
2020-12,27101987,IT,GR,16679.0,9.591,1.739,no
2020-12,27101987,IT,HR,227.0,0.019,11.9474,no
2020-12,27101987,IT,HU,27586.0,19.241,1.4337,no
2020-12,27101987,IT,NL,231658.0,114.06,2.031,no
2020-12,27101987,IT,PL,7475.0,0.661,11.3086,no
2020-12,27101987,IT,PT,14689.0,9.506,1.5452,no
2020-12,27101987,IT,SE,22357.0,5.09,4.3923,no
2020-12,27101987,IT,TR,12332.0,9.059,1.3613,no
2020-12,27101987,IT,US,10177.0,0.614,16.5749,no
2020-12,27101991,IT,AT,48241.0,12.233,3.9435,no
2020-12,27101991,IT,BE,22467.0,9.162,2.4522,no
2020-12,27101991,IT,BG,3280.0,0.83,3.9518,no
2020-12,27101991,IT,CH,2812.0,0.356,7.8989,no
2020-12,27101991,IT,CY,2133.0,0.54,3.95,no
2020-12,27101991,IT,CZ,6883.0,1.746,3.9422,no
2020-12,27101991,IT,DE,332219.0,140.736,2.3606,no
2020-12,27101991,IT,DK,1167.0,0.296,3.9426,no
2020-12,27101991,IT,EE,210.0,0.054,3.8889,no
2020-12,27101991,IT,ES,27663.0,7.874,3.5132,no
2020-12,27101991,IT,FI,3484.0,0.883,3.9456,no
2020-12,27101991,IT,FR,71329.0,32.007,2.2285,no
2020-12,27101991,IT,GB,467874.0,321.3,1.4562,no
2020-12,27101991,IT,GR,257.0,0.066,3.8939,no
2020-12,27101991,IT,HR,31090.0,7.88,3.9454,no
2020-12,27101991,IT,HU,3798.0,0.963,3.9439,no
2020-12,27101991,IT,LT,10226.0,2.595,3.9407,no
2020-12,27101991,IT,LU,1226.0,0.311,3.9421,no
2020-12,27101991,IT,LV,13623.0,3.453,3.9453,no
2020-12,27101991,IT,MT,4944.0,1.252,3.9489,no
2020-12,27101991,IT,MX,52251.0,12.016,4.3485,no
2020-12,27101991,IT,NL,22347.0,5.669,3.942,no
2020-12,27101991,IT,PL,30126.0,7.622,3.9525,no
2020-12,27101991,IT,PT,7733.0,2.983,2.5924,no
2020-12,27101991,IT,RO,19650.0,4.98,3.9458,no
2020-12,27101991,IT,SE,185.0,0.047,3.9362,no
2020-12,27101991,IT,SI,29263.0,7.424,3.9417,no
2020-12,27101991,IT,SK,12470.0,3.163,3.9425,no
2020-12,27101993,IT,BE,125336.0,87.163,1.4379,no
2020-12,27101993,IT,DE,167598.0,213.445,0.7852,no
2020-12,27101993,IT,ES,99436.0,8.881,11.1965,no
2020-12,27101993,IT,FR,256291.0,354.06,0.7239,no
2020-12,27101993,IT,GB,398874.0,157.14,2.5383,no
2020-12,27101999,IT,AL,2416.0,1.852,1.3045,no
2020-12,27101999,IT,AT,80924.0,79.811,1.0139,no
2020-12,27101999,IT,BE,2821467.0,3431.263,0.8223,no
2020-12,27101999,IT,BG,1801.0,0.266,6.7707,no
2020-12,27101999,IT,CA,18130.0,1.695,10.6962,no
2020-12,27101999,IT,CH,123670.0,39.416,3.1376,no
2020-12,27101999,IT,CZ,28304.0,4.503,6.2856,no
2020-12,27101999,IT,DE,1625250.0,1016.829,1.5984,no
2020-12,27101999,IT,DK,329.0,0.048,6.8542,no
2020-12,27101999,IT,EE,188.0,0.028,6.7143,no
2020-12,27101999,IT,ES,2714034.0,4126.189,0.6578,no
2020-12,27101999,IT,FI,5183.0,0.763,6.7929,no
2020-12,27101999,IT,FR,1388534.0,2218.382,0.6259,no
2020-12,27101999,IT,GB,45985.0,8.622,5.3334,no
2020-12,27101999,IT,GR,42364.0,36.567,1.1585,no
2020-12,27101999,IT,HR,2573.0,0.381,6.7533,no
2020-12,27101999,IT,HU,338489.0,576.161,0.5875,no
2020-12,27101999,IT,JP,28368.0,5.823,4.8717,no
2020-12,27101999,IT,KR,25450.0,38.25,0.6654,no
2020-12,27101999,IT,LT,215.0,0.032,6.7188,no
2020-12,27101999,IT,LU,2785.0,0.219,12.7169,no
2020-12,27101999,IT,MY,585627.0,994.736,0.5887,no
2020-12,27101999,IT,NL,4634607.0,5080.42,0.9122,no
2020-12,27101999,IT,PL,854083.0,1629.692,0.5241,no
2020-12,27101999,IT,PT,3172.0,1.396,2.2722,no
2020-12,27101999,IT,RO,773.0,0.115,6.7217,no
2020-12,27101999,IT,RU,512499.0,993.401,0.5159,no
2020-12,27101999,IT,SE,74085.0,101.163,0.7323,no
2020-12,27101999,IT,SI,35898.0,6.024,5.9592,no
2020-12,27101999,IT,SK,1621.0,0.239,6.7824,no
2020-12,27101999,IT,TR,85187.0,53.382,1.5958,no
2020-12,27101999,IT,US,91106.0,9.027,10.0926,no
2021-01,27101971,IT,DE,3780.0,0.816,4.6324,no
2021-01,27101971,IT,FR,5429.0,1.981,2.7405,no
2021-01,27101971,IT,KR,322324.0,570.8,0.5647,no
2021-01,27101971,IT,TW,463149.0,704.88,0.6571,no
2021-01,27101981,IT,AL,46218.0,28.687,1.6111,no
2021-01,27101981,IT,AT,40823.0,8.451,4.8306,no
2021-01,27101981,IT,BE,602006.0,196.219,3.068,no
2021-01,27101981,IT,BG,3579.0,0.64,5.5922,no
2021-01,27101981,IT,CN,10432.0,15.146,0.6888,no
2021-01,27101981,IT,CY,587.0,0.123,4.7724,no
2021-01,27101981,IT,CZ,69961.0,14.772,4.7361,no
2021-01,27101981,IT,DE,1370823.0,519.406,2.6392,no
2021-01,27101981,IT,DK,3011.0,0.623,4.8331,no
2021-01,27101981,IT,EE,2526.0,0.525,4.8114,no
2021-01,27101981,IT,ES,824218.0,407.238,2.0239,no
2021-01,27101981,IT,FI,12573.0,2.598,4.8395,no
2021-01,27101981,IT,FR,1204934.0,636.315,1.8936,no
2021-01,27101981,IT,GR,98155.0,59.57,1.6477,no
2021-01,27101981,IT,HR,18391.0,3.807,4.8308,no
2021-01,27101981,IT,HU,113108.0,77.992,1.4503,no
2021-01,27101981,IT,IE,1192.0,0.001,1192.0,no
2021-01,27101981,IT,LT,26995.0,22.326,1.2091,no
2021-01,27101981,IT,LU,270.0,0.057,4.7368,no
2021-01,27101981,IT,LV,12583.0,2.603,4.834,no
2021-01,27101981,IT,NL,1000836.0,537.541,1.8619,no
2021-01,27101981,IT,PL,329485.0,77.685,4.2413,no
2021-01,27101981,IT,PT,781.0,0.162,4.821,no
2021-01,27101981,IT,RO,7694.0,1.596,4.8208,no
2021-01,27101981,IT,SE,194777.0,123.239,1.5805,no
2021-01,27101981,IT,SI,23952.0,4.89,4.8982,no
2021-01,27101981,IT,SK,5376.0,1.116,4.8172,no
2021-01,27101981,IT,TR,6903.0,2.114,3.2654,no
2021-01,27101981,IT,US,1012.0,0.05,20.24,no
2021-01,27101981,IT,XS,35864.0,24.089,1.4888,no
2021-01,27101983,IT,AL,1240.0,1.05,1.181,no
2021-01,27101983,IT,AT,3982.0,0.881,4.5199,no
2021-01,27101983,IT,BE,77022.0,35.885,2.1464,no
2021-01,27101983,IT,CZ,11442.0,4.032,2.8378,no
2021-01,27101983,IT,DE,203084.0,109.38,1.8567,no
2021-01,27101983,IT,DK,311.0,0.036,8.6389,no
2021-01,27101983,IT,ES,104933.0,74.494,1.4086,no
2021-01,27101983,IT,FR,134805.0,75.121,1.7945,no
2021-01,27101983,IT,GR,2178.0,1.466,1.4857,no
2021-01,27101983,IT,HR,173.0,0.034,5.0882,no
2021-01,27101983,IT,HU,82084.0,98.94,0.8296,no
2021-01,27101983,IT,NL,48997.0,26.484,1.8501,no
2021-01,27101983,IT,PL,40.0,0.007,5.7143,no
2021-01,27101983,IT,RO,3660.0,2.496,1.4663,no
2021-01,27101983,IT,SE,35765.0,20.042,1.7845,no
2021-01,27101983,IT,US,1155.0,0.33,3.5,no
2021-01,27101983,IT,XS,10428.0,9.382,1.1115,no
2021-01,27101985,IT,AT,205.0,0.012,17.0833,no
2021-01,27101985,IT,BE,128000.0,128.342,0.9973,no
2021-01,27101985,IT,DE,899927.0,672.615,1.338,no
2021-01,27101985,IT,ES,200.0,0.08,2.5,no
2021-01,27101985,IT,FR,166331.0,188.187,0.8839,no
2021-01,27101985,IT,HU,1155.0,0.86,1.343,no
2021-01,27101985,IT,IN,10226.0,6.167,1.6582,no
2021-01,27101985,IT,NL,368326.0,279.138,1.3195,no
2021-01,27101985,IT,PT,9972.0,5.4,1.8467,no
2021-01,27101985,IT,US,1713.0,0.208,8.2356,no
2021-01,27101987,IT,AL,2374.0,1.476,1.6084,no
2021-01,27101987,IT,BE,47783.0,13.087,3.6512,no
2021-01,27101987,IT,CN,400538.0,127.847,3.1329,no
2021-01,27101987,IT,CZ,6150.0,0.95,6.4737,no
2021-01,27101987,IT,DE,270804.0,63.564,4.2603,no
2021-01,27101987,IT,ES,83630.0,42.222,1.9807,no
2021-01,27101987,IT,FR,259608.0,136.105,1.9074,no
2021-01,27101987,IT,GR,7502.0,4.272,1.7561,no
2021-01,27101987,IT,HR,341.0,0.027,12.6296,no
2021-01,27101987,IT,HU,9276.0,9.16,1.0127,no
2021-01,27101987,IT,IN,12735.0,1.62,7.8611,no
2021-01,27101987,IT,JP,37688.0,5.025,7.5001,no
2021-01,27101987,IT,NL,144986.0,62.454,2.3215,no
2021-01,27101987,IT,PL,1200.0,0.729,1.6461,no
2021-01,27101987,IT,SE,26096.0,9.749,2.6768,no
2021-01,27101987,IT,TR,2622.0,1.734,1.5121,no
2021-01,27101991,IT,AT,4882.0,1.877,2.601,no
2021-01,27101991,IT,BG,135.0,0.006,22.5,no
2021-01,27101991,IT,CN,1239.0,0.41,3.022,no
2021-01,27101991,IT,DE,273755.0,120.732,2.2675,no
2021-01,27101991,IT,ES,3490.0,1.078,3.2375,no
2021-01,27101991,IT,FR,62861.0,30.065,2.0908,no
2021-01,27101991,IT,HU,1218.0,0.212,5.7453,no
2021-01,27101991,IT,MX,15091.0,2.748,5.4916,no
2021-01,27101991,IT,NL,107635.0,98.24,1.0956,no
2021-01,27101991,IT,PL,115.0,0.017,6.7647,no
2021-01,27101993,IT,BE,20151.0,21.84,0.9227,no
2021-01,27101993,IT,DE,36295.0,55.413,0.655,no
2021-01,27101993,IT,FR,205796.0,275.62,0.7467,no
2021-01,27101999,IT,AT,14506.0,97.995,0.148,no
2021-01,27101999,IT,BE,4513695.0,6251.765,0.722,no
2021-01,27101999,IT,BG,6508.0,3.382,1.9243,no
2021-01,27101999,IT,CA,2375.0,0.025,95.0,no
2021-01,27101999,IT,CH,166610.0,40.72,4.0916,no
2021-01,27101999,IT,CN,13250.0,22.795,0.5813,no
2021-01,27101999,IT,CZ,57914.0,54.991,1.0532,no
2021-01,27101999,IT,DE,1946749.0,1495.743,1.3015,no
2021-01,27101999,IT,DK,320.0,0.001,320.0,no
2021-01,27101999,IT,ES,3364989.0,4034.856,0.834,no
2021-01,27101999,IT,FR,1089485.0,802.566,1.3575,no
2021-01,27101999,IT,GB,7088.0,1.199,5.9116,no
2021-01,27101999,IT,GR,3516212.0,14130.662,0.2488,no
2021-01,27101999,IT,HR,6411.0,2.111,3.0369,no
2021-01,27101999,IT,HU,549274.0,951.54,0.5772,no
2021-01,27101999,IT,JP,62902.0,4.242,14.8284,no
2021-01,27101999,IT,MR,1170.0,0.025,46.8,no
2021-01,27101999,IT,NL,2505123.0,2943.629,0.851,no
2021-01,27101999,IT,PL,511273.0,927.551,0.5512,no
2021-01,27101999,IT,QV,1958.0,1.44,1.3597,no
2021-01,27101999,IT,RO,3779.0,2.292,1.6488,no
2021-01,27101999,IT,RU,452507.0,787.701,0.5745,no
2021-01,27101999,IT,SE,25599.0,32.633,0.7845,no
2021-01,27101999,IT,SI,47834.0,9.24,5.1768,no
2021-01,27101999,IT,TR,23238.0,14.784,1.5718,no
2021-01,27101999,IT,US,318736.0,37.396,8.5233,no
2021-01,27101999,IT,XS,10764.0,4.595,2.3425,no
2021-02,27101971,IT,DE,4417.0,1.021,4.3262,no
2021-02,27101971,IT,FR,918.0,0.272,3.375,no
2021-02,27101981,IT,AL,25859.0,18.516,1.3966,no
2021-02,27101981,IT,AT,46318.0,9.056,5.1146,no
2021-02,27101981,IT,BE,1996465.0,960.532,2.0785,no
2021-02,27101981,IT,BG,3364.0,0.68,4.9471,no
2021-02,27101981,IT,CY,642.0,0.13,4.9385,no
2021-02,27101981,IT,CZ,12549.0,2.778,4.5173,no
2021-02,27101981,IT,DE,1483040.0,616.391,2.406,no
2021-02,27101981,IT,DK,3290.0,0.665,4.9474,no
2021-02,27101981,IT,EE,2759.0,0.557,4.9533,no
2021-02,27101981,IT,ES,1122734.0,523.146,2.1461,no
2021-02,27101981,IT,FI,13834.0,2.784,4.9691,no
2021-02,27101981,IT,FR,1492851.0,833.908,1.7902,no
2021-02,27101981,IT,GB,9324.0,2.954,3.1564,no
2021-02,27101981,IT,GR,88650.0,58.763,1.5086,no
2021-02,27101981,IT,HR,20460.0,4.118,4.9684,no
2021-02,27101981,IT,HU,174578.0,145.018,1.2038,no
2021-02,27101981,IT,LT,66976.0,27.909,2.3998,no
2021-02,27101981,IT,LU,294.0,0.06,4.9,no
2021-02,27101981,IT,LV,13843.0,2.791,4.9599,no
2021-02,27101981,IT,NL,984009.0,482.012,2.0415,no
2021-02,27101981,IT,PL,311951.0,77.326,4.0342,no
2021-02,27101981,IT,PT,853.0,0.174,4.9023,no
2021-02,27101981,IT,RO,37953.0,8.846,4.2904,no
2021-02,27101981,IT,SE,257399.0,181.273,1.42,no
2021-02,27101981,IT,SI,75237.0,13.138,5.7267,no
2021-02,27101981,IT,SK,7347.0,1.487,4.9408,no
2021-02,27101981,IT,TR,7835.0,6.678,1.1733,no
2021-02,27101981,IT,UA,2530.0,1.397,1.811,no
2021-02,27101981,IT,US,12720.0,3.585,3.5481,no
2021-02,27101981,IT,XS,73964.0,48.174,1.5354,no
2021-02,27101981,IT,ZA,1592.0,0.682,2.3343,no
2021-02,27101983,IT,AT,257.0,0.056,4.5893,no
2021-02,27101983,IT,BE,93253.0,31.293,2.98,no
2021-02,27101983,IT,CZ,20371.0,4.892,4.1641,no
2021-02,27101983,IT,DE,519955.0,430.647,1.2074,no
2021-02,27101983,IT,ES,104286.0,97.011,1.075,no
2021-02,27101983,IT,FR,124494.0,67.785,1.8366,no
2021-02,27101983,IT,GB,1116.0,0.191,5.8429,no
2021-02,27101983,IT,GR,4909.0,3.661,1.3409,no
2021-02,27101983,IT,HR,166.0,0.033,5.0303,no
2021-02,27101983,IT,HU,45753.0,40.721,1.1236,no
2021-02,27101983,IT,JP,2171.0,0.8,2.7138,no
2021-02,27101983,IT,NL,107466.0,35.854,2.9973,no
2021-02,27101983,IT,PL,37352.0,27.349,1.3658,no
2021-02,27101983,IT,SE,73459.0,42.209,1.7404,no
2021-02,27101983,IT,TR,9298.0,3.576,2.6001,no
2021-02,27101983,IT,XS,10348.0,8.048,1.2858,no
2021-02,27101985,IT,AT,116.0,0.002,58.0,no
2021-02,27101985,IT,BE,142308.0,147.433,0.9652,no
2021-02,27101985,IT,CN,4217.0,0.27,15.6185,no
2021-02,27101985,IT,DE,733905.0,598.019,1.2272,no
2021-02,27101985,IT,ES,17848.0,19.709,0.9056,no
2021-02,27101985,IT,FR,539037.0,552.954,0.9748,no
2021-02,27101985,IT,IN,14791.0,14.94,0.99,no
2021-02,27101985,IT,NL,649865.0,572.427,1.1353,no
2021-02,27101985,IT,PL,5.0,0.002,2.5,no
2021-02,27101985,IT,PT,3132.0,1.8,1.74,no
2021-02,27101987,IT,AL,2563.0,1.79,1.4318,no
2021-02,27101987,IT,AT,800.0,0.014,57.1429,no
2021-02,27101987,IT,BE,113343.0,43.666,2.5957,no
2021-02,27101987,IT,CZ,13787.0,2.195,6.2811,no
2021-02,27101987,IT,DE,336410.0,77.968,4.3147,no
2021-02,27101987,IT,ES,112420.0,58.459,1.9231,no
2021-02,27101987,IT,FR,291303.0,163.59,1.7807,no
2021-02,27101987,IT,GR,3881.0,2.962,1.3103,no
2021-02,27101987,IT,HR,240.0,0.018,13.3333,no
2021-02,27101987,IT,HU,15349.0,11.366,1.3504,no
2021-02,27101987,IT,NL,194924.0,73.891,2.638,no
2021-02,27101987,IT,PL,37789.0,21.691,1.7422,no
2021-02,27101987,IT,SE,30672.0,10.865,2.823,no
2021-02,27101987,IT,SI,226.0,0.004,56.5,no
2021-02,27101987,IT,SK,1234.0,0.19,6.4947,no
2021-02,27101987,IT,TR,11252.0,7.391,1.5224,no
2021-02,27101987,IT,US,3349.0,0.726,4.6129,no
2021-02,27101987,IT,XS,1304.0,0.732,1.7814,no
2021-02,27101991,IT,AT,23.0,0.004,5.75,no
2021-02,27101991,IT,BE,83811.0,56.39,1.4863,no
2021-02,27101991,IT,CZ,8838.0,0.991,8.9183,no
2021-02,27101991,IT,DE,329105.0,142.28,2.3131,no
2021-02,27101991,IT,ES,20950.0,9.949,2.1057,no
2021-02,27101991,IT,FR,87496.0,40.836,2.1426,no
2021-02,27101991,IT,GB,2192.0,0.258,8.4961,no
2021-02,27101991,IT,HU,2066.0,0.163,12.6748,no
2021-02,27101991,IT,MX,21831.0,5.24,4.1662,no
2021-02,27101991,IT,NL,194613.0,171.697,1.1335,no
2021-02,27101991,IT,PL,83.0,0.014,5.9286,no
2021-02,27101993,IT,BE,130982.0,100.58,1.3023,no
2021-02,27101993,IT,DE,86168.0,122.489,0.7035,no
2021-02,27101993,IT,ES,729465.0,1250.334,0.5834,no
2021-02,27101993,IT,FR,452853.0,550.78,0.8222,no
2021-02,27101993,IT,GB,233203.0,110.06,2.1189,no
2021-02,27101993,IT,NL,1591793.0,2343.097,0.6794,no
2021-02,27101999,IT,AE,20416.0,6.5,3.1409,no
2021-02,27101999,IT,AT,28107.0,74.226,0.3787,no
2021-02,27101999,IT,BE,4932478.0,5675.909,0.869,no
2021-02,27101999,IT,BG,8728.0,5.212,1.6746,no
2021-02,27101999,IT,CH,132635.0,29.021,4.5703,no
2021-02,27101999,IT,CZ,54396.0,53.776,1.0115,no
2021-02,27101999,IT,DE,1562543.0,944.027,1.6552,no
2021-02,27101999,IT,DK,49.0,0.001,49.0,no
2021-02,27101999,IT,ES,4495220.0,6582.996,0.6829,no
2021-02,27101999,IT,FR,946989.0,852.669,1.1106,no
2021-02,27101999,IT,GB,25309.0,6.285,4.0269,no
2021-02,27101999,IT,GR,45841.0,38.62,1.187,no
2021-02,27101999,IT,HR,2499.0,0.816,3.0625,no
2021-02,27101999,IT,HU,526951.0,938.611,0.5614,no
2021-02,27101999,IT,IN,13649.0,19.5,0.6999,no
2021-02,27101999,IT,JP,6123.0,0.16,38.2687,no
2021-02,27101999,IT,LU,412.0,0.007,58.8571,no
2021-02,27101999,IT,NL,3501994.0,4240.129,0.8259,no
2021-02,27101999,IT,PL,230840.0,377.994,0.6107,no
2021-02,27101999,IT,RO,2843.0,1.426,1.9937,no
2021-02,27101999,IT,RU,603821.0,984.928,0.6131,no
2021-02,27101999,IT,SE,28931.0,9.278,3.1182,no
2021-02,27101999,IT,SI,54515.0,10.307,5.2891,no
2021-02,27101999,IT,TR,18051.0,9.954,1.8134,no
2021-02,27101999,IT,UA,2200.0,0.829,2.6538,no
2021-02,27101999,IT,US,65700.0,11.78,5.5772,no
2021-02,27101999,IT,XS,7228.0,2.673,2.7041,no
2021-03,27101971,IT,DE,4616.0,1.095,4.2155,no
2021-03,27101971,IT,ES,219.0,0.04,5.475,no
2021-03,27101971,IT,FR,342.0,0.12,2.85,no
2021-03,27101971,IT,RO,63.0,0.001,63.0,no
2021-03,27101981,IT,AL,32972.0,22.548,1.4623,no
2021-03,27101981,IT,AT,57994.0,11.041,5.2526,no
2021-03,27101981,IT,BE,1248135.0,459.327,2.7173,no
2021-03,27101981,IT,BG,4071.0,0.817,4.9829,no
2021-03,27101981,IT,CY,777.0,0.156,4.9808,no
2021-03,27101981,IT,CZ,66848.0,15.127,4.4191,no
2021-03,27101981,IT,DE,1878372.0,686.181,2.7374,no
2021-03,27101981,IT,DK,3981.0,0.798,4.9887,no
2021-03,27101981,IT,EE,3341.0,0.67,4.9866,no
2021-03,27101981,IT,EG,15431.0,11.605,1.3297,no
2021-03,27101981,IT,ES,1242816.0,587.174,2.1166,no
2021-03,27101981,IT,FI,16744.0,3.35,4.9982,no
2021-03,27101981,IT,FR,1551940.0,795.209,1.9516,no
2021-03,27101981,IT,GB,2398.0,0.797,3.0088,no
2021-03,27101981,IT,GR,178195.0,99.556,1.7899,no
2021-03,27101981,IT,HR,25556.0,5.058,5.0526,no
2021-03,27101981,IT,HU,150571.0,126.024,1.1948,no
2021-03,27101981,IT,IE,1448.0,0.023,62.9565,no
2021-03,27101981,IT,JP,1627.0,0.2,8.135,no
2021-03,27101981,IT,LT,3765.0,0.756,4.9802,no
2021-03,27101981,IT,LU,1131775.0,460.09,2.4599,no
2021-03,27101981,IT,LV,16754.0,3.354,4.9952,no
2021-03,27101981,IT,NL,1989308.0,955.084,2.0829,no
2021-03,27101981,IT,PL,305166.0,57.171,5.3378,no
2021-03,27101981,IT,PT,1033.0,0.208,4.9663,no
2021-03,27101981,IT,RO,10294.0,2.064,4.9874,no
2021-03,27101981,IT,SE,282414.0,175.112,1.6128,no
2021-03,27101981,IT,SI,21111.0,4.992,4.229,no
2021-03,27101981,IT,SK,7210.0,1.448,4.9793,no
2021-03,27101981,IT,TR,11991.0,3.946,3.0388,no
2021-03,27101981,IT,UA,6619.0,4.004,1.6531,no
2021-03,27101981,IT,US,19048.0,3.89,4.8967,no
2021-03,27101981,IT,XS,8721.0,5.673,1.5373,no
2021-03,27101983,IT,AT,687.0,0.041,16.7561,no
2021-03,27101983,IT,BE,152700.0,43.739,3.4912,no
2021-03,27101983,IT,CZ,23924.0,5.357,4.4659,no
2021-03,27101983,IT,DE,485105.0,317.313,1.5288,no
2021-03,27101983,IT,ES,154294.0,144.316,1.0691,no
2021-03,27101983,IT,FR,164152.0,91.231,1.7993,no
2021-03,27101983,IT,GB,4864.0,1.276,3.8119,no
2021-03,27101983,IT,GR,4186.0,2.932,1.4277,no
2021-03,27101983,IT,HR,48.0,0.01,4.8,no
2021-03,27101983,IT,HU,82832.0,77.291,1.0717,no
2021-03,27101983,IT,NL,58591.0,33.454,1.7514,no
2021-03,27101983,IT,PL,3470.0,2.28,1.5219,no
2021-03,27101983,IT,SE,44016.0,22.782,1.9321,no
2021-03,27101983,IT,XS,24848.0,24.451,1.0162,no
2021-03,27101985,IT,AT,1955.0,0.208,9.399,no
2021-03,27101985,IT,BE,157228.0,117.793,1.3348,no
2021-03,27101985,IT,CN,9500.0,1.813,5.2399,no
2021-03,27101985,IT,CZ,40.0,0.005,8.0,no
2021-03,27101985,IT,DE,724264.0,547.517,1.3228,no
2021-03,27101985,IT,ES,14276.0,18.061,0.7904,no
2021-03,27101985,IT,FI,87.0,0.001,87.0,no
2021-03,27101985,IT,FR,448214.0,452.635,0.9902,no
2021-03,27101985,IT,GB,2538.0,0.12,21.15,no
2021-03,27101985,IT,HU,97.0,0.052,1.8654,no
2021-03,27101985,IT,IN,168737.0,159.94,1.055,no
2021-03,27101985,IT,JP,2966.0,0.768,3.862,no
2021-03,27101985,IT,NL,1007196.0,596.197,1.6894,no
2021-03,27101985,IT,PL,4.0,0.001,4.0,no
2021-03,27101985,IT,PT,1566.0,0.9,1.74,no
2021-03,27101987,IT,AL,2435.0,1.262,1.9295,no
2021-03,27101987,IT,AT,4966.0,0.546,9.0952,no
2021-03,27101987,IT,BE,126760.0,52.717,2.4045,no
2021-03,27101987,IT,CZ,11502.0,1.43,8.0434,no
2021-03,27101987,IT,DE,612191.0,165.332,3.7028,no
2021-03,27101987,IT,DK,3209.0,7.56,0.4245,no
2021-03,27101987,IT,ES,132004.0,70.335,1.8768,no
2021-03,27101987,IT,FR,357258.0,200.578,1.7811,no
2021-03,27101987,IT,GB,16797.0,1.587,10.5841,no
2021-03,27101987,IT,GR,1055.0,0.712,1.4817,no
2021-03,27101987,IT,HR,176.0,0.015,11.7333,no
2021-03,27101987,IT,HU,1984.0,1.388,1.4294,no
2021-03,27101987,IT,NL,208342.0,68.159,3.0567,no
2021-03,27101987,IT,NO,1670.0,0.069,24.2029,no
2021-03,27101987,IT,PL,42883.0,24.32,1.7633,no
2021-03,27101987,IT,SE,22586.0,7.074,3.1928,no
2021-03,27101987,IT,TR,6922.0,2.358,2.9355,no
2021-03,27101987,IT,XS,5614.0,3.285,1.709,no
2021-03,27101991,IT,AT,16.0,0.01,1.6,no
2021-03,27101991,IT,BE,43336.0,27.755,1.5614,no
2021-03,27101991,IT,DE,369645.0,156.273,2.3654,no
2021-03,27101991,IT,ES,6914.0,2.888,2.394,no
2021-03,27101991,IT,FR,115031.0,53.585,2.1467,no
2021-03,27101991,IT,GB,9924.0,3.742,2.6521,no
2021-03,27101991,IT,HU,773.0,0.188,4.1117,no
2021-03,27101991,IT,IN,1099.0,0.34,3.2324,no
2021-03,27101991,IT,MX,27893.0,6.238,4.4715,no
2021-03,27101991,IT,NL,198729.0,147.641,1.346,no
2021-03,27101991,IT,PL,1002.0,0.912,1.0987,no
2021-03,27101991,IT,US,2201.0,0.38,5.7921,no
2021-03,27101991,IT,XS,8653.0,5.171,1.6734,no
2021-03,27101993,IT,BE,59689.0,61.982,0.963,no
2021-03,27101993,IT,DE,51481.0,62.322,0.826,no
2021-03,27101993,IT,FR,422105.0,530.52,0.7956,no
2021-03,27101993,IT,GB,478953.0,259.68,1.8444,no
2021-03,27101993,IT,NL,45225.0,40.003,1.1305,no
2021-03,27101999,IT,AT,107255.0,197.938,0.5419,no
2021-03,27101999,IT,BE,7876157.0,8414.46,0.936,no
2021-03,27101999,IT,BG,22401.0,9.539,2.3484,no
2021-03,27101999,IT,BR,6647.0,1.224,5.4306,no
2021-03,27101999,IT,CH,270891.0,73.344,3.6934,no
2021-03,27101999,IT,CZ,74078.0,54.848,1.3506,no
2021-03,27101999,IT,DE,2304570.0,1161.326,1.9844,no
2021-03,27101999,IT,DK,16.0,0.001,16.0,no
2021-03,27101999,IT,ES,4280917.0,4642.343,0.9221,no
2021-03,27101999,IT,FR,1419831.0,1418.124,1.0012,no
2021-03,27101999,IT,GB,1462326.0,1602.452,0.9126,no
2021-03,27101999,IT,GR,4682029.0,14128.757,0.3314,no
2021-03,27101999,IT,HR,3218.0,1.007,3.1956,no
2021-03,27101999,IT,HU,1501631.0,2241.042,0.6701,no
2021-03,27101999,IT,JP,40496.0,7.152,5.6622,no
2021-03,27101999,IT,LU,126.0,0.004,31.5,no
2021-03,27101999,IT,MY,2369702.0,3531.276,0.6711,no
2021-03,27101999,IT,NL,9474871.0,10096.549,0.9384,no
2021-03,27101999,IT,NO,1200.0,0.016,75.0,no
2021-03,27101999,IT,PL,610277.0,722.908,0.8442,no
2021-03,27101999,IT,RU,933536.0,1471.012,0.6346,no
2021-03,27101999,IT,SE,80835.0,81.051,0.9973,no
2021-03,27101999,IT,SI,115697.0,24.033,4.8141,no
2021-03,27101999,IT,SK,163.0,0.02,8.15,no
2021-03,27101999,IT,TR,48089.0,31.111,1.5457,no
2021-03,27101999,IT,TW,4576.0,0.3,15.2533,no
2021-03,27101999,IT,US,117097.0,6.905,16.9583,no
2021-03,27101999,IT,XS,5739.0,3.283,1.7481,no
2021-04,27101971,IT,CA,81816.0,102.27,0.8,no
2021-04,27101971,IT,DE,3040.0,0.653,4.6554,no
2021-04,27101971,IT,FR,1984.0,0.661,3.0015,no
2021-04,27101971,IT,NL,47.0,0.002,23.5,no
2021-04,27101981,IT,AL,1454.0,1.007,1.4439,no
2021-04,27101981,IT,AT,100343.0,19.523,5.1397,no
2021-04,27101981,IT,BE,1407360.0,603.315,2.3327,no
2021-04,27101981,IT,BG,3596.0,0.754,4.7692,no
2021-04,27101981,IT,CY,686.0,0.144,4.7639,no
2021-04,27101981,IT,CZ,23047.0,4.606,5.0037,no
2021-04,27101981,IT,DE,1317980.0,439.798,2.9968,no
2021-04,27101981,IT,DK,3516.0,0.737,4.7707,no
2021-04,27101981,IT,EE,2949.0,0.618,4.7718,no
2021-04,27101981,IT,EG,16506.0,11.912,1.3857,no
2021-04,27101981,IT,ES,1508302.0,733.109,2.0574,no
2021-04,27101981,IT,FI,14784.0,3.087,4.7891,no
2021-04,27101981,IT,FR,1809395.0,911.503,1.9851,no
2021-04,27101981,IT,GB,64851.0,29.614,2.1899,no
2021-04,27101981,IT,GR,112820.0,65.825,1.7139,no
2021-04,27101981,IT,HR,21798.0,4.563,4.7771,no
2021-04,27101981,IT,HU,175490.0,103.565,1.6945,no
2021-04,27101981,IT,LT,24363.0,4.094,5.9509,no
2021-04,27101981,IT,LU,315.0,0.066,4.7727,no
2021-04,27101981,IT,LV,14795.0,3.094,4.7818,no
2021-04,27101981,IT,NL,979788.0,446.141,2.1961,no
2021-04,27101981,IT,PL,309482.0,65.126,4.752,no
2021-04,27101981,IT,PT,912.0,0.192,4.75,no
2021-04,27101981,IT,RO,9088.0,1.904,4.7731,no
2021-04,27101981,IT,SE,245389.0,114.546,2.1423,no
2021-04,27101981,IT,SI,104775.0,21.159,4.9518,no
2021-04,27101981,IT,SK,9892.0,2.072,4.7741,no
2021-04,27101981,IT,TR,48260.0,21.495,2.2452,no
2021-04,27101981,IT,US,18025.0,4.84,3.7242,no
2021-04,27101981,IT,XS,121581.0,75.881,1.6023,no
2021-04,27101983,IT,AT,3998.0,0.35,11.4229,no
2021-04,27101983,IT,BE,159824.0,77.106,2.0728,no
2021-04,27101983,IT,CZ,26053.0,6.411,4.0638,no
2021-04,27101983,IT,DE,303373.0,160.779,1.8869,no
2021-04,27101983,IT,ES,154044.0,122.663,1.2558,no
2021-04,27101983,IT,FR,175521.0,92.533,1.8968,no
2021-04,27101983,IT,GB,33952.0,12.422,2.7332,no
2021-04,27101983,IT,HU,103757.0,81.692,1.2701,no
2021-04,27101983,IT,NL,47580.0,26.5,1.7955,no
2021-04,27101983,IT,PL,14831.0,11.473,1.2927,no
2021-04,27101983,IT,SE,44047.0,21.27,2.0709,no
2021-04,27101983,IT,US,4369.0,0.823,5.3086,no
2021-04,27101983,IT,XS,18747.0,16.197,1.1574,no
2021-04,27101985,IT,AT,133.0,0.004,33.25,no
2021-04,27101985,IT,BE,380854.0,303.433,1.2552,no
2021-04,27101985,IT,CN,3587.0,0.653,5.4931,no
2021-04,27101985,IT,CZ,8.0,0.001,8.0,no
2021-04,27101985,IT,DE,701672.0,370.307,1.8948,no
2021-04,27101985,IT,ES,9606.0,1.957,4.9085,no
2021-04,27101985,IT,FI,288.0,0.001,288.0,no
2021-04,27101985,IT,FR,1240305.0,1109.605,1.1178,no
2021-04,27101985,IT,HU,2049.0,1.36,1.5066,no
2021-04,27101985,IT,IN,539553.0,519.17,1.0393,no
2021-04,27101985,IT,NL,621895.0,346.16,1.7966,no
2021-04,27101985,IT,PL,16.0,0.003,5.3333,no
2021-04,27101985,IT,PT,8118.0,4.5,1.804,no
2021-04,27101985,IT,SE,442.0,0.001,442.0,no
2021-04,27101987,IT,AT,43.0,0.004,10.75,no
2021-04,27101987,IT,BE,200826.0,58.608,3.4266,no
2021-04,27101987,IT,CZ,4088.0,0.573,7.1344,no
2021-04,27101987,IT,DE,349421.0,102.483,3.4096,no
2021-04,27101987,IT,ES,180235.0,99.047,1.8197,no
2021-04,27101987,IT,FI,322.0,0.02,16.1,no
2021-04,27101987,IT,FR,267790.0,134.013,1.9982,no
2021-04,27101987,IT,GB,3139.0,1.095,2.8667,no
2021-04,27101987,IT,HR,57.0,0.012,4.75,no
2021-04,27101987,IT,HU,29866.0,17.326,1.7238,no
2021-04,27101987,IT,NL,156768.0,57.606,2.7214,no
2021-04,27101987,IT,PL,10821.0,1.545,7.0039,no
2021-04,27101987,IT,SE,14556.0,3.465,4.2009,no
2021-04,27101987,IT,SK,1001.0,0.143,7.0,no
2021-04,27101987,IT,TR,8362.0,5.418,1.5434,no
2021-04,27101987,IT,XS,5335.0,2.707,1.9708,no
2021-04,27101991,IT,AT,5.0,0.001,5.0,no
2021-04,27101991,IT,BE,63031.0,55.352,1.1387,no
2021-04,27101991,IT,DE,368316.0,152.36,2.4174,no
2021-04,27101991,IT,ES,10230.0,5.55,1.8432,no
2021-04,27101991,IT,FR,132833.0,56.275,2.3604,no
2021-04,27101991,IT,GB,1634.0,0.27,6.0519,no
2021-04,27101991,IT,HU,695.0,0.128,5.4297,no
2021-04,27101991,IT,IL,4554.0,0.626,7.2748,no
2021-04,27101991,IT,MX,37185.0,8.63,4.3088,no
2021-04,27101991,IT,NL,132007.0,98.28,1.3432,no
2021-04,27101991,IT,PL,154.0,0.038,4.0526,no
2021-04,27101993,IT,BE,84832.0,91.268,0.9295,no
2021-04,27101993,IT,DE,1986.0,0.82,2.422,no
2021-04,27101993,IT,ES,17626.0,0.864,20.4005,no
2021-04,27101993,IT,FR,707807.0,791.96,0.8937,no
2021-04,27101993,IT,GB,419994.0,162.16,2.59,no
2021-04,27101999,IT,AT,492239.0,308.503,1.5956,no
2021-04,27101999,IT,BE,5291153.0,5432.733,0.9739,no
2021-04,27101999,IT,BG,5040.0,2.926,1.7225,no
2021-04,27101999,IT,CA,8414.0,0.693,12.1414,no
2021-04,27101999,IT,CH,184621.0,42.681,4.3256,no
2021-04,27101999,IT,CZ,50259.0,27.46,1.8303,no
2021-04,27101999,IT,DE,1842990.0,833.138,2.2121,no
2021-04,27101999,IT,ES,14521749.0,16488.143,0.8807,no
2021-04,27101999,IT,FR,1199255.0,1648.579,0.7274,no
2021-04,27101999,IT,GB,4665686.0,4661.723,1.0009,no
2021-04,27101999,IT,GR,159351.0,118.346,1.3465,no
2021-04,27101999,IT,HR,1302.0,0.355,3.6676,no
2021-04,27101999,IT,HU,1376261.0,1594.4,0.8632,no
2021-04,27101999,IT,IE,5446.0,0.082,66.4146,no
2021-04,27101999,IT,JP,51526.0,2.605,19.7797,no
2021-04,27101999,IT,LU,453.0,0.001,453.0,no
2021-04,27101999,IT,NL,8543132.0,7828.179,1.0913,no
2021-04,27101999,IT,NO,4760.0,0.038,125.2632,no
2021-04,27101999,IT,PL,1057433.0,780.945,1.354,no
2021-04,27101999,IT,QV,408.0,0.248,1.6452,no
2021-04,27101999,IT,RO,299.0,0.018,16.6111,no
2021-04,27101999,IT,RU,878357.0,1242.659,0.7068,no
2021-04,27101999,IT,SE,31863.0,33.52,0.9506,no
2021-04,27101999,IT,SI,78173.0,14.933,5.2349,no
2021-04,27101999,IT,SV,2349.0,1.1,2.1355,no
2021-04,27101999,IT,TR,66332.0,36.564,1.8141,no
2021-04,27101999,IT,US,389185.0,334.628,1.163,no
2021-04,27101999,IT,XS,20593.0,10.168,2.0253,no
2021-05,27101971,IT,DE,4592.0,1.078,4.2597,no
2021-05,27101971,IT,FR,3099.0,1.26,2.4595,no
2021-05,27101971,IT,RO,50.0,0.008,6.25,no
2021-05,27101971,IT,TW,493368.0,422.96,1.1665,no
2021-05,27101981,IT,AL,39852.0,22.747,1.752,no
2021-05,27101981,IT,AT,50539.0,10.337,4.8891,no
2021-05,27101981,IT,BE,1856189.0,810.679,2.2897,no
2021-05,27101981,IT,BG,3672.0,0.762,4.8189,no
2021-05,27101981,IT,CH,1460.0,0.048,30.4167,no
2021-05,27101981,IT,CY,700.0,0.146,4.7945,no
2021-05,27101981,IT,CZ,21060.0,3.626,5.8081,no
2021-05,27101981,IT,DE,1334659.0,543.629,2.4551,no
2021-05,27101981,IT,DK,3591.0,0.744,4.8266,no
2021-05,27101981,IT,EE,3011.0,0.624,4.8253,no
2021-05,27101981,IT,ES,1463920.0,683.408,2.1421,no
2021-05,27101981,IT,FI,15102.0,3.121,4.8388,no
2021-05,27101981,IT,FR,1567726.0,825.666,1.8987,no
2021-05,27101981,IT,GB,66984.0,30.806,2.1744,no
2021-05,27101981,IT,GR,125865.0,75.667,1.6634,no
2021-05,27101981,IT,HR,22264.0,4.611,4.8285,no
2021-05,27101981,IT,HU,38335.0,24.678,1.5534,no
2021-05,27101981,IT,LT,66093.0,44.793,1.4755,no
2021-05,27101981,IT,LU,322.0,0.068,4.7353,no
2021-05,27101981,IT,LV,15112.0,3.128,4.8312,no
2021-05,27101981,IT,NL,1508506.0,703.708,2.1437,no
2021-05,27101981,IT,PL,303200.0,55.638,5.4495,no
2021-05,27101981,IT,PT,931.0,0.194,4.799,no
2021-05,27101981,IT,RO,9285.0,1.924,4.8259,no
2021-05,27101981,IT,SE,257272.0,141.137,1.8229,no
2021-05,27101981,IT,SI,155929.0,26.933,5.7895,no
2021-05,27101981,IT,SK,6412.0,1.332,4.8138,no
2021-05,27101981,IT,TR,34631.0,18.352,1.887,no
2021-05,27101981,IT,UA,2689.0,1.508,1.7832,no
2021-05,27101981,IT,XS,161875.0,76.611,2.1129,no
2021-05,27101983,IT,AL,2264.0,1.934,1.1706,no
2021-05,27101983,IT,AT,2187.0,0.209,10.4641,no
2021-05,27101983,IT,BE,102750.0,27.916,3.6807,no
2021-05,27101983,IT,CZ,17817.0,4.34,4.1053,no
2021-05,27101983,IT,DE,319393.0,183.008,1.7452,no
2021-05,27101983,IT,DK,1700.0,0.037,45.9459,no
2021-05,27101983,IT,ES,64064.0,45.695,1.402,no
2021-05,27101983,IT,FI,30061.0,19.618,1.5323,no
2021-05,27101983,IT,FR,212560.0,117.636,1.8069,no
2021-05,27101983,IT,GB,11542.0,3.332,3.464,no
2021-05,27101983,IT,HU,1508.0,2.028,0.7436,no
2021-05,27101983,IT,NL,100238.0,54.721,1.8318,no
2021-05,27101983,IT,PL,6570.0,4.18,1.5718,no
2021-05,27101983,IT,QV,5974.0,4.14,1.443,no
2021-05,27101983,IT,SE,14562.0,6.223,2.34,no
2021-05,27101983,IT,US,6984.0,0.677,10.3161,no
2021-05,27101983,IT,XS,39051.0,22.741,1.7172,no
2021-05,27101985,IT,AT,1042.0,0.154,6.7662,no
2021-05,27101985,IT,BE,513514.0,377.571,1.36,no
2021-05,27101985,IT,DE,823817.0,578.336,1.4245,no
2021-05,27101985,IT,ES,26259.0,24.029,1.0928,no
2021-05,27101985,IT,FI,140.0,0.001,140.0,no
2021-05,27101985,IT,FR,1094963.0,902.634,1.2131,no
2021-05,27101985,IT,GB,5550.0,0.47,11.8085,no
2021-05,27101985,IT,HU,3.0,0.68,0.0044,no
2021-05,27101985,IT,IN,1620272.0,1270.16,1.2756,no
2021-05,27101985,IT,NL,592811.0,272.939,2.172,no
2021-05,27101985,IT,PL,4.0,0.001,4.0,no
2021-05,27101985,IT,PT,6552.0,3.6,1.82,no
2021-05,27101987,IT,AL,6632.0,3.976,1.668,no
2021-05,27101987,IT,AT,350.0,0.037,9.4595,no
2021-05,27101987,IT,BE,156408.0,61.843,2.5291,no
2021-05,27101987,IT,CZ,9602.0,1.403,6.8439,no
2021-05,27101987,IT,DE,565190.0,92.759,6.0931,no
2021-05,27101987,IT,DK,3209.0,0.756,4.2447,no
2021-05,27101987,IT,ES,158416.0,84.305,1.8791,no
2021-05,27101987,IT,FR,406326.0,204.86,1.9834,no
2021-05,27101987,IT,GB,2515.0,0.162,15.5247,no
2021-05,27101987,IT,HU,115.0,0.131,0.8779,no
2021-05,27101987,IT,NL,227274.0,56.973,3.9892,no
2021-05,27101987,IT,PL,17624.0,3.495,5.0426,no
2021-05,27101987,IT,SE,15876.0,2.789,5.6924,no
2021-05,27101987,IT,TR,2796.0,1.642,1.7028,no
2021-05,27101987,IT,XS,5738.0,2.6,2.2069,no
2021-05,27101991,IT,AT,10215.0,3.911,2.6119,no
2021-05,27101991,IT,BE,39627.0,24.684,1.6054,no
2021-05,27101991,IT,DE,336668.0,144.703,2.3266,no
2021-05,27101991,IT,ES,8635.0,3.747,2.3045,no
2021-05,27101991,IT,FR,138351.0,58.368,2.3703,no
2021-05,27101991,IT,GB,7722.0,4.32,1.7875,no
2021-05,27101991,IT,HU,640.0,0.106,6.0377,no
2021-05,27101991,IT,MX,34509.0,7.41,4.6571,no
2021-05,27101991,IT,NL,273134.0,196.151,1.3925,no
2021-05,27101991,IT,PL,106.0,0.019,5.5789,no
2021-05,27101991,IT,US,4954.0,0.856,5.7874,no
2021-05,27101993,IT,BE,58383.0,30.944,1.8867,no
2021-05,27101993,IT,DE,99052.0,113.669,0.8714,no
2021-05,27101993,IT,FR,640146.0,728.731,0.8784,no
2021-05,27101993,IT,GB,289717.0,111.86,2.59,no
2021-05,27101993,IT,NL,690.0,0.669,1.0314,no
2021-05,27101999,IT,AL,37892.0,33.94,1.1164,no
2021-05,27101999,IT,AT,164100.0,177.593,0.924,no
2021-05,27101999,IT,BA,136891.0,81.8,1.6735,no
2021-05,27101999,IT,BE,6228711.0,5684.932,1.0957,no
2021-05,27101999,IT,BG,46030.0,26.301,1.7501,no
2021-05,27101999,IT,CA,5592.0,0.381,14.6772,no
2021-05,27101999,IT,CH,242478.0,52.405,4.627,no
2021-05,27101999,IT,CZ,22708.0,2.699,8.4135,no
2021-05,27101999,IT,DE,2397127.0,1280.426,1.8721,no
2021-05,27101999,IT,ES,6367774.0,6111.769,1.0419,no
2021-05,27101999,IT,FR,1279650.0,1627.524,0.7863,no
2021-05,27101999,IT,GA,1237.0,0.031,39.9032,no
2021-05,27101999,IT,GB,3258684.0,2721.011,1.1976,no
2021-05,27101999,IT,GR,6815104.0,6789.446,1.0038,no
2021-05,27101999,IT,HR,1311.0,0.345,3.8,no
2021-05,27101999,IT,HU,451704.0,484.596,0.9321,no
2021-05,27101999,IT,IE,4329.0,0.063,68.7143,no
2021-05,27101999,IT,JP,15473.0,0.447,34.6152,no
2021-05,27101999,IT,NL,4384350.0,3795.172,1.1552,no
2021-05,27101999,IT,PL,1609836.0,1117.284,1.4408,no
2021-05,27101999,IT,QV,4090.0,2.52,1.623,no
2021-05,27101999,IT,RO,1786.0,0.9,1.9844,no
2021-05,27101999,IT,RU,761406.0,921.889,0.8259,no
2021-05,27101999,IT,SE,41480.0,40.503,1.0241,no
2021-05,27101999,IT,SI,68137.0,13.602,5.0093,no
2021-05,27101999,IT,TR,75233.0,36.72,2.0488,no
2021-05,27101999,IT,UA,1983.0,0.615,3.2244,no
2021-05,27101999,IT,US,245408.0,111.172,2.2075,no
2021-05,27101999,IT,XS,22120.0,9.053,2.4434,no
2021-06,27101971,IT,DE,34.0,0.004,8.5,no
2021-06,27101971,IT,ES,520.0,0.255,2.0392,no
2021-06,27101971,IT,FR,3512.0,0.84,4.181,no
2021-06,27101971,IT,RO,150.0,0.019,7.8947,no
2021-06,27101981,IT,AL,1149.0,0.816,1.4081,no
2021-06,27101981,IT,AT,53948.0,11.075,4.8712,no
2021-06,27101981,IT,BE,1842901.0,739.457,2.4922,no
2021-06,27101981,IT,BG,3881.0,0.791,4.9064,no
2021-06,27101981,IT,CN,1242.0,0.172,7.2209,no
2021-06,27101981,IT,CY,741.0,0.151,4.9073,no
2021-06,27101981,IT,CZ,43920.0,11.004,3.9913,no
2021-06,27101981,IT,DE,1808739.0,766.695,2.3591,no
2021-06,27101981,IT,DK,455585.0,93.92,4.8508,no
2021-06,27101981,IT,EE,3183.0,0.649,4.9045,no
2021-06,27101981,IT,ES,2156814.0,961.496,2.2432,no
2021-06,27101981,IT,FI,15962.0,3.238,4.9296,no
2021-06,27101981,IT,FR,2150314.0,1031.386,2.0849,no
2021-06,27101981,IT,GB,91482.0,34.776,2.6306,no
2021-06,27101981,IT,GR,173595.0,111.785,1.5529,no
2021-06,27101981,IT,HR,23640.0,4.809,4.9158,no
2021-06,27101981,IT,HU,250147.0,150.527,1.6618,no
2021-06,27101981,IT,IE,101.0,0.021,4.8095,no
2021-06,27101981,IT,LT,52261.0,24.526,2.1308,no
2021-06,27101981,IT,LU,340.0,0.07,4.8571,no
2021-06,27101981,IT,LV,15972.0,3.244,4.9236,no
2021-06,27101981,IT,NL,1263409.0,566.284,2.2311,no
2021-06,27101981,IT,PL,343131.0,61.895,5.5438,no
2021-06,27101981,IT,PT,12654.0,4.553,2.7793,no
2021-06,27101981,IT,RO,9812.0,1.996,4.9158,no
2021-06,27101981,IT,SE,169639.0,79.02,2.1468,no
2021-06,27101981,IT,SI,283257.0,43.265,6.547,no
2021-06,27101981,IT,SK,9021.0,1.836,4.9134,no
2021-06,27101981,IT,TR,7861.0,3.396,2.3148,no
2021-06,27101981,IT,UA,1434.0,0.739,1.9405,no
2021-06,27101981,IT,US,44615.0,12.993,3.4338,no
2021-06,27101981,IT,XS,76356.0,36.252,2.1063,no
2021-06,27101983,IT,AT,559.0,0.016,34.9375,no
2021-06,27101983,IT,BE,153846.0,49.522,3.1066,no
2021-06,27101983,IT,CZ,14004.0,4.861,2.8809,no
2021-06,27101983,IT,DE,342340.0,174.222,1.965,no
2021-06,27101983,IT,DK,213.0,0.097,2.1959,no
2021-06,27101983,IT,ES,167276.0,129.134,1.2954,no
2021-06,27101983,IT,FR,142241.0,78.145,1.8202,no
2021-06,27101983,IT,GB,5567.0,1.441,3.8633,no
2021-06,27101983,IT,GR,17149.0,11.725,1.4626,no
2021-06,27101983,IT,HU,206017.0,136.827,1.5057,no
2021-06,27101983,IT,NL,109012.0,59.838,1.8218,no
2021-06,27101983,IT,PL,5696.0,5.072,1.123,no
2021-06,27101983,IT,SE,9846.0,5.31,1.8542,no
2021-06,27101983,IT,SI,1192.0,0.407,2.9287,no
2021-06,27101983,IT,US,3919.0,0.019,206.2632,no
2021-06,27101983,IT,XS,26375.0,20.411,1.2922,no
2021-06,27101985,IT,AT,116.0,0.002,58.0,no
2021-06,27101985,IT,BE,674664.0,476.406,1.4162,no
2021-06,27101985,IT,CN,5715.0,1.088,5.2528,no
2021-06,27101985,IT,CZ,20.0,0.002,10.0,no
2021-06,27101985,IT,DE,498075.0,259.36,1.9204,no
2021-06,27101985,IT,ES,5343.0,4.227,1.264,no
2021-06,27101985,IT,FR,563419.0,404.579,1.3926,no
2021-06,27101985,IT,HU,636.0,0.298,2.1342,no
2021-06,27101985,IT,IN,1110801.0,991.59,1.1202,no
2021-06,27101985,IT,NL,705053.0,313.208,2.2511,no
2021-06,27101985,IT,PL,5.0,0.002,2.5,no
2021-06,27101985,IT,PT,8442.0,3.6,2.345,no
2021-06,27101985,IT,SE,664.0,0.004,166.0,no
2021-06,27101987,IT,AT,3616.0,0.373,9.6944,no
2021-06,27101987,IT,BE,202418.0,46.738,4.3309,no
2021-06,27101987,IT,CZ,6695.0,0.968,6.9163,no
2021-06,27101987,IT,DE,534826.0,122.527,4.365,no
2021-06,27101987,IT,DK,1215.0,0.352,3.4517,no
2021-06,27101987,IT,ES,262789.0,142.56,1.8434,no
2021-06,27101987,IT,FR,460229.0,223.79,2.0565,no
2021-06,27101987,IT,GB,20040.0,2.779,7.2112,no
2021-06,27101987,IT,GR,23678.0,16.249,1.4572,no
2021-06,27101987,IT,HU,1459.0,0.372,3.922,no
2021-06,27101987,IT,IE,2483.0,0.001,2483.0,no
2021-06,27101987,IT,KR,8100.0,0.167,48.503,no
2021-06,27101987,IT,NL,341813.0,88.052,3.8819,no
2021-06,27101987,IT,PL,19618.0,3.99,4.9168,no
2021-06,27101987,IT,SE,19289.0,2.376,8.1183,no
2021-06,27101987,IT,SI,2719.0,2.132,1.2753,no
2021-06,27101987,IT,SK,1149.0,0.155,7.4129,no
2021-06,27101987,IT,TR,51406.0,24.869,2.0671,no
2021-06,27101987,IT,XS,1333.0,0.743,1.7941,no
2021-06,27101991,IT,AT,65.0,0.017,3.8235,no
2021-06,27101991,IT,BE,42905.0,25.647,1.6729,no
2021-06,27101991,IT,CH,4488.0,0.492,9.122,no
2021-06,27101991,IT,DE,566846.0,208.516,2.7185,no
2021-06,27101991,IT,ES,12136.0,3.732,3.2519,no
2021-06,27101991,IT,FR,180128.0,70.389,2.559,no
2021-06,27101991,IT,HU,508.0,0.21,2.419,no
2021-06,27101991,IT,MX,29488.0,7.12,4.1416,no
2021-06,27101991,IT,NL,219530.0,147.486,1.4885,no
2021-06,27101991,IT,PL,135.0,0.024,5.625,no
2021-06,27101993,IT,BE,101842.0,69.158,1.4726,no
2021-06,27101993,IT,DE,21900.0,25.308,0.8653,no
2021-06,27101993,IT,ES,2311715.0,1854.233,1.2467,no
2021-06,27101993,IT,FR,1426331.0,1085.58,1.3139,no
2021-06,27101993,IT,GB,492008.0,217.9,2.258,no
2021-06,27101993,IT,NL,72695.0,65.003,1.1183,no
2021-06,27101999,IT,AE,449553.0,345.2,1.3023,no
2021-06,27101999,IT,AL,40650.0,31.62,1.2856,no
2021-06,27101999,IT,AT,25729.0,97.855,0.2629,no
2021-06,27101999,IT,BA,699092.0,413.08,1.6924,no
2021-06,27101999,IT,BE,7669715.0,5914.036,1.2969,no
2021-06,27101999,IT,BG,10160.0,4.195,2.4219,no
2021-06,27101999,IT,BR,2896.0,0.025,115.84,no
2021-06,27101999,IT,BY,246630.0,162.9,1.514,no
2021-06,27101999,IT,CA,4627.0,0.35,13.22,no
2021-06,27101999,IT,CH,92318.0,25.113,3.6761,no
2021-06,27101999,IT,CZ,12358.0,2.146,5.7586,no
2021-06,27101999,IT,DE,2534047.0,1191.229,2.1273,no
2021-06,27101999,IT,DK,33.0,0.001,33.0,no
2021-06,27101999,IT,ES,10263903.0,9935.96,1.033,no
2021-06,27101999,IT,FR,2039631.0,1978.213,1.031,no
2021-06,27101999,IT,GB,3524870.0,2997.862,1.1758,no
2021-06,27101999,IT,GR,143079.0,336.291,0.4255,no
2021-06,27101999,IT,HR,6622.0,1.48,4.4743,no
2021-06,27101999,IT,HU,70874.0,72.471,0.978,no
2021-06,27101999,IT,IE,4384.0,0.061,71.8689,no
2021-06,27101999,IT,IL,80136.0,12.311,6.5093,no
2021-06,27101999,IT,IN,22950.0,17.0,1.35,no
2021-06,27101999,IT,JP,38071.0,6.364,5.9822,no
2021-06,27101999,IT,KR,363200.0,294.63,1.2327,no
2021-06,27101999,IT,LT,264.0,0.063,4.1905,no
2021-06,27101999,IT,LU,2430.0,0.004,607.5,no
2021-06,27101999,IT,MY,3881001.0,3953.618,0.9816,no
2021-06,27101999,IT,NL,4559321.0,3415.929,1.3347,no
2021-06,27101999,IT,PL,1801099.0,1258.621,1.431,no
2021-06,27101999,IT,RO,3892.0,1.777,2.1902,no
2021-06,27101999,IT,RU,1093798.0,1074.618,1.0178,no
2021-06,27101999,IT,SE,26366.0,15.087,1.7476,no
2021-06,27101999,IT,SI,82676.0,15.53,5.3236,no
2021-06,27101999,IT,TR,200535.0,103.938,1.9294,no
2021-06,27101999,IT,TW,3119.0,0.194,16.0773,no
2021-06,27101999,IT,US,307609.0,62.713,4.905,no
2021-06,27101999,IT,XS,5405.0,1.994,2.7106,no
2021-07,27101971,IT,DE,136.0,0.1,1.36,no
2021-07,27101971,IT,FR,1011.0,0.154,6.5649,no
2021-07,27101971,IT,TW,327919.0,305.0,1.0751,no
2021-07,27101981,IT,AL,57820.0,31.016,1.8642,no
2021-07,27101981,IT,AT,52132.0,10.195,5.1135,no
2021-07,27101981,IT,BE,1865536.0,707.9,2.6353,no
2021-07,27101981,IT,BG,3800.0,0.766,4.9608,no
2021-07,27101981,IT,CY,725.0,0.146,4.9658,no
2021-07,27101981,IT,CZ,50889.0,14.065,3.6181,no
2021-07,27101981,IT,DE,2245620.0,780.572,2.8769,no
2021-07,27101981,IT,DK,3715.0,0.747,4.9732,no
2021-07,27101981,IT,EE,3116.0,0.626,4.9776,no
2021-07,27101981,IT,ES,2266753.0,999.7,2.2674,no
2021-07,27101981,IT,FI,15621.0,3.132,4.9875,no
2021-07,27101981,IT,FR,1671192.0,809.12,2.0654,no
2021-07,27101981,IT,GB,17177.0,6.187,2.7763,no
2021-07,27101981,IT,GR,213750.0,115.595,1.8491,no
2021-07,27101981,IT,HR,23133.0,4.648,4.977,no
2021-07,27101981,IT,HU,40710.0,24.046,1.693,no
2021-07,27101981,IT,LT,83113.0,44.929,1.8499,no
2021-07,27101981,IT,LU,332.0,0.068,4.8824,no
2021-07,27101981,IT,LV,15632.0,3.138,4.9815,no
2021-07,27101981,IT,NL,1393825.0,580.193,2.4023,no
2021-07,27101981,IT,PL,338088.0,47.712,7.086,no
2021-07,27101981,IT,PT,963.0,0.194,4.9639,no
2021-07,27101981,IT,RO,9600.0,1.93,4.9741,no
2021-07,27101981,IT,SE,149203.0,82.659,1.805,no
2021-07,27101981,IT,SI,54528.0,9.932,5.4901,no
2021-07,27101981,IT,SK,6632.0,1.335,4.9678,no
2021-07,27101981,IT,TR,7025.0,2.177,3.2269,no
2021-07,27101981,IT,US,45447.0,20.195,2.2504,no
2021-07,27101983,IT,AL,1901.0,1.264,1.504,no
2021-07,27101983,IT,AT,24341.0,21.004,1.1589,no
2021-07,27101983,IT,BE,133254.0,41.952,3.1763,no
2021-07,27101983,IT,CZ,13141.0,4.466,2.9425,no
2021-07,27101983,IT,DE,372715.0,183.028,2.0364,no
2021-07,27101983,IT,ES,196967.0,150.173,1.3116,no
2021-07,27101983,IT,FR,187629.0,90.533,2.0725,no
2021-07,27101983,IT,GB,16129.0,3.412,4.7271,no
2021-07,27101983,IT,GR,23327.0,13.517,1.7258,no
2021-07,27101983,IT,HU,55.0,0.001,55.0,no
2021-07,27101983,IT,NL,76572.0,39.332,1.9468,no
2021-07,27101983,IT,PL,884.0,0.087,10.1609,no
2021-07,27101983,IT,SE,8206.0,2.855,2.8743,no
2021-07,27101985,IT,AT,1953.0,0.439,4.4487,no
2021-07,27101985,IT,BE,410531.0,286.289,1.434,no
2021-07,27101985,IT,DE,445821.0,225.732,1.975,no
2021-07,27101985,IT,ES,4895.0,3.354,1.4595,no
2021-07,27101985,IT,FR,675129.0,530.272,1.2732,no
2021-07,27101985,IT,IN,149035.0,116.6,1.2782,no
2021-07,27101985,IT,JP,2528.0,0.543,4.6556,no
2021-07,27101985,IT,NL,680738.0,320.067,2.1269,no
2021-07,27101985,IT,PL,8.0,0.002,4.0,no
2021-07,27101985,IT,PT,8388.0,3.6,2.33,no
2021-07,27101985,IT,US,1148.0,0.018,63.7778,no
2021-07,27101987,IT,AL,10411.0,6.019,1.7297,no
2021-07,27101987,IT,AT,498.0,0.062,8.0323,no
2021-07,27101987,IT,BE,105974.0,29.942,3.5393,no
2021-07,27101987,IT,CZ,8479.0,1.69,5.0172,no
2021-07,27101987,IT,DE,656397.0,302.026,2.1733,no
2021-07,27101987,IT,ES,177242.0,88.636,1.9997,no
2021-07,27101987,IT,FR,237607.0,92.714,2.5628,no
2021-07,27101987,IT,GB,29389.0,3.586,8.1955,no
2021-07,27101987,IT,GR,16654.0,10.174,1.6369,no
2021-07,27101987,IT,HU,84.0,0.004,21.0,no
2021-07,27101987,IT,KR,1663.0,0.102,16.3039,no
2021-07,27101987,IT,NL,192544.0,59.038,3.2614,no
2021-07,27101987,IT,PL,14451.0,1.24,11.654,no
2021-07,27101987,IT,SE,40576.0,8.563,4.7385,no
2021-07,27101987,IT,TR,34446.0,13.681,2.5178,no
2021-07,27101991,IT,AT,28.0,0.007,4.0,no
2021-07,27101991,IT,BE,301.0,0.184,1.6359,no
2021-07,27101991,IT,DE,379806.0,151.598,2.5053,no
2021-07,27101991,IT,ES,15260.0,7.919,1.927,no
2021-07,27101991,IT,FR,130089.0,51.815,2.5106,no
2021-07,27101991,IT,GB,3886.0,2.64,1.472,no
2021-07,27101991,IT,HU,1436.0,0.22,6.5273,no
2021-07,27101991,IT,MX,37416.0,8.158,4.5864,no
2021-07,27101991,IT,NL,145964.0,98.243,1.4857,no
2021-07,27101991,IT,PL,308.0,0.022,14.0,no
2021-07,27101993,IT,BE,126647.0,52.971,2.3909,no
2021-07,27101993,IT,DE,34402.0,31.848,1.0802,no
2021-07,27101993,IT,FR,1210986.0,948.92,1.2762,no
2021-07,27101993,IT,GB,408750.0,178.82,2.2858,no
2021-07,27101993,IT,NL,3849191.0,3098.497,1.2423,no
2021-07,27101999,IT,AL,29882.0,22.287,1.3408,no
2021-07,27101999,IT,AT,460064.0,426.414,1.0789,no
2021-07,27101999,IT,BE,6731984.0,4984.547,1.3506,no
2021-07,27101999,IT,BG,119659.0,34.226,3.4961,no
2021-07,27101999,IT,CH,102925.0,26.693,3.8559,no
2021-07,27101999,IT,CN,72978.0,61.58,1.1851,no
2021-07,27101999,IT,CZ,18417.0,3.259,5.6511,no
2021-07,27101999,IT,DE,2211522.0,1069.525,2.0678,no
2021-07,27101999,IT,DK,1129.0,0.002,564.5,no
2021-07,27101999,IT,EE,411.0,0.024,17.125,no
2021-07,27101999,IT,ES,4158560.0,3601.307,1.1547,no
2021-07,27101999,IT,FR,1816384.0,1927.454,0.9424,no
2021-07,27101999,IT,GB,262125.0,15.506,16.9047,no
2021-07,27101999,IT,GR,4859367.0,14056.97,0.3457,no
2021-07,27101999,IT,HR,2757.0,0.766,3.5992,no
2021-07,27101999,IT,HU,873823.0,710.625,1.2297,no
2021-07,27101999,IT,IE,14.0,0.001,14.0,no
2021-07,27101999,IT,IN,18111.0,19.5,0.9288,no
2021-07,27101999,IT,JP,39086.0,2.258,17.31,no
2021-07,27101999,IT,KR,112637.0,97.56,1.1545,no
2021-07,27101999,IT,LU,14.0,0.001,14.0,no
2021-07,27101999,IT,MY,2241924.0,2000.854,1.1205,no
2021-07,27101999,IT,NL,6034937.0,4657.617,1.2957,no
2021-07,27101999,IT,PL,2091277.0,1614.976,1.2949,no
2021-07,27101999,IT,PT,2812.0,0.12,23.4333,no
2021-07,27101999,IT,RO,1859.0,0.142,13.0915,no
2021-07,27101999,IT,RU,235828.0,214.54,1.0992,no
2021-07,27101999,IT,SE,45863.0,39.737,1.1542,no
2021-07,27101999,IT,SI,183316.0,35.995,5.0928,no
2021-07,27101999,IT,TR,79275.0,39.792,1.9922,no
2021-07,27101999,IT,US,204307.0,37.406,5.4619,no
2021-08,27101971,IT,DE,964.0,0.25,3.856,no
2021-08,27101971,IT,FR,1515.0,0.41,3.6951,no
2021-08,27101981,IT,AL,27065.0,16.498,1.6405,no
2021-08,27101981,IT,AT,42891.0,7.341,5.8427,no
2021-08,27101981,IT,BE,1601872.0,612.268,2.6163,no
2021-08,27101981,IT,BG,2655.0,0.535,4.9626,no
2021-08,27101981,IT,CY,525.0,0.106,4.9528,no
2021-08,27101981,IT,CZ,6574.0,1.507,4.3623,no
2021-08,27101981,IT,DE,2338336.0,1044.622,2.2385,no
2021-08,27101981,IT,DK,2690.0,0.539,4.9907,no
2021-08,27101981,IT,EE,2256.0,0.453,4.9801,no
2021-08,27101981,IT,ES,1556889.0,663.89,2.3451,no
2021-08,27101981,IT,FI,11229.0,2.246,4.9996,no
2021-08,27101981,IT,FR,1072908.0,473.932,2.2638,no
2021-08,27101981,IT,GB,12747.0,3.331,3.8268,no
2021-08,27101981,IT,GR,80424.0,49.136,1.6368,no
2021-08,27101981,IT,HR,16238.0,3.254,4.9902,no
2021-08,27101981,IT,HU,301346.0,128.295,2.3489,no
2021-08,27101981,IT,LT,78728.0,27.989,2.8128,no
2021-08,27101981,IT,LU,241.0,0.049,4.9184,no
2021-08,27101981,IT,LV,11142.0,2.233,4.9897,no
2021-08,27101981,IT,NL,966598.0,660.032,1.4645,no
2021-08,27101981,IT,PL,259274.0,39.216,6.6114,no
2021-08,27101981,IT,PT,698.0,0.141,4.9504,no
2021-08,27101981,IT,RO,6775.0,1.36,4.9816,no
2021-08,27101981,IT,SE,170060.0,35.849,4.7438,no
2021-08,27101981,IT,SI,70401.0,11.223,6.2729,no
2021-08,27101981,IT,SK,4616.0,0.928,4.9741,no
2021-08,27101981,IT,TR,65255.0,24.162,2.7007,no
2021-08,27101981,IT,XS,32938.0,14.549,2.2639,no
2021-08,27101983,IT,AT,4964.0,0.761,6.523,no
2021-08,27101983,IT,BE,168147.0,57.027,2.9486,no
2021-08,27101983,IT,CZ,4662.0,1.842,2.5309,no
2021-08,27101983,IT,DE,449275.0,206.207,2.1788,no
2021-08,27101983,IT,ES,77358.0,54.855,1.4102,no
2021-08,27101983,IT,FR,125712.0,62.942,1.9973,no
2021-08,27101983,IT,GR,17102.0,11.116,1.5385,no
2021-08,27101983,IT,HU,53000.0,33.983,1.5596,no
2021-08,27101983,IT,JP,2683.0,0.8,3.3537,no
2021-08,27101983,IT,NL,10565.0,9.528,1.1088,no
2021-08,27101983,IT,PL,525.0,0.054,9.7222,no
2021-08,27101983,IT,SI,62.0,0.002,31.0,no
2021-08,27101983,IT,XS,1563.0,0.901,1.7347,no
2021-08,27101985,IT,AT,462.0,0.221,2.0905,no
2021-08,27101985,IT,BE,328424.0,219.145,1.4987,no
2021-08,27101985,IT,CZ,5.0,0.001,5.0,no
2021-08,27101985,IT,DE,802754.0,597.794,1.3429,no
2021-08,27101985,IT,ES,8832.0,5.991,1.4742,no
2021-08,27101985,IT,FI,44.0,0.001,44.0,no
2021-08,27101985,IT,FR,135816.0,105.947,1.2819,no
2021-08,27101985,IT,HU,7003.0,3.44,2.0358,no
2021-08,27101985,IT,IN,181970.0,198.87,0.915,no
2021-08,27101985,IT,NL,359396.0,171.505,2.0955,no
2021-08,27101985,IT,PT,8388.0,3.6,2.33,no
2021-08,27101987,IT,AL,7675.0,4.464,1.7193,no
2021-08,27101987,IT,AT,303.0,0.046,6.587,no
2021-08,27101987,IT,BE,141601.0,46.072,3.0735,no
2021-08,27101987,IT,CZ,4538.0,1.247,3.6391,no
2021-08,27101987,IT,DE,516636.0,148.546,3.478,no
2021-08,27101987,IT,ES,150713.0,65.235,2.3103,no
2021-08,27101987,IT,FR,232536.0,88.845,2.6173,no
2021-08,27101987,IT,GB,11207.0,1.285,8.7214,no
2021-08,27101987,IT,GR,10599.0,6.949,1.5253,no
2021-08,27101987,IT,HU,45077.0,20.556,2.1929,no
2021-08,27101987,IT,IE,2656.0,0.001,2656.0,no
2021-08,27101987,IT,KR,4250.0,0.131,32.4427,no
2021-08,27101987,IT,NL,142760.0,55.134,2.5893,no
2021-08,27101987,IT,PL,10685.0,1.098,9.7313,no
2021-08,27101987,IT,SE,10224.0,0.544,18.7941,no
2021-08,27101987,IT,TR,39360.0,17.108,2.3007,no
2021-08,27101987,IT,US,2639.0,0.373,7.0751,no
2021-08,27101991,IT,AT,25.0,0.004,6.25,no
2021-08,27101991,IT,BE,41234.0,25.563,1.613,no
2021-08,27101991,IT,DE,221631.0,77.399,2.8635,no
2021-08,27101991,IT,ES,1312.0,0.526,2.4943,no
2021-08,27101991,IT,FR,81664.0,24.191,3.3758,no
2021-08,27101991,IT,HU,677.0,0.266,2.5451,no
2021-08,27101991,IT,IN,2351.0,0.005,470.2,no
2021-08,27101991,IT,MX,41017.0,9.61,4.2682,no
2021-08,27101991,IT,NL,254721.0,171.686,1.4836,no
2021-08,27101991,IT,PL,99.0,0.019,5.2105,no
2021-08,27101991,IT,US,3403.0,0.339,10.0383,no
2021-08,27101993,IT,BE,62447.0,48.04,1.2999,no
2021-08,27101993,IT,DE,921769.0,671.926,1.3718,no
2021-08,27101993,IT,GB,646163.0,291.8,2.2144,no
2021-08,27101993,IT,NL,25.0,0.003,8.3333,no
2021-08,27101999,IT,AT,583911.0,454.035,1.286,no
2021-08,27101999,IT,BE,8504555.0,6463.742,1.3157,no
2021-08,27101999,IT,BG,27072.0,13.076,2.0704,no
2021-08,27101999,IT,CH,43605.0,14.601,2.9864,no
2021-08,27101999,IT,CZ,4412.0,0.72,6.1278,no
2021-08,27101999,IT,DE,5912716.0,4089.817,1.4457,no
2021-08,27101999,IT,ES,5452595.0,4338.481,1.2568,no
2021-08,27101999,IT,FR,1099358.0,1585.062,0.6936,no
2021-08,27101999,IT,GB,3569875.0,2944.706,1.2123,no
2021-08,27101999,IT,GR,5010260.0,14101.734,0.3553,no
2021-08,27101999,IT,HU,751959.0,548.812,1.3702,no
2021-08,27101999,IT,IE,2042.0,0.03,68.0667,no
2021-08,27101999,IT,JP,21697.0,1.897,11.4375,no
2021-08,27101999,IT,KR,145837.0,97.06,1.5025,no
2021-08,27101999,IT,LU,117.0,0.018,6.5,no
2021-08,27101999,IT,LV,777.0,0.001,777.0,no
2021-08,27101999,IT,MY,1806.0,3.24,0.5574,no
2021-08,27101999,IT,NL,4104911.0,2707.861,1.5159,no
2021-08,27101999,IT,PL,1160928.0,946.833,1.2261,no
2021-08,27101999,IT,RO,19729.0,5.168,3.8175,no
2021-08,27101999,IT,RU,923507.0,864.2,1.0686,no
2021-08,27101999,IT,SE,32349.0,26.388,1.2259,no
2021-08,27101999,IT,SI,108933.0,21.01,5.1848,no
2021-08,27101999,IT,SK,553.0,0.07,7.9,no
2021-08,27101999,IT,TH,3941.0,0.39,10.1051,no
2021-08,27101999,IT,TR,87049.0,37.727,2.3073,no
2021-08,27101999,IT,US,40557.0,5.939,6.8289,no
2021-09,27101971,IT,DE,68.0,0.01,6.8,no
2021-09,27101971,IT,FR,3820.0,0.751,5.0866,no
2021-09,27101971,IT,PL,56.0,0.001,56.0,no
2021-09,27101971,IT,TW,452754.0,301.73,1.5005,no
2021-09,27101971,IT,US,256186.0,277.263,0.924,no
2021-09,27101981,IT,AL,57759.0,31.437,1.8373,no
2021-09,27101981,IT,AT,112742.0,19.493,5.7837,no
2021-09,27101981,IT,BE,2777976.0,1002.671,2.7706,no
2021-09,27101981,IT,BG,3910.0,0.778,5.0257,no
2021-09,27101981,IT,CN,1985.0,0.24,8.2708,no
2021-09,27101981,IT,CY,746.0,0.149,5.0067,no
2021-09,27101981,IT,CZ,22581.0,4.593,4.9164,no
2021-09,27101981,IT,DE,1939315.0,730.075,2.6563,no
2021-09,27101981,IT,DK,3823.0,0.76,5.0303,no
2021-09,27101981,IT,EE,3206.0,0.637,5.033,no
2021-09,27101981,IT,ES,2059119.0,846.738,2.4318,no
2021-09,27101981,IT,FI,16074.0,3.184,5.0484,no
2021-09,27101981,IT,FR,2159010.0,946.231,2.2817,no
2021-09,27101981,IT,GB,55194.0,20.995,2.6289,no
2021-09,27101981,IT,GR,148670.0,89.377,1.6634,no
2021-09,27101981,IT,HR,23902.0,4.742,5.0405,no
2021-09,27101981,IT,HU,189359.0,116.932,1.6194,no
2021-09,27101981,IT,IE,102.0,0.021,4.8571,no
2021-09,27101981,IT,LT,10245.0,4.685,2.1868,no
2021-09,27101981,IT,LU,342.0,0.069,4.9565,no
2021-09,27101981,IT,LV,16085.0,3.19,5.0423,no
2021-09,27101981,IT,NL,1383650.0,594.154,2.3288,no
2021-09,27101981,IT,PL,391070.0,62.567,6.2504,no
2021-09,27101981,IT,PT,991.0,0.198,5.0051,no
2021-09,27101981,IT,QV,4251.0,1.488,2.8569,no
2021-09,27101981,IT,RO,9879.0,1.963,5.0326,no
2021-09,27101981,IT,SE,196188.0,88.255,2.223,no
2021-09,27101981,IT,SI,113996.0,21.085,5.4065,no
2021-09,27101981,IT,SK,9570.0,1.49,6.4228,no
2021-09,27101981,IT,TR,42225.0,12.511,3.375,no
2021-09,27101981,IT,UA,3726.0,1.87,1.9925,no
2021-09,27101981,IT,US,49833.0,10.654,4.6774,no
2021-09,27101981,IT,XS,84552.0,39.947,2.1166,no
2021-09,27101983,IT,AT,178.0,0.012,14.8333,no
2021-09,27101983,IT,BE,122554.0,40.644,3.0153,no
2021-09,27101983,IT,CZ,14615.0,5.67,2.5776,no
2021-09,27101983,IT,DE,470904.0,296.756,1.5868,no
2021-09,27101983,IT,DK,157.0,0.018,8.7222,no
2021-09,27101983,IT,ES,91481.0,47.88,1.9106,no
2021-09,27101983,IT,FR,235167.0,99.846,2.3553,no
2021-09,27101983,IT,HU,39051.0,27.314,1.4297,no
2021-09,27101983,IT,NL,71726.0,30.456,2.3551,no
2021-09,27101983,IT,PL,1547.0,0.186,8.3172,no
2021-09,27101983,IT,SE,36840.0,16.005,2.3018,no
2021-09,27101983,IT,US,3983.0,0.182,21.8846,no
2021-09,27101983,IT,XS,14597.0,8.815,1.6559,no
2021-09,27101985,IT,AT,175.0,0.016,10.9375,no
2021-09,27101985,IT,BE,492172.0,317.916,1.5481,no
2021-09,27101985,IT,DE,816717.0,525.192,1.5551,no
2021-09,27101985,IT,ES,5875.0,3.191,1.8411,no
2021-09,27101985,IT,FI,132.0,0.001,132.0,no
2021-09,27101985,IT,FR,441204.0,281.206,1.569,no
2021-09,27101985,IT,HU,47343.0,24.649,1.9207,no
2021-09,27101985,IT,IN,976674.0,894.68,1.0916,no
2021-09,27101985,IT,NL,917055.0,454.342,2.0184,no
2021-09,27101985,IT,PT,8190.0,3.6,2.275,no
2021-09,27101985,IT,SE,960.0,0.005,192.0,no
2021-09,27101985,IT,US,1599.0,0.081,19.7407,no
2021-09,27101987,IT,AL,11182.0,6.581,1.6991,no
2021-09,27101987,IT,AT,218.0,0.029,7.5172,no
2021-09,27101987,IT,BE,186887.0,53.545,3.4903,no
2021-09,27101987,IT,CZ,4946.0,1.265,3.9099,no
2021-09,27101987,IT,DE,391393.0,80.291,4.8747,no
2021-09,27101987,IT,ES,37570.0,16.218,2.3166,no
2021-09,27101987,IT,FR,283741.0,98.628,2.8769,no
2021-09,27101987,IT,GB,17667.0,1.442,12.2517,no
2021-09,27101987,IT,HU,14354.0,8.28,1.7336,no
2021-09,27101987,IT,KR,1528.0,0.096,15.9167,no
2021-09,27101987,IT,NL,305658.0,79.868,3.827,no
2021-09,27101987,IT,PL,19967.0,2.678,7.4559,no
2021-09,27101987,IT,SE,33845.0,5.149,6.5731,no
2021-09,27101987,IT,TR,28384.0,12.154,2.3354,no
2021-09,27101987,IT,XS,4888.0,2.229,2.1929,no
2021-09,27101991,IT,AT,120.0,0.017,7.0588,no
2021-09,27101991,IT,BE,7210.0,3.488,2.0671,no
2021-09,27101991,IT,DE,317020.0,116.676,2.7171,no
2021-09,27101991,IT,ES,7306.0,2.953,2.4741,no
2021-09,27101991,IT,FR,125565.0,49.963,2.5132,no
2021-09,27101991,IT,GB,47535.0,30.881,1.5393,no
2021-09,27101991,IT,HU,30.0,0.011,2.7273,no
2021-09,27101991,IT,MX,43949.0,9.558,4.5981,no
2021-09,27101991,IT,NL,217747.0,147.0,1.4813,no
2021-09,27101991,IT,PL,1628.0,0.929,1.7524,no
2021-09,27101991,IT,SE,3431.0,0.584,5.875,no
2021-09,27101991,IT,US,2397.0,0.081,29.5926,no
2021-09,27101991,IT,XS,1980.0,0.912,2.1711,no
2021-09,27101993,IT,BE,110752.0,58.89,1.8807,no
2021-09,27101993,IT,DE,35168.0,33.881,1.038,no
2021-09,27101993,IT,FR,1167568.0,806.42,1.4478,no
2021-09,27101993,IT,GB,688343.0,315.66,2.1806,no
2021-09,27101993,IT,SE,71933.0,55.333,1.3,no
2021-09,27101999,IT,AT,327524.0,181.137,1.8082,no
2021-09,27101999,IT,BA,138731.0,99.86,1.3893,no
2021-09,27101999,IT,BE,11021134.0,8313.538,1.3257,no
2021-09,27101999,IT,BG,6406.0,2.967,2.1591,no
2021-09,27101999,IT,CH,189602.0,48.48,3.9109,no
2021-09,27101999,IT,CZ,12920.0,2.385,5.4172,no
2021-09,27101999,IT,DE,2405844.0,1327.726,1.812,no
2021-09,27101999,IT,DK,450.0,0.005,90.0,no
2021-09,27101999,IT,ES,8178189.0,6317.691,1.2945,no
2021-09,27101999,IT,FR,2519628.0,2144.089,1.1752,no
2021-09,27101999,IT,GB,3677542.0,3002.111,1.225,no
2021-09,27101999,IT,GR,228913.0,149.846,1.5277,no
2021-09,27101999,IT,HU,2187740.0,1729.637,1.2649,no
2021-09,27101999,IT,IE,5589.0,0.083,67.3373,no
2021-09,27101999,IT,JP,33706.0,6.272,5.374,no
2021-09,27101999,IT,KR,154339.0,97.37,1.5851,no
2021-09,27101999,IT,LU,124.0,0.003,41.3333,no
2021-09,27101999,IT,MY,13465.0,15.02,0.8965,no
2021-09,27101999,IT,NL,6856348.0,3454.948,1.9845,no
2021-09,27101999,IT,PL,3457246.0,2785.967,1.241,no
2021-09,27101999,IT,QV,690.0,0.431,1.6009,no
2021-09,27101999,IT,RO,7750.0,1.935,4.0052,no
2021-09,27101999,IT,RU,1135134.0,1026.64,1.1057,no
2021-09,27101999,IT,SE,89766.0,68.414,1.3121,no
2021-09,27101999,IT,SI,122677.0,23.025,5.328,no
2021-09,27101999,IT,TR,80991.0,28.848,2.8075,no
2021-09,27101999,IT,US,259174.0,37.682,6.8779,no
2021-09,27101999,IT,XS,22533.0,9.504,2.3709,no
2021-10,27101971,IT,DE,187.0,0.106,1.7642,no
2021-10,27101971,IT,FR,307.0,0.031,9.9032,no
2021-10,27101971,IT,TW,247776.0,160.96,1.5394,no
2021-10,27101981,IT,AL,1328.0,0.322,4.1242,no
2021-10,27101981,IT,AT,176906.0,38.255,4.6244,no
2021-10,27101981,IT,BE,2718804.0,1035.142,2.6265,no
2021-10,27101981,IT,BG,3884.0,0.78,4.9795,no
2021-10,27101981,IT,CY,741.0,0.149,4.9732,no
2021-10,27101981,IT,CZ,90070.0,17.681,5.0942,no
2021-10,27101981,IT,DE,2420278.0,776.816,3.1156,no
2021-10,27101981,IT,DK,3798.0,0.762,4.9843,no
2021-10,27101981,IT,EE,3186.0,0.639,4.9859,no
2021-10,27101981,IT,ES,2202564.0,892.484,2.4679,no
2021-10,27101981,IT,FI,15972.0,3.195,4.9991,no
2021-10,27101981,IT,FR,1605670.0,686.699,2.3382,no
2021-10,27101981,IT,GB,13763.0,5.33,2.5822,no
2021-10,27101981,IT,GR,151047.0,62.273,2.4256,no
2021-10,27101981,IT,HR,23653.0,4.738,4.9922,no
2021-10,27101981,IT,HU,243570.0,106.624,2.2844,no
2021-10,27101981,IT,IE,101.0,0.021,4.8095,no
2021-10,27101981,IT,LT,40777.0,22.621,1.8026,no
2021-10,27101981,IT,LU,340.0,0.069,4.9275,no
2021-10,27101981,IT,LV,15981.0,3.2,4.9941,no
2021-10,27101981,IT,NL,1654218.0,757.601,2.1835,no
2021-10,27101981,IT,PL,390587.0,58.695,6.6545,no
2021-10,27101981,IT,PT,984.0,0.198,4.9697,no
2021-10,27101981,IT,RO,10134.0,6.983,1.4512,no
2021-10,27101981,IT,SE,215326.0,83.409,2.5816,no
2021-10,27101981,IT,SI,79957.0,15.304,5.2246,no
2021-10,27101981,IT,SK,14240.0,3.286,4.3335,no
2021-10,27101981,IT,TR,20162.0,6.602,3.0539,no
2021-10,27101981,IT,US,60889.0,14.063,4.3297,no
2021-10,27101981,IT,XS,69694.0,35.621,1.9565,no
2021-10,27101983,IT,AT,44.0,0.007,6.2857,no
2021-10,27101983,IT,BE,193563.0,42.76,4.5267,no
2021-10,27101983,IT,CH,1236.0,0.039,31.6923,no
2021-10,27101983,IT,CZ,12078.0,4.678,2.5819,no
2021-10,27101983,IT,DE,270709.0,125.601,2.1553,no
2021-10,27101983,IT,ES,248752.0,143.195,1.7372,no
2021-10,27101983,IT,FR,156649.0,80.091,1.9559,no
2021-10,27101983,IT,GB,1043.0,0.02,52.15,no
2021-10,27101983,IT,GR,16252.0,7.489,2.1701,no
2021-10,27101983,IT,HU,35962.0,27.256,1.3194,no
2021-10,27101983,IT,NL,109940.0,58.048,1.8939,no
2021-10,27101983,IT,PL,1728.0,0.207,8.3478,no
2021-10,27101983,IT,SE,23684.0,10.333,2.2921,no
2021-10,27101983,IT,SK,635.0,0.132,4.8106,no
2021-10,27101983,IT,US,1410.0,0.36,3.9167,no
2021-10,27101983,IT,XS,7982.0,4.893,1.6313,no
2021-10,27101985,IT,AT,320.0,0.003,106.6667,no
2021-10,27101985,IT,BE,394910.0,261.881,1.508,no
2021-10,27101985,IT,DE,980530.0,679.8,1.4424,no
2021-10,27101985,IT,ES,31310.0,22.938,1.365,no
2021-10,27101985,IT,FR,478635.0,301.336,1.5884,no
2021-10,27101985,IT,GB,2490.0,0.072,34.5833,no
2021-10,27101985,IT,IN,1233273.0,1096.46,1.1248,no
2021-10,27101985,IT,NL,530253.0,335.462,1.5807,no
2021-10,27101985,IT,PL,4.0,0.001,4.0,no
2021-10,27101985,IT,PT,10386.0,4.5,2.308,no
2021-10,27101985,IT,SE,530.0,0.003,176.6667,no
2021-10,27101987,IT,AT,5308.0,0.542,9.7934,no
2021-10,27101987,IT,BE,144040.0,36.529,3.9432,no
2021-10,27101987,IT,CZ,8075.0,1.539,5.2469,no
2021-10,27101987,IT,DE,407079.0,77.43,5.2574,no
2021-10,27101987,IT,ES,89989.0,39.716,2.2658,no
2021-10,27101987,IT,FR,244858.0,102.631,2.3858,no
2021-10,27101987,IT,GB,23357.0,1.805,12.9402,no
2021-10,27101987,IT,GR,12240.0,5.035,2.431,no
2021-10,27101987,IT,HU,5688.0,1.967,2.8917,no
2021-10,27101987,IT,KR,1201.0,0.094,12.7766,no
2021-10,27101987,IT,NL,389210.0,94.078,4.1371,no
2021-10,27101987,IT,PL,21745.0,2.138,10.1707,no
2021-10,27101987,IT,SE,38354.0,10.829,3.5418,no
2021-10,27101987,IT,SK,711.0,0.089,7.9888,no
2021-10,27101987,IT,XS,4922.0,2.229,2.2082,no
2021-10,27101991,IT,AT,15966.0,5.344,2.9876,no
2021-10,27101991,IT,BE,7703.0,3.488,2.2084,no
2021-10,27101991,IT,CH,1802.0,0.164,10.9878,no
2021-10,27101991,IT,DE,341653.0,122.54,2.7881,no
2021-10,27101991,IT,ES,12295.0,4.388,2.802,no
2021-10,27101991,IT,FR,155816.0,63.454,2.4556,no
2021-10,27101991,IT,GB,180320.0,122.5,1.472,no
2021-10,27101991,IT,HU,117.0,0.044,2.6591,no
2021-10,27101991,IT,IN,2464.0,0.648,3.8025,no
2021-10,27101991,IT,MX,23776.0,5.76,4.1278,no
2021-10,27101991,IT,NL,146927.0,98.584,1.4904,no
2021-10,27101991,IT,PL,158.0,0.031,5.0968,no
2021-10,27101991,IT,SE,2526.0,0.43,5.8744,no
2021-10,27101991,IT,US,1364.0,0.16,8.525,no
2021-10,27101993,IT,BE,193362.0,147.79,1.3084,no
2021-10,27101993,IT,DE,75153.0,74.864,1.0039,no
2021-10,27101993,IT,ES,789969.0,604.363,1.3071,no
2021-10,27101993,IT,FR,1083408.0,722.36,1.4998,no
2021-10,27101993,IT,GB,491554.0,252.1,1.9498,no
2021-10,27101999,IT,AL,1296.0,0.524,2.4733,no
2021-10,27101999,IT,AT,150892.0,226.375,0.6666,no
2021-10,27101999,IT,AZ,20703.0,21.3,0.972,no
2021-10,27101999,IT,BA,67011.0,54.26,1.235,no
2021-10,27101999,IT,BE,7033846.0,5249.773,1.3398,no
2021-10,27101999,IT,BG,13061.0,6.171,2.1165,no
2021-10,27101999,IT,CH,88433.0,27.056,3.2685,no
2021-10,27101999,IT,CZ,13878.0,2.516,5.5159,no
2021-10,27101999,IT,DE,3008250.0,1482.12,2.0297,no
2021-10,27101999,IT,DK,106.0,0.002,53.0,no
2021-10,27101999,IT,EE,804.0,0.048,16.75,no
2021-10,27101999,IT,ES,9337287.0,6885.93,1.356,no
2021-10,27101999,IT,FR,1096037.0,1665.123,0.6582,no
2021-10,27101999,IT,GB,2972872.0,2639.189,1.1264,no
2021-10,27101999,IT,GR,5561354.0,14144.81,0.3932,no
2021-10,27101999,IT,HR,8041.0,1.437,5.5957,no
2021-10,27101999,IT,HU,1111706.0,951.989,1.1678,no
2021-10,27101999,IT,IE,5777.0,0.084,68.7738,no
2021-10,27101999,IT,IN,39003.0,24.675,1.5807,no
2021-10,27101999,IT,JP,6135.0,0.16,38.3438,no
2021-10,27101999,IT,KR,178929.0,116.66,1.5338,no
2021-10,27101999,IT,NL,7394347.0,5790.791,1.2769,no
2021-10,27101999,IT,PL,1709700.0,1621.517,1.0544,no
2021-10,27101999,IT,QV,60362.0,37.691,1.6015,no
2021-10,27101999,IT,RO,12793.0,2.855,4.4809,no
2021-10,27101999,IT,RU,1296380.0,1175.1,1.1032,no
2021-10,27101999,IT,SE,31257.0,28.278,1.1053,no
2021-10,27101999,IT,SI,245897.0,48.195,5.1021,no
2021-10,27101999,IT,TR,216368.0,90.992,2.3779,no
2021-10,27101999,IT,US,141250.0,4.691,30.1109,no
2021-11,27101971,IT,DE,276.0,0.102,2.7059,no
2021-11,27101971,IT,FR,2502.0,0.268,9.3358,no
2021-11,27101971,IT,US,184445.0,197.581,0.9335,no
2021-11,27101981,IT,AL,28180.0,15.312,1.8404,no
2021-11,27101981,IT,AT,56412.0,11.291,4.9962,no
2021-11,27101981,IT,BE,2584767.0,1005.12,2.5716,no
2021-11,27101981,IT,BG,4210.0,0.845,4.9822,no
2021-11,27101981,IT,CH,2150.0,0.6,3.5833,no
2021-11,27101981,IT,CY,803.0,0.162,4.9568,no
2021-11,27101981,IT,CZ,59151.0,12.718,4.651,no
2021-11,27101981,IT,DE,2370744.0,786.553,3.0141,no
2021-11,27101981,IT,DK,4117.0,0.826,4.9843,no
2021-11,27101981,IT,EE,3453.0,0.692,4.9899,no
2021-11,27101981,IT,ES,2750694.0,991.898,2.7732,no
2021-11,27101981,IT,FI,17310.0,3.463,4.9986,no
2021-11,27101981,IT,FR,1995021.0,900.569,2.2153,no
2021-11,27101981,IT,GB,15952.0,4.778,3.3386,no
2021-11,27101981,IT,GR,114818.0,50.399,2.2782,no
2021-11,27101981,IT,HR,25742.0,5.159,4.9897,no
2021-11,27101981,IT,HU,212647.0,102.447,2.0757,no
2021-11,27101981,IT,IE,110.0,0.022,5.0,no
2021-11,27101981,IT,LT,76674.0,43.744,1.7528,no
2021-11,27101981,IT,LU,368.0,0.074,4.973,no
2021-11,27101981,IT,LV,17322.0,3.468,4.9948,no
2021-11,27101981,IT,NL,1296864.0,499.641,2.5956,no
2021-11,27101981,IT,PL,364957.0,54.932,6.6438,no
2021-11,27101981,IT,PT,15122.0,6.721,2.25,no
2021-11,27101981,IT,RO,10644.0,2.134,4.9878,no
2021-11,27101981,IT,SE,181047.0,82.492,2.1947,no
2021-11,27101981,IT,SI,150007.0,25.222,5.9475,no
2021-11,27101981,IT,SK,7838.0,1.515,5.1736,no
2021-11,27101981,IT,TR,22354.0,9.386,2.3816,no
2021-11,27101981,IT,UA,4984.0,2.58,1.9318,no
2021-11,27101981,IT,US,3864.0,0.15,25.76,no
2021-11,27101981,IT,XS,71561.0,33.874,2.1126,no
2021-11,27101983,IT,AT,2419.0,0.12,20.1583,no
2021-11,27101983,IT,BE,131746.0,45.276,2.9098,no
2021-11,27101983,IT,CZ,13850.0,5.196,2.6655,no
2021-11,27101983,IT,DE,386282.0,183.595,2.104,no
2021-11,27101983,IT,ES,49240.0,28.521,1.7264,no
2021-11,27101983,IT,FR,115303.0,51.265,2.2492,no
2021-11,27101983,IT,GB,4571.0,1.382,3.3075,no
2021-11,27101983,IT,HU,36852.0,21.478,1.7158,no
2021-11,27101983,IT,NL,175385.0,99.986,1.7541,no
2021-11,27101983,IT,PL,3069.0,0.262,11.7137,no
2021-11,27101983,IT,SE,31066.0,9.64,3.2226,no
2021-11,27101983,IT,SI,398.0,0.177,2.2486,no
2021-11,27101983,IT,US,3672.0,0.363,10.1157,no
2021-11,27101983,IT,XS,37027.0,22.292,1.661,no
2021-11,27101985,IT,AT,55.0,0.001,55.0,no
2021-11,27101985,IT,BE,628963.0,417.027,1.5082,no
2021-11,27101985,IT,DE,798033.0,525.935,1.5174,no
2021-11,27101985,IT,ES,4010.0,2.595,1.5453,no
2021-11,27101985,IT,FR,339471.0,208.033,1.6318,no
2021-11,27101985,IT,HU,8418.0,3.991,2.1092,no
2021-11,27101985,IT,IN,949718.0,895.22,1.0609,no
2021-11,27101985,IT,NL,609370.0,376.502,1.6185,no
2021-11,27101985,IT,PL,3.0,0.001,3.0,no
2021-11,27101985,IT,PT,8388.0,3.6,2.33,no
2021-11,27101985,IT,SE,664.0,0.004,166.0,no
2021-11,27101985,IT,US,2161.0,0.181,11.9392,no
2021-11,27101987,IT,AL,3714.0,2.262,1.6419,no
2021-11,27101987,IT,AT,1450.0,0.373,3.8874,no
2021-11,27101987,IT,BE,261939.0,81.712,3.2056,no
2021-11,27101987,IT,CZ,4151.0,1.056,3.9309,no
2021-11,27101987,IT,DE,765327.0,187.859,4.0739,no
2021-11,27101987,IT,ES,79047.0,29.325,2.6955,no
2021-11,27101987,IT,FR,346216.0,130.462,2.6538,no
2021-11,27101987,IT,GB,18077.0,0.867,20.8501,no
2021-11,27101987,IT,GR,1892.0,0.933,2.0279,no
2021-11,27101987,IT,HU,38265.0,44.65,0.857,no
2021-11,27101987,IT,KR,1337.0,0.024,55.7083,no
2021-11,27101987,IT,NL,297629.0,80.16,3.7129,no
2021-11,27101987,IT,PL,23869.0,2.427,9.8348,no
2021-11,27101987,IT,SE,22356.0,2.12,10.5453,no
2021-11,27101987,IT,SI,6419.0,2.07,3.101,no
2021-11,27101987,IT,TR,15563.0,5.381,2.8922,no
2021-11,27101987,IT,UA,1002.0,0.429,2.3357,no
2021-11,27101987,IT,US,8205.0,0.876,9.3664,no
2021-11,27101991,IT,AT,6.0,0.002,3.0,no
2021-11,27101991,IT,BE,1926.0,0.872,2.2087,no
2021-11,27101991,IT,CN,3889.0,0.186,20.9086,no
2021-11,27101991,IT,DE,404636.0,170.73,2.37,no
2021-11,27101991,IT,ES,32725.0,13.803,2.3709,no
2021-11,27101991,IT,FR,126829.0,47.741,2.6566,no
2021-11,27101991,IT,GB,296270.0,201.27,1.472,no
2021-11,27101991,IT,MX,44673.0,9.758,4.5781,no
2021-11,27101991,IT,PL,135.0,0.028,4.8214,no
2021-11,27101991,IT,TR,1684.0,0.205,8.2146,no
2021-11,27101991,IT,XS,3139.0,1.465,2.1427,no
2021-11,27101993,IT,BE,98979.0,66.329,1.4922,no
2021-11,27101993,IT,DE,122780.0,110.138,1.1148,no
2021-11,27101993,IT,FR,1138445.0,758.32,1.5013,no
2021-11,27101993,IT,GB,67115.0,38.46,1.7451,no
2021-11,27101993,IT,HU,1589.0,1.02,1.5578,no
2021-11,27101999,IT,AT,106474.0,78.661,1.3536,no
2021-11,27101999,IT,BE,7934972.0,5860.31,1.354,no
2021-11,27101999,IT,BG,56145.0,24.587,2.2835,no
2021-11,27101999,IT,BR,1910.0,0.014,136.4286,no
2021-11,27101999,IT,CH,93592.0,24.841,3.7676,no
2021-11,27101999,IT,CN,1067.0,0.014,76.2143,no
2021-11,27101999,IT,CZ,14185.0,2.534,5.5979,no
2021-11,27101999,IT,DE,2092845.0,1006.964,2.0784,no
2021-11,27101999,IT,ES,8302789.0,7522.881,1.1037,no
2021-11,27101999,IT,FR,933121.0,1633.831,0.5711,no
2021-11,27101999,IT,GB,12296.0,3.283,3.7454,no
2021-11,27101999,IT,GR,5841303.0,14196.563,0.4115,no
2021-11,27101999,IT,HU,332868.0,315.172,1.0561,no
2021-11,27101999,IT,IE,4903.0,0.074,66.2568,no
2021-11,27101999,IT,IN,47447.0,39.97,1.1871,no
2021-11,27101999,IT,JP,54264.0,3.238,16.7585,no
2021-11,27101999,IT,KR,57378.0,38.92,1.4743,no
2021-11,27101999,IT,LU,6.0,0.001,6.0,no
2021-11,27101999,IT,MY,3229754.0,2300.0,1.4042,no
2021-11,27101999,IT,NL,2522494.0,1433.358,1.7598,no
2021-11,27101999,IT,PL,1851882.0,1936.467,0.9563,no
2021-11,27101999,IT,QV,1362.0,0.9,1.5133,no
2021-11,27101999,IT,RO,3406.0,1.235,2.7579,no
2021-11,27101999,IT,RU,873328.0,830.53,1.0515,no
2021-11,27101999,IT,SE,55469.0,43.354,1.2794,no
2021-11,27101999,IT,SI,271554.0,51.626,5.26,no
2021-11,27101999,IT,TR,104081.0,46.441,2.2411,no
2021-11,27101999,IT,US,109661.0,8.21,13.357,no
2021-11,27101999,IT,XS,6711.0,2.159,3.1084,no
2021-12,27101971,IT,BE,3764.0,1.232,3.0552,no
2021-12,27101971,IT,DE,5627.0,1.201,4.6853,no
2021-12,27101971,IT,FR,2477.0,0.54,4.587,no
2021-12,27101971,IT,NL,749.0,0.13,5.7615,no
2021-12,27101981,IT,AL,103724.0,46.231,2.2436,no
2021-12,27101981,IT,AT,61156.0,11.866,5.1539,no
2021-12,27101981,IT,BE,1909651.0,638.529,2.9907,no
2021-12,27101981,IT,BG,4190.0,0.851,4.9236,no
2021-12,27101981,IT,CY,800.0,0.162,4.9383,no
2021-12,27101981,IT,CZ,55186.0,11.009,5.0128,no
2021-12,27101981,IT,DE,2111536.0,648.528,3.2559,no
2021-12,27101981,IT,DK,4097.0,0.831,4.9302,no
2021-12,27101981,IT,EE,3437.0,0.698,4.9241,no
2021-12,27101981,IT,ES,2273357.0,854.313,2.661,no
2021-12,27101981,IT,FI,17232.0,3.489,4.939,no
2021-12,27101981,IT,FR,1588627.0,718.39,2.2114,no
2021-12,27101981,IT,GR,8945.0,2.349,3.808,no
2021-12,27101981,IT,HR,25626.0,5.197,4.9309,no
2021-12,27101981,IT,HU,150260.0,77.853,1.93,no
2021-12,27101981,IT,IE,109.0,0.023,4.7391,no
2021-12,27101981,IT,JP,1067.0,0.033,32.3333,no
2021-12,27101981,IT,LT,47262.0,24.04,1.966,no
2021-12,27101981,IT,LU,367.0,0.075,4.8933,no
2021-12,27101981,IT,LV,17242.0,3.495,4.9333,no
2021-12,27101981,IT,NL,1150287.0,481.735,2.3878,no
2021-12,27101981,IT,PL,339865.0,49.223,6.9046,no
2021-12,27101981,IT,PT,41836.0,16.355,2.558,no
2021-12,27101981,IT,RO,10593.0,2.152,4.9224,no
2021-12,27101981,IT,SE,228941.0,88.122,2.598,no
2021-12,27101981,IT,SI,84602.0,13.365,6.3301,no
2021-12,27101981,IT,SK,11031.0,3.084,3.5768,no
2021-12,27101981,IT,TR,53957.0,20.143,2.6787,no
2021-12,27101981,IT,UA,1094.0,0.576,1.8993,no
2021-12,27101981,IT,US,6041.0,0.003,2013.6667,no
2021-12,27101981,IT,XS,27330.0,13.343,2.0483,no
2021-12,27101983,IT,AL,3046.0,1.896,1.6065,no
2021-12,27101983,IT,AT,197.0,0.039,5.0513,no
2021-12,27101983,IT,BE,115396.0,27.765,4.1562,no
2021-12,27101983,IT,CN,1823.0,0.097,18.7938,no
2021-12,27101983,IT,CZ,13453.0,5.634,2.3878,no
2021-12,27101983,IT,DE,308559.0,138.604,2.2262,no
2021-12,27101983,IT,DK,77.0,0.019,4.0526,no
2021-12,27101983,IT,ES,116535.0,59.125,1.971,no
2021-12,27101983,IT,FR,140239.0,63.947,2.1931,no
2021-12,27101983,IT,GB,24755.0,7.782,3.1811,no
2021-12,27101983,IT,HU,187281.0,145.474,1.2874,no
2021-12,27101983,IT,NL,110077.0,55.945,1.9676,no
2021-12,27101983,IT,PL,1523.0,0.184,8.2772,no
2021-12,27101983,IT,PT,8800.0,2.927,3.0065,no
2021-12,27101983,IT,SE,16531.0,6.26,2.6407,no
2021-12,27101983,IT,TR,1200.0,0.4,3.0,no
2021-12,27101983,IT,XS,1108.0,0.733,1.5116,no
2021-12,27101985,IT,AT,2528.0,0.708,3.5706,no
2021-12,27101985,IT,BE,420945.0,273.985,1.5364,no
2021-12,27101985,IT,DE,497278.0,360.691,1.3787,no
2021-12,27101985,IT,FR,354705.0,219.513,1.6159,no
2021-12,27101985,IT,GB,2351.0,0.174,13.5115,no
2021-12,27101985,IT,HU,9876.0,4.629,2.1335,no
2021-12,27101985,IT,IN,118148.0,96.045,1.2301,no
2021-12,27101985,IT,NL,1521917.0,808.464,1.8825,no
2021-12,27101985,IT,PL,4.0,0.001,4.0,no
2021-12,27101985,IT,PT,5994.0,2.7,2.22,no
2021-12,27101985,IT,SE,442.0,0.002,221.0,no
2021-12,27101987,IT,AL,12296.0,6.557,1.8752,no
2021-12,27101987,IT,AT,1304.0,0.151,8.6358,no
2021-12,27101987,IT,BE,92860.0,28.696,3.236,no
2021-12,27101987,IT,CZ,2924.0,0.685,4.2686,no
2021-12,27101987,IT,DE,402397.0,69.996,5.7489,no
2021-12,27101987,IT,ES,93985.0,38.437,2.4452,no
2021-12,27101987,IT,FR,252376.0,97.849,2.5792,no
2021-12,27101987,IT,GB,9389.0,1.021,9.1959,no
2021-12,27101987,IT,GR,3507.0,1.782,1.968,no
2021-12,27101987,IT,HU,32140.0,12.069,2.663,no
2021-12,27101987,IT,KR,1711.0,0.135,12.6741,no
2021-12,27101987,IT,NL,196530.0,52.718,3.7279,no
2021-12,27101987,IT,PL,22209.0,2.138,10.3877,no
2021-12,27101987,IT,PT,3741.0,1.406,2.6607,no
2021-12,27101987,IT,SE,13441.0,1.304,10.3075,no
2021-12,27101987,IT,SK,222.0,0.028,7.9286,no
2021-12,27101987,IT,TR,28369.0,12.055,2.3533,no
2021-12,27101987,IT,XS,3281.0,1.486,2.2079,no
2021-12,27101991,IT,AT,6.0,0.002,3.0,no
2021-12,27101991,IT,BE,1976.0,0.872,2.2661,no
2021-12,27101991,IT,CH,6856.0,0.892,7.6861,no
2021-12,27101991,IT,DE,325445.0,114.579,2.8404,no
2021-12,27101991,IT,ES,3080.0,1.005,3.0647,no
2021-12,27101991,IT,FR,74976.0,23.102,3.2454,no
2021-12,27101991,IT,GB,273101.0,185.53,1.472,no
2021-12,27101991,IT,JP,10401.0,0.274,37.9599,no
2021-12,27101991,IT,MX,40369.0,8.918,4.5267,no
2021-12,27101991,IT,NL,5990.0,1.21,4.9504,no
2021-12,27101991,IT,PL,70.0,0.012,5.8333,no
2021-12,27101993,IT,BE,189641.0,100.283,1.8911,no
2021-12,27101993,IT,CH,5544.0,1.534,3.6141,no
2021-12,27101993,IT,DE,44124.0,45.105,0.9783,no
2021-12,27101993,IT,ES,716917.0,400.553,1.7898,no
2021-12,27101993,IT,FR,818191.0,571.86,1.4308,no
2021-12,27101993,IT,GB,377958.0,133.06,2.8405,no
2021-12,27101999,IT,AL,8045.0,4.136,1.9451,no
2021-12,27101999,IT,AT,48238.0,402.354,0.1199,no
2021-12,27101999,IT,BA,63895.0,53.92,1.185,no
2021-12,27101999,IT,BE,4055022.0,3190.767,1.2709,no
2021-12,27101999,IT,CH,155373.0,36.122,4.3013,no
2021-12,27101999,IT,CZ,12304.0,2.439,5.0447,no
2021-12,27101999,IT,DE,2323105.0,1289.64,1.8014,no
2021-12,27101999,IT,EE,400.0,0.031,12.9032,no
2021-12,27101999,IT,ES,17271098.0,13336.679,1.295,no
2021-12,27101999,IT,FR,1428849.0,2962.532,0.4823,no
2021-12,27101999,IT,GB,19946.0,1.314,15.1796,no
2021-12,27101999,IT,GR,3739522.0,10072.278,0.3713,no
2021-12,27101999,IT,HR,268.0,0.057,4.7018,no
2021-12,27101999,IT,HU,1509626.0,1312.811,1.1499,no
2021-12,27101999,IT,IE,5921.0,0.087,68.0575,no
2021-12,27101999,IT,JP,33727.0,6.156,5.4787,no
2021-12,27101999,IT,KR,413131.0,273.06,1.513,no
2021-12,27101999,IT,LU,928.0,0.007,132.5714,no
2021-12,27101999,IT,NL,4590723.0,3059.694,1.5004,no
2021-12,27101999,IT,PL,1092805.0,1228.563,0.8895,no
2021-12,27101999,IT,PT,1693.0,0.72,2.3514,no
2021-12,27101999,IT,QV,610.0,0.407,1.4988,no
2021-12,27101999,IT,QW,2000.0,0.832,2.4038,no
2021-12,27101999,IT,RU,692918.0,762.452,0.9088,no
2021-12,27101999,IT,SE,40443.0,20.81,1.9434,no
2021-12,27101999,IT,SI,73750.0,13.64,5.4069,no
2021-12,27101999,IT,TR,78049.0,37.898,2.0594,no
2021-12,27101999,IT,US,73550.0,12.951,5.6791,no
2021-12,27101999,IT,XS,4819.0,1.589,3.0327,no
2022-01,27101971,IT,DE,326.0,0.057,5.7193,no
2022-01,27101971,IT,FR,2161.0,0.368,5.8723,no
2022-01,27101971,IT,RO,43.0,0.01,4.3,no
2022-01,27101971,IT,TW,208312.0,140.62,1.4814,no
2022-01,27101971,IT,US,113723.0,118.485,0.9598,no
2022-01,27101981,IT,AL,24811.0,13.421,1.8487,no
2022-01,27101981,IT,AT,577878.0,192.895,2.9958,no
2022-01,27101981,IT,BE,2612689.0,946.314,2.7609,no
2022-01,27101981,IT,CN,2555.0,0.767,3.3312,no
2022-01,27101981,IT,CZ,43938.0,6.949,6.3229,no
2022-01,27101981,IT,DE,2084310.0,628.172,3.3181,no
2022-01,27101981,IT,EG,22432.0,11.211,2.0009,no
2022-01,27101981,IT,ES,1021353.0,411.363,2.4829,no
2022-01,27101981,IT,FR,1200308.0,475.421,2.5247,no
2022-01,27101981,IT,GB,16776.0,5.555,3.02,no
2022-01,27101981,IT,HU,183890.0,101.217,1.8168,no
2022-01,27101981,IT,LT,28021.0,4.0,7.0053,no
2022-01,27101981,IT,NL,1084524.0,426.772,2.5412,no
2022-01,27101981,IT,PL,497675.0,100.008,4.9764,no
2022-01,27101981,IT,PT,1088.0,0.027,40.2963,no
2022-01,27101981,IT,RO,199997.0,40.2,4.975,no
2022-01,27101981,IT,SE,225703.0,110.941,2.0344,no
2022-01,27101981,IT,SI,421274.0,79.339,5.3098,no
2022-01,27101981,IT,SK,2363.0,0.117,20.1966,no
2022-01,27101981,IT,US,35501.0,7.825,4.5369,no
2022-01,27101981,IT,XS,28542.0,13.525,2.1103,no
2022-01,27101983,IT,AT,18936.0,2.878,6.5796,no
2022-01,27101983,IT,BE,163887.0,75.605,2.1677,no
2022-01,27101983,IT,CZ,9479.0,3.739,2.5352,no
2022-01,27101983,IT,DE,319485.0,143.255,2.2302,no
2022-01,27101983,IT,ES,94857.0,46.294,2.049,no
2022-01,27101983,IT,FR,65323.0,26.889,2.4294,no
2022-01,27101983,IT,GB,5309.0,0.567,9.3633,no
2022-01,27101983,IT,HU,61873.0,46.15,1.3407,no
2022-01,27101983,IT,NL,49354.0,27.245,1.8115,no
2022-01,27101983,IT,RO,2827.0,1.457,1.9403,no
2022-01,27101983,IT,SE,12230.0,4.999,2.4465,no
2022-01,27101983,IT,XS,6452.0,3.979,1.6215,no
2022-01,27101985,IT,AT,760.0,0.221,3.4389,no
2022-01,27101985,IT,BE,388934.0,268.457,1.4488,no
2022-01,27101985,IT,DE,770272.0,464.159,1.6595,no
2022-01,27101985,IT,ES,4960.0,3.38,1.4675,no
2022-01,27101985,IT,FR,478180.0,348.457,1.3723,no
2022-01,27101985,IT,GB,1388.0,0.038,36.5263,no
2022-01,27101985,IT,HU,14482.0,5.18,2.7958,no
2022-01,27101985,IT,IN,378161.0,317.235,1.1921,no
2022-01,27101985,IT,NL,319417.0,206.561,1.5464,no
2022-01,27101985,IT,PL,9.0,0.002,4.5,no
2022-01,27101985,IT,PT,12780.0,5.4,2.3667,no
2022-01,27101985,IT,US,1388.0,0.038,36.5263,no
2022-01,27101987,IT,AL,4994.0,2.914,1.7138,no
2022-01,27101987,IT,AT,13968.0,1.726,8.0927,no
2022-01,27101987,IT,BE,332617.0,92.155,3.6093,no
2022-01,27101987,IT,CZ,2513.0,0.529,4.7505,no
2022-01,27101987,IT,DE,805786.0,144.13,5.5907,no
2022-01,27101987,IT,ES,223138.0,102.196,2.1834,no
2022-01,27101987,IT,FR,289071.0,101.418,2.8503,no
2022-01,27101987,IT,GB,15590.0,1.009,15.4509,no
2022-01,27101987,IT,HU,8347.0,3.05,2.7367,no
2022-01,27101987,IT,IE,672.0,0.08,8.4,no
2022-01,27101987,IT,KR,2758.0,0.171,16.1287,no
2022-01,27101987,IT,LT,358.0,0.464,0.7716,no
2022-01,27101987,IT,NL,142797.0,45.197,3.1594,no
2022-01,27101987,IT,RO,34.0,0.003,11.3333,no
2022-01,27101987,IT,SE,12710.0,1.412,9.0014,no
2022-01,27101991,IT,AT,5179.0,1.504,3.4435,no
2022-01,27101991,IT,DE,258953.0,90.268,2.8687,no
2022-01,27101991,IT,ES,17991.0,5.597,3.2144,no
2022-01,27101991,IT,FR,94722.0,40.528,2.3372,no
2022-01,27101991,IT,GB,154560.0,105.0,1.472,no
2022-01,27101991,IT,MX,26935.0,5.99,4.4967,no
2022-01,27101991,IT,NL,7417.0,1.788,4.1482,no
2022-01,27101993,IT,BE,50517.0,24.51,2.0611,no
2022-01,27101993,IT,DE,11240.0,4.38,2.5662,no
2022-01,27101993,IT,FR,1084414.0,796.86,1.3609,no
2022-01,27101993,IT,GB,230524.0,80.8,2.853,no
2022-01,27101999,IT,AL,15479.0,8.329,1.8584,no
2022-01,27101999,IT,AT,218621.0,609.88,0.3585,no
2022-01,27101999,IT,BA,147655.0,134.22,1.1001,no
2022-01,27101999,IT,BE,7344088.0,6245.348,1.1759,no
2022-01,27101999,IT,BG,5231.0,2.08,2.5149,no
2022-01,27101999,IT,CA,10670.0,0.899,11.8687,no
2022-01,27101999,IT,CH,138561.0,34.546,4.0109,no
2022-01,27101999,IT,CZ,11972.0,2.326,5.147,no
2022-01,27101999,IT,DE,2224071.0,1130.637,1.9671,no
2022-01,27101999,IT,DK,418.0,0.002,209.0,no
2022-01,27101999,IT,ES,6033450.0,5160.277,1.1692,no
2022-01,27101999,IT,FR,1187361.0,733.267,1.6193,no
2022-01,27101999,IT,GB,2768034.0,2622.714,1.0554,no
2022-01,27101999,IT,GR,50621.0,42.868,1.1809,no
2022-01,27101999,IT,HU,631176.0,663.422,0.9514,no
2022-01,27101999,IT,IE,5724.0,0.084,68.1429,no
2022-01,27101999,IT,JP,86199.0,6.03,14.295,no
2022-01,27101999,IT,KR,108945.0,75.0,1.4526,no
2022-01,27101999,IT,MY,5128679.0,3749.9,1.3677,no
2022-01,27101999,IT,NL,7483244.0,6161.735,1.2145,no
2022-01,27101999,IT,PL,1514940.0,1763.493,0.8591,no
2022-01,27101999,IT,PT,77763.0,12.503,6.2195,no
2022-01,27101999,IT,RO,162.0,0.01,16.2,no
2022-01,27101999,IT,RU,1228581.0,1332.658,0.9219,no
2022-01,27101999,IT,SE,84837.0,62.389,1.3598,no
2022-01,27101999,IT,SI,725494.0,128.12,5.6626,no
2022-01,27101999,IT,US,131423.0,13.936,9.4305,no
2022-01,27101999,IT,XS,1244.0,0.353,3.5241,no
2022-02,27101971,IT,BE,228.0,0.014,16.2857,no
2022-02,27101971,IT,DE,75.0,0.05,1.5,no
2022-02,27101971,IT,ES,1854.0,0.38,4.8789,no
2022-02,27101971,IT,FR,8064.0,1.371,5.8818,no
2022-02,27101971,IT,TW,227096.0,160.57,1.4143,no
2022-02,27101981,IT,AL,21010.0,11.126,1.8884,no
2022-02,27101981,IT,AT,376553.0,86.717,4.3423,no
2022-02,27101981,IT,BE,3716927.0,1489.841,2.4948,no
2022-02,27101981,IT,CZ,8410.0,2.404,3.4983,no
2022-02,27101981,IT,DE,1997045.0,621.187,3.2149,no
2022-02,27101981,IT,ES,1965832.0,803.116,2.4478,no
2022-02,27101981,IT,FR,1851533.0,867.871,2.1334,no
2022-02,27101981,IT,GB,38990.0,18.807,2.0732,no
2022-02,27101981,IT,GR,355053.0,143.81,2.4689,no
2022-02,27101981,IT,HU,82806.0,36.551,2.2655,no
2022-02,27101981,IT,IE,21.0,0.001,21.0,no
2022-02,27101981,IT,LT,22182.0,4.537,4.8891,no
2022-02,27101981,IT,NL,2010977.0,796.899,2.5235,no
2022-02,27101981,IT,PL,281868.0,56.786,4.9637,no
2022-02,27101981,IT,QV,4000.0,1.248,3.2051,no
2022-02,27101981,IT,RO,249407.0,51.001,4.8902,no
2022-02,27101981,IT,SE,109620.0,64.454,1.7007,no
2022-02,27101981,IT,SI,393355.0,73.902,5.3227,no
2022-02,27101981,IT,SK,6012.0,1.565,3.8415,no
2022-02,27101981,IT,TR,22240.0,9.742,2.2829,no
2022-02,27101981,IT,US,86353.0,26.295,3.284,no
2022-02,27101981,IT,XS,132981.0,61.16,2.1743,no
2022-02,27101983,IT,AL,1160.0,1.05,1.1048,no
2022-02,27101983,IT,AT,8552.0,1.688,5.0664,no
2022-02,27101983,IT,BE,311633.0,102.401,3.0433,no
2022-02,27101983,IT,CZ,12425.0,4.684,2.6526,no
2022-02,27101983,IT,DE,572032.0,282.288,2.0264,no
2022-02,27101983,IT,ES,214367.0,116.135,1.8458,no
2022-02,27101983,IT,FR,221133.0,142.86,1.5479,no
2022-02,27101983,IT,GB,1215.0,0.488,2.4898,no
2022-02,27101983,IT,GR,12903.0,5.124,2.5181,no
2022-02,27101983,IT,HU,123653.0,97.808,1.2642,no
2022-02,27101983,IT,LT,18121.0,3.196,5.6699,no
2022-02,27101983,IT,NL,72259.0,34.616,2.0874,no
2022-02,27101983,IT,PL,40413.0,8.148,4.9599,no
2022-02,27101983,IT,RO,7188.0,0.1,71.88,no
2022-02,27101983,IT,SE,21496.0,9.367,2.2949,no
2022-02,27101983,IT,XS,27412.0,16.79,1.6326,no
2022-02,27101985,IT,AE,34228.0,19.98,1.7131,no
2022-02,27101985,IT,AT,1517.0,0.211,7.1896,no
2022-02,27101985,IT,BE,272612.0,185.393,1.4705,no
2022-02,27101985,IT,DE,702816.0,316.95,2.2174,no
2022-02,27101985,IT,ES,19048.0,9.681,1.9676,no
2022-02,27101985,IT,FR,511131.0,353.404,1.4463,no
2022-02,27101985,IT,IN,138200.0,119.55,1.156,no
2022-02,27101985,IT,LU,2384.0,0.032,74.5,no
2022-02,27101985,IT,NL,1455976.0,1055.425,1.3795,no
2022-02,27101985,IT,PL,12.0,0.003,4.0,no
2022-02,27101985,IT,PT,8388.0,3.6,2.33,no
2022-02,27101985,IT,SE,110.0,0.001,110.0,no
2022-02,27101985,IT,US,1344.0,0.042,32.0,no
2022-02,27101987,IT,AL,4597.0,2.445,1.8802,no
2022-02,27101987,IT,AT,5374.0,0.66,8.1424,no
2022-02,27101987,IT,BE,153798.0,48.613,3.1637,no
2022-02,27101987,IT,CZ,6757.0,1.606,4.2073,no
2022-02,27101987,IT,DE,702825.0,149.321,4.7068,no
2022-02,27101987,IT,DK,2554.0,0.583,4.3808,no
2022-02,27101987,IT,ES,204578.0,93.418,2.1899,no
2022-02,27101987,IT,FR,345517.0,144.39,2.3929,no
2022-02,27101987,IT,GB,49260.0,7.517,6.5531,no
2022-02,27101987,IT,GR,12720.0,5.027,2.5303,no
2022-02,27101987,IT,HU,31091.0,18.166,1.7115,no
2022-02,27101987,IT,IE,2879.0,0.46,6.2587,no
2022-02,27101987,IT,KR,3657.0,0.209,17.4976,no
2022-02,27101987,IT,NL,396963.0,100.371,3.955,no
2022-02,27101987,IT,PL,7934.0,0.96,8.2646,no
2022-02,27101987,IT,PT,3930.0,0.694,5.6628,no
2022-02,27101987,IT,RO,11.0,0.001,11.0,no
2022-02,27101987,IT,SE,41747.0,9.976,4.1847,no
2022-02,27101987,IT,SI,19026.0,2.349,8.0996,no
2022-02,27101987,IT,SK,238.0,0.029,8.2069,no
2022-02,27101987,IT,TR,3085.0,1.137,2.7133,no
2022-02,27101987,IT,US,8017.0,0.746,10.7466,no
2022-02,27101991,IT,AT,11129.0,3.895,2.8573,no
2022-02,27101991,IT,BE,17685.0,6.687,2.6447,no
2022-02,27101991,IT,DE,474312.0,161.194,2.9425,no
2022-02,27101991,IT,ES,13544.0,7.464,1.8146,no
2022-02,27101991,IT,FR,253135.0,94.28,2.6849,no
2022-02,27101991,IT,GB,309120.0,210.0,1.472,no
2022-02,27101991,IT,MX,37827.0,8.538,4.4304,no
2022-02,27101991,IT,NL,1057.0,0.185,5.7135,no
2022-02,27101991,IT,SE,2769.0,0.716,3.8673,no
2022-02,27101991,IT,XS,2184.0,1.001,2.1818,no
2022-02,27101993,IT,BE,31606.0,15.96,1.9803,no
2022-02,27101993,IT,DE,102900.0,92.041,1.118,no
2022-02,27101993,IT,ES,519292.0,417.92,1.2426,no
2022-02,27101993,IT,FR,1527606.0,1224.6,1.2474,no
2022-02,27101993,IT,GB,287656.0,100.52,2.8617,no
2022-02,27101999,IT,AT,292615.0,196.427,1.4897,no
2022-02,27101999,IT,BA,229996.0,219.304,1.0488,no
2022-02,27101999,IT,BE,10703654.0,8705.058,1.2296,no
2022-02,27101999,IT,BG,25909.0,12.061,2.1482,no
2022-02,27101999,IT,CH,100918.0,27.858,3.6226,no
2022-02,27101999,IT,CZ,12088.0,2.307,5.2397,no
2022-02,27101999,IT,DE,3741171.0,1987.108,1.8827,no
2022-02,27101999,IT,DK,17.0,0.001,17.0,no
2022-02,27101999,IT,ES,17250746.0,15332.851,1.1251,no
2022-02,27101999,IT,FI,94.0,0.001,94.0,no
2022-02,27101999,IT,FR,2128737.0,1264.384,1.6836,no
2022-02,27101999,IT,GB,1947759.0,1743.205,1.1173,no
2022-02,27101999,IT,GR,6809045.0,14173.431,0.4804,no
2022-02,27101999,IT,HR,2736.0,0.51,5.3647,no
2022-02,27101999,IT,HU,985309.0,1014.914,0.9708,no
2022-02,27101999,IT,KR,5503.0,0.264,20.8447,no
2022-02,27101999,IT,LU,494.0,0.006,82.3333,no
2022-02,27101999,IT,NL,5941956.0,3673.649,1.6175,no
2022-02,27101999,IT,PL,1640853.0,1730.469,0.9482,no
2022-02,27101999,IT,PT,113930.0,18.171,6.2699,no
2022-02,27101999,IT,RO,4005.0,1.801,2.2238,no
2022-02,27101999,IT,RU,1281469.0,1494.345,0.8575,no
2022-02,27101999,IT,SE,144403.0,90.413,1.5971,no
2022-02,27101999,IT,SI,580131.0,96.174,6.0321,no
2022-02,27101999,IT,TR,91435.0,47.996,1.9051,no
2022-02,27101999,IT,US,297816.0,151.384,1.9673,no
2022-03,27101971,IT,DE,208.0,0.113,1.8407,no
2022-03,27101971,IT,FR,6015.0,0.893,6.7357,no
2022-03,27101971,IT,US,188993.0,197.975,0.9546,no
2022-03,27101981,IT,AL,32588.0,17.25,1.8892,no
2022-03,27101981,IT,AT,624960.0,141.631,4.4126,no
2022-03,27101981,IT,BE,3492376.0,1267.42,2.7555,no
2022-03,27101981,IT,CN,5330.0,1.288,4.1382,no
2022-03,27101981,IT,CZ,31018.0,5.974,5.1922,no
2022-03,27101981,IT,DE,2945600.0,950.485,3.099,no
2022-03,27101981,IT,ES,2304220.0,857.519,2.6871,no
2022-03,27101981,IT,FR,2222891.0,932.353,2.3842,no
2022-03,27101981,IT,GB,31314.0,10.23,3.061,no
2022-03,27101981,IT,GR,153043.0,59.655,2.5655,no
2022-03,27101981,IT,HR,37978.0,20.811,1.8249,no
2022-03,27101981,IT,HU,362135.0,197.647,1.8322,no
2022-03,27101981,IT,JP,2390.0,0.122,19.5902,no
2022-03,27101981,IT,MT,53213.0,10.927,4.8699,no
2022-03,27101981,IT,NL,2009196.0,799.357,2.5135,no
2022-03,27101981,IT,PL,764225.0,154.406,4.9495,no
2022-03,27101981,IT,RO,535.0,0.06,8.9167,no
2022-03,27101981,IT,RU,1090.0,0.554,1.9675,no
2022-03,27101981,IT,SE,282731.0,124.884,2.2639,no
2022-03,27101981,IT,SI,547507.0,94.06,5.8208,no
2022-03,27101981,IT,SK,946.0,0.093,10.172,no
2022-03,27101981,IT,TR,43903.0,15.29,2.8714,no
2022-03,27101981,IT,US,49415.0,10.459,4.7246,no
2022-03,27101981,IT,XS,34176.0,17.164,1.9911,no
2022-03,27101983,IT,AT,4862.0,0.748,6.5,no
2022-03,27101983,IT,BE,399446.0,146.357,2.7293,no
2022-03,27101983,IT,CZ,21000.0,6.543,3.2095,no
2022-03,27101983,IT,DE,605132.0,279.444,2.1655,no
2022-03,27101983,IT,ES,203821.0,118.533,1.7195,no
2022-03,27101983,IT,FR,190872.0,78.466,2.4325,no
2022-03,27101983,IT,GB,4643.0,0.549,8.4572,no
2022-03,27101983,IT,GR,12636.0,5.116,2.4699,no
2022-03,27101983,IT,HR,32236.0,20.92,1.5409,no
2022-03,27101983,IT,HU,196442.0,136.771,1.4363,no
2022-03,27101983,IT,NL,139527.0,83.189,1.6772,no
2022-03,27101983,IT,PL,9363.0,1.637,5.7196,no
2022-03,27101983,IT,QV,3408.0,1.98,1.7212,no
2022-03,27101983,IT,RO,2400.0,1.197,2.005,no
2022-03,27101983,IT,RU,3537.0,2.242,1.5776,no
2022-03,27101983,IT,SE,27393.0,11.24,2.4371,no
2022-03,27101983,IT,TR,4286.0,1.45,2.9559,no
2022-03,27101985,IT,AT,4563.0,1.608,2.8377,no
2022-03,27101985,IT,BE,523219.0,349.121,1.4987,no
2022-03,27101985,IT,CN,4582.0,0.725,6.32,no
2022-03,27101985,IT,DE,1428118.0,519.865,2.7471,no
2022-03,27101985,IT,ES,5638.0,0.956,5.8975,no
2022-03,27101985,IT,FR,681493.0,418.986,1.6265,no
2022-03,27101985,IT,GB,3223.0,0.244,13.209,no
2022-03,27101985,IT,HU,773.0,0.34,2.2735,no
2022-03,27101985,IT,IN,191599.0,139.23,1.3761,no
2022-03,27101985,IT,NL,301555.0,151.144,1.9952,no
2022-03,27101985,IT,NO,3816.0,0.72,5.3,no
2022-03,27101985,IT,PT,18774.0,8.1,2.3178,no
2022-03,27101985,IT,SE,4270.0,0.216,19.7685,no
2022-03,27101987,IT,AL,1668.0,0.946,1.7632,no
2022-03,27101987,IT,AT,10063.0,1.277,7.8802,no
2022-03,27101987,IT,BE,323859.0,99.069,3.269,no
2022-03,27101987,IT,CZ,4177.0,0.833,5.0144,no
2022-03,27101987,IT,DE,1038026.0,242.497,4.2806,no
2022-03,27101987,IT,ES,275398.0,128.141,2.1492,no
2022-03,27101987,IT,FR,234643.0,74.945,3.1309,no
2022-03,27101987,IT,GB,22127.0,2.883,7.675,no
2022-03,27101987,IT,GR,1795.0,0.736,2.4389,no
2022-03,27101987,IT,HU,60365.0,24.182,2.4963,no
2022-03,27101987,IT,KR,4663.0,0.264,17.6629,no
2022-03,27101987,IT,NL,392940.0,96.5,4.0719,no
2022-03,27101987,IT,PL,3447.0,0.209,16.4928,no
2022-03,27101987,IT,RO,12.0,0.001,12.0,no
2022-03,27101987,IT,RU,2899.0,1.327,2.1846,no
2022-03,27101987,IT,SE,37967.0,5.888,6.4482,no
2022-03,27101987,IT,SI,5235.0,0.651,8.0415,no
2022-03,27101987,IT,SK,296.0,0.037,8.0,no
2022-03,27101987,IT,TR,30980.0,16.524,1.8748,no
2022-03,27101987,IT,US,6435.0,0.357,18.0252,no
2022-03,27101987,IT,XS,2218.0,0.543,4.0847,no
2022-03,27101991,IT,AT,25328.0,6.569,3.8557,no
2022-03,27101991,IT,BE,4414.0,1.312,3.3643,no
2022-03,27101991,IT,DE,400388.0,150.9,2.6533,no
2022-03,27101991,IT,ES,6472.0,2.475,2.6149,no
2022-03,27101991,IT,FR,118048.0,48.115,2.4535,no
2022-03,27101991,IT,GB,314302.0,213.52,1.472,no
2022-03,27101991,IT,HR,440.0,0.179,2.4581,no
2022-03,27101991,IT,MX,62512.0,13.88,4.5037,no
2022-03,27101991,IT,NL,13771.0,2.98,4.6211,no
2022-03,27101993,IT,BE,107528.0,75.638,1.4216,no
2022-03,27101993,IT,DE,63723.0,53.22,1.1974,no
2022-03,27101993,IT,ES,543901.0,419.8,1.2956,no
2022-03,27101993,IT,FR,1876101.0,1407.68,1.3328,no
2022-03,27101993,IT,GB,176628.0,91.46,1.9312,no
2022-03,27101999,IT,AT,584758.0,400.6,1.4597,no
2022-03,27101999,IT,BE,8814165.0,7264.929,1.2132,no
2022-03,27101999,IT,BG,1425.0,0.57,2.5,no
2022-03,27101999,IT,BR,12320.0,1.591,7.7436,no
2022-03,27101999,IT,CH,191831.0,46.924,4.0881,no
2022-03,27101999,IT,CN,8455.0,0.675,12.5259,no
2022-03,27101999,IT,CZ,15909.0,1.152,13.8099,no
2022-03,27101999,IT,DE,3702337.0,2087.727,1.7734,no
2022-03,27101999,IT,ES,13179354.0,12071.368,1.0918,no
2022-03,27101999,IT,FR,2435198.0,1498.955,1.6246,no
2022-03,27101999,IT,GB,119517.0,20.895,5.7199,no
2022-03,27101999,IT,GR,384374.0,290.623,1.3226,no
2022-03,27101999,IT,HR,7301.0,3.401,2.1467,no
2022-03,27101999,IT,HU,1369056.0,1475.83,0.9277,no
2022-03,27101999,IT,IN,20946.0,19.85,1.0552,no
2022-03,27101999,IT,JP,22692.0,5.608,4.0464,no
2022-03,27101999,IT,NL,4859574.0,3293.837,1.4754,no
2022-03,27101999,IT,PL,1915319.0,2094.867,0.9143,no
2022-03,27101999,IT,PT,92536.0,14.459,6.3999,no
2022-03,27101999,IT,QV,7240.0,4.24,1.7075,no
2022-03,27101999,IT,RO,5609.0,2.4,2.3371,no
2022-03,27101999,IT,RU,952450.0,1021.561,0.9323,no
2022-03,27101999,IT,SE,55731.0,36.503,1.5268,no
2022-03,27101999,IT,SI,1343813.0,221.368,6.0705,no
2022-03,27101999,IT,TR,49949.0,27.78,1.798,no
2022-03,27101999,IT,US,443450.0,145.606,3.0455,no
2022-03,27101999,IT,XS,1951.0,0.738,2.6436,no
2022-04,27101971,IT,DE,54.0,0.051,1.0588,no
2022-04,27101971,IT,FR,3622.0,0.466,7.7725,no
2022-04,27101971,IT,NL,52.0,0.002,26.0,no
2022-04,27101971,IT,TW,152905.0,100.33,1.524,no
2022-04,27101981,IT,AT,905337.0,166.893,5.4247,no
2022-04,27101981,IT,BE,3519075.0,1294.081,2.7194,no
2022-04,27101981,IT,CZ,15322.0,3.153,4.8595,no
2022-04,27101981,IT,DE,1810974.0,530.181,3.4158,no
2022-04,27101981,IT,DK,1764069.0,1432.971,1.2311,no
2022-04,27101981,IT,EE,53880.0,10.283,5.2397,no
2022-04,27101981,IT,ES,2079894.0,795.007,2.6162,no
2022-04,27101981,IT,FR,1587875.0,669.633,2.3713,no
2022-04,27101981,IT,GB,1368.0,0.004,342.0,no
2022-04,27101981,IT,GR,101161.0,40.182,2.5176,no
2022-04,27101981,IT,HR,123159.0,60.957,2.0204,no
2022-04,27101981,IT,HU,72113.0,42.889,1.6814,no
2022-04,27101981,IT,IE,97.0,0.001,97.0,no
2022-04,27101981,IT,LT,28011.0,5.346,5.2396,no
2022-04,27101981,IT,LV,22424.0,4.28,5.2393,no
2022-04,27101981,IT,MT,13630.0,2.602,5.2383,no
2022-04,27101981,IT,NL,1561124.0,605.401,2.5787,no
2022-04,27101981,IT,PL,413888.0,77.959,5.309,no
2022-04,27101981,IT,QV,17205.0,4.65,3.7,no
2022-04,27101981,IT,RO,309.0,0.034,9.0882,no
2022-04,27101981,IT,SE,298530.0,146.987,2.031,no
2022-04,27101981,IT,SI,616690.0,113.395,5.4384,no
2022-04,27101981,IT,SK,742.0,0.04,18.55,no
2022-04,27101981,IT,TH,4817.0,0.186,25.8978,no
2022-04,27101981,IT,TR,53739.0,24.966,2.1525,no
2022-04,27101981,IT,UA,3186.0,1.587,2.0076,no
2022-04,27101981,IT,US,18838.0,0.068,277.0294,no
2022-04,27101983,IT,AT,18464.0,3.076,6.0026,no
2022-04,27101983,IT,BE,225551.0,58.158,3.8782,no
2022-04,27101983,IT,CZ,35613.0,6.205,5.7394,no
2022-04,27101983,IT,DE,819944.0,365.005,2.2464,no
2022-04,27101983,IT,DK,163.0,0.018,9.0556,no
2022-04,27101983,IT,ES,165003.0,91.309,1.8071,no
2022-04,27101983,IT,FI,21219.0,13.879,1.5289,no
2022-04,27101983,IT,FR,131873.0,53.18,2.4797,no
2022-04,27101983,IT,GB,5154.0,0.367,14.0436,no
2022-04,27101983,IT,GR,20090.0,8.76,2.2934,no
2022-04,27101983,IT,HR,63419.0,39.782,1.5942,no
2022-04,27101983,IT,HU,122645.0,96.62,1.2694,no
2022-04,27101983,IT,NL,190875.0,111.137,1.7175,no
2022-04,27101983,IT,PL,12540.0,2.09,6.0,no
2022-04,27101983,IT,SE,19083.0,8.596,2.22,no
2022-04,27101983,IT,SI,11259.0,1.877,5.9984,no
2022-04,27101983,IT,US,1114.0,0.181,6.1547,no
2022-04,27101985,IT,AT,135.0,0.004,33.75,no
2022-04,27101985,IT,BE,304015.0,192.999,1.5752,no
2022-04,27101985,IT,DE,655866.0,341.17,1.9224,no
2022-04,27101985,IT,ES,9224.0,5.955,1.549,no
2022-04,27101985,IT,FR,684269.0,426.508,1.6044,no
2022-04,27101985,IT,GB,1392.0,0.104,13.3846,no
2022-04,27101985,IT,HU,77.0,0.034,2.2647,no
2022-04,27101985,IT,IN,354548.0,278.9,1.2712,no
2022-04,27101985,IT,NL,319770.0,206.623,1.5476,no
2022-04,27101985,IT,PT,3996.0,1.8,2.22,no
2022-04,27101985,IT,SE,4639.0,0.316,14.6804,no
2022-04,27101987,IT,AT,30930.0,3.674,8.4186,no
2022-04,27101987,IT,BE,298966.0,90.659,3.2977,no
2022-04,27101987,IT,CZ,4611.0,0.999,4.6156,no
2022-04,27101987,IT,DE,680534.0,160.809,4.2319,no
2022-04,27101987,IT,ES,26216.0,10.132,2.5874,no
2022-04,27101987,IT,FR,402387.0,140.272,2.8686,no
2022-04,27101987,IT,GR,6709.0,3.222,2.0822,no
2022-04,27101987,IT,HR,4362.0,1.933,2.2566,no
2022-04,27101987,IT,HU,22539.0,12.912,1.7456,no
2022-04,27101987,IT,KR,3508.0,0.238,14.7395,no
2022-04,27101987,IT,NL,303099.0,90.024,3.3669,no
2022-04,27101987,IT,PL,5818.0,0.696,8.3592,no
2022-04,27101987,IT,SE,19056.0,1.817,10.4876,no
2022-04,27101987,IT,SI,5681.0,0.68,8.3544,no
2022-04,27101987,IT,TR,9150.0,4.484,2.0406,no
2022-04,27101991,IT,AT,10831.0,2.607,4.1546,no
2022-04,27101991,IT,BE,3772.0,1.744,2.1628,no
2022-04,27101991,IT,DE,330114.0,116.0,2.8458,no
2022-04,27101991,IT,ES,17849.0,7.75,2.3031,no
2022-04,27101991,IT,FR,163095.0,65.764,2.48,no
2022-04,27101991,IT,GB,311988.0,187.621,1.6629,no
2022-04,27101991,IT,HR,406.0,0.176,2.3068,no
2022-04,27101991,IT,MX,57447.0,13.25,4.3356,no
2022-04,27101991,IT,NL,6619.0,1.434,4.6158,no
2022-04,27101993,IT,BE,135635.0,86.362,1.5705,no
2022-04,27101993,IT,DE,17700.0,13.096,1.3516,no
2022-04,27101993,IT,ES,676479.0,394.116,1.7164,no
2022-04,27101993,IT,FR,1440343.0,1024.5,1.4059,no
2022-04,27101993,IT,GB,274818.0,97.04,2.832,no
2022-04,27101999,IT,AL,28233.0,17.43,1.6198,no
2022-04,27101999,IT,AT,424503.0,243.003,1.7469,no
2022-04,27101999,IT,AW,1524.0,0.012,127.0,no
2022-04,27101999,IT,BE,8787851.0,6730.524,1.3057,no
2022-04,27101999,IT,BG,7582.0,3.343,2.268,no
2022-04,27101999,IT,CA,3000.0,0.181,16.5746,no
2022-04,27101999,IT,CH,126095.0,21.3,5.92,no
2022-04,27101999,IT,CZ,51231.0,25.11,2.0403,no
2022-04,27101999,IT,DE,3632732.0,1980.236,1.8345,no
2022-04,27101999,IT,DK,55.0,0.001,55.0,no
2022-04,27101999,IT,ES,12321685.0,9337.08,1.3197,no
2022-04,27101999,IT,FI,33479.0,24.898,1.3446,no
2022-04,27101999,IT,FR,3682393.0,2437.736,1.5106,no
2022-04,27101999,IT,GB,31290.0,6.469,4.8369,no
2022-04,27101999,IT,GR,8063408.0,14142.209,0.5702,no
2022-04,27101999,IT,HR,20012.0,6.86,2.9172,no
2022-04,27101999,IT,HU,1503110.0,1543.596,0.9738,no
2022-04,27101999,IT,IN,290365.0,198.88,1.46,no
2022-04,27101999,IT,JP,60375.0,9.08,6.6492,no
2022-04,27101999,IT,KR,584775.0,375.0,1.5594,no
2022-04,27101999,IT,LU,51.0,0.001,51.0,no
2022-04,27101999,IT,NL,3243320.0,2118.799,1.5307,no
2022-04,27101999,IT,PL,2038567.0,1544.471,1.3199,no
2022-04,27101999,IT,QV,31993.0,21.09,1.517,no
2022-04,27101999,IT,RU,279369.0,297.34,0.9396,no
2022-04,27101999,IT,SE,82818.0,59.834,1.3841,no
2022-04,27101999,IT,SI,964142.0,156.168,6.1737,no
2022-04,27101999,IT,TR,85143.0,38.556,2.2083,no
2022-04,27101999,IT,US,264062.0,166.034,1.5904,no
2022-05,27101971,IT,DE,1601.0,1.0,1.601,no
2022-05,27101971,IT,ES,1889.0,0.38,4.9711,no
2022-05,27101971,IT,FR,3301.0,1.182,2.7927,no
2022-05,27101971,IT,LU,77.0,0.004,19.25,no
2022-05,27101971,IT,TW,157745.0,100.44,1.5705,no
2022-05,27101981,IT,AT,570606.0,214.195,2.664,no
2022-05,27101981,IT,BE,4115937.0,1806.161,2.2788,no
2022-05,27101981,IT,CN,3138.0,0.942,3.3312,no
2022-05,27101981,IT,CZ,69184.0,12.045,5.7438,no
2022-05,27101981,IT,DE,3462548.0,1032.056,3.355,no
2022-05,27101981,IT,EE,139926.0,26.502,5.2798,no
2022-05,27101981,IT,ES,3314559.0,1195.17,2.7733,no
2022-05,27101981,IT,FI,81839.0,39.284,2.0833,no
2022-05,27101981,IT,FR,2007285.0,757.198,2.6509,no
2022-05,27101981,IT,GB,79674.0,27.025,2.9482,no
2022-05,27101981,IT,GR,83636.0,34.762,2.406,no
2022-05,27101981,IT,HR,124156.0,57.862,2.1457,no
2022-05,27101981,IT,HU,268643.0,153.721,1.7476,no
2022-05,27101981,IT,JP,8109.0,0.351,23.1026,no
2022-05,27101981,IT,NL,1702852.0,977.602,1.7419,no
2022-05,27101981,IT,PL,498939.0,89.662,5.5647,no
2022-05,27101981,IT,RO,2075.0,0.182,11.4011,no
2022-05,27101981,IT,SE,337641.0,144.379,2.3386,no
2022-05,27101981,IT,SI,522014.0,94.722,5.511,no
2022-05,27101981,IT,SK,498.0,0.025,19.92,no
2022-05,27101981,IT,TR,1512.0,0.552,2.7391,no
2022-05,27101981,IT,UA,7251.0,3.058,2.3712,no
2022-05,27101981,IT,US,15169.0,3.825,3.9658,no
2022-05,27101983,IT,AT,12711.0,2.018,6.2988,no
2022-05,27101983,IT,BE,197608.0,87.025,2.2707,no
2022-05,27101983,IT,CZ,35217.0,8.06,4.3694,no
2022-05,27101983,IT,DE,750515.0,383.647,1.9563,no
2022-05,27101983,IT,DK,162.0,0.018,9.0,no
2022-05,27101983,IT,ES,263320.0,140.223,1.8779,no
2022-05,27101983,IT,FI,75011.0,35.567,2.109,no
2022-05,27101983,IT,FR,258130.0,107.433,2.4027,no
2022-05,27101983,IT,GB,49979.0,12.164,4.1088,no
2022-05,27101983,IT,HR,42106.0,22.014,1.9127,no
2022-05,27101983,IT,HU,387103.0,304.961,1.2694,no
2022-05,27101983,IT,NL,80713.0,33.185,2.4322,no
2022-05,27101983,IT,PL,51362.0,8.662,5.9296,no
2022-05,27101983,IT,QV,310.0,0.18,1.7222,no
2022-05,27101983,IT,RO,1150.0,0.02,57.5,no
2022-05,27101983,IT,SE,5647.0,3.075,1.8364,no
2022-05,27101983,IT,SI,10397.0,1.754,5.9276,no
2022-05,27101983,IT,TR,1759.0,0.36,4.8861,no
2022-05,27101985,IT,AT,420.0,0.057,7.3684,no
2022-05,27101985,IT,BE,469361.0,278.487,1.6854,no
2022-05,27101985,IT,CN,4188.0,0.725,5.7766,no
2022-05,27101985,IT,DE,1236201.0,602.601,2.0514,no
2022-05,27101985,IT,ES,2403.0,0.839,2.8641,no
2022-05,27101985,IT,FR,535274.0,289.733,1.8475,no
2022-05,27101985,IT,GB,1243.0,0.06,20.7167,no
2022-05,27101985,IT,HU,243.0,0.107,2.271,no
2022-05,27101985,IT,IN,539714.0,415.86,1.2978,no
2022-05,27101985,IT,NL,378196.0,159.307,2.374,no
2022-05,27101985,IT,PL,23.0,0.003,7.6667,no
2022-05,27101985,IT,PT,12858.0,5.472,2.3498,no
2022-05,27101985,IT,SE,3247.0,1.057,3.0719,no
2022-05,27101987,IT,AT,28907.0,3.442,8.3983,no
2022-05,27101987,IT,BE,405561.0,126.761,3.1994,no
2022-05,27101987,IT,CZ,5216.0,1.002,5.2056,no
2022-05,27101987,IT,DE,730113.0,160.785,4.5409,no
2022-05,27101987,IT,ES,187156.0,91.528,2.0448,no
2022-05,27101987,IT,FI,15874.0,7.815,2.0312,no
2022-05,27101987,IT,FR,513949.0,166.574,3.0854,no
2022-05,27101987,IT,GB,2929.0,0.199,14.7186,no
2022-05,27101987,IT,GR,5315.0,2.2,2.4159,no
2022-05,27101987,IT,HR,8341.0,3.63,2.2978,no
2022-05,27101987,IT,HU,70544.0,20.582,3.4275,no
2022-05,27101987,IT,KR,5594.0,0.312,17.9295,no
2022-05,27101987,IT,NL,158115.0,69.372,2.2792,no
2022-05,27101987,IT,PL,240.0,0.001,240.0,no
2022-05,27101987,IT,SE,45125.0,13.541,3.3325,no
2022-05,27101987,IT,SI,1325.0,0.442,2.9977,no
2022-05,27101987,IT,TR,75007.0,30.551,2.4551,no
2022-05,27101987,IT,UA,2456.0,0.988,2.4858,no
2022-05,27101987,IT,US,2957.0,0.918,3.2211,no
2022-05,27101991,IT,AT,5093.0,1.504,3.3863,no
2022-05,27101991,IT,DE,469859.0,163.608,2.8719,no
2022-05,27101991,IT,ES,15984.0,3.695,4.3258,no
2022-05,27101991,IT,FR,166393.0,58.411,2.8487,no
2022-05,27101991,IT,GB,442094.0,212.415,2.0813,no
2022-05,27101991,IT,HR,8192.0,3.87,2.1168,no
2022-05,27101991,IT,IL,7643.0,1.437,5.3187,no
2022-05,27101991,IT,MX,36589.0,8.52,4.2945,no
2022-05,27101991,IT,SE,1841.0,0.341,5.3988,no
2022-05,27101991,IT,SI,187782.0,43.671,4.2999,no
2022-05,27101993,IT,BE,246413.0,133.846,1.841,no
2022-05,27101993,IT,DE,259942.0,159.588,1.6288,no
2022-05,27101993,IT,ES,1186881.0,599.987,1.9782,no
2022-05,27101993,IT,FR,1584768.0,1026.454,1.5439,no
2022-05,27101993,IT,GB,550772.0,205.76,2.6768,no
2022-05,27101999,IT,AT,839608.0,400.688,2.0954,no
2022-05,27101999,IT,AZ,189161.0,161.0,1.1749,no
2022-05,27101999,IT,BE,25309803.0,19515.804,1.2969,no
2022-05,27101999,IT,BG,6363.0,2.123,2.9972,no
2022-05,27101999,IT,CA,47612.0,1.78,26.7483,no
2022-05,27101999,IT,CH,160419.0,39.261,4.086,no
2022-05,27101999,IT,CZ,93484.0,50.515,1.8506,no
2022-05,27101999,IT,DE,6699317.0,3189.911,2.1002,no
2022-05,27101999,IT,DK,23.0,0.001,23.0,no
2022-05,27101999,IT,ES,20188131.0,12873.194,1.5682,no
2022-05,27101999,IT,FI,40549.0,19.537,2.0755,no
2022-05,27101999,IT,FR,2903398.0,1711.587,1.6963,no
2022-05,27101999,IT,GB,7843179.0,4663.305,1.6819,no
2022-05,27101999,IT,GR,356944.0,214.88,1.6611,no
2022-05,27101999,IT,HR,9408.0,3.356,2.8033,no
2022-05,27101999,IT,HU,2015687.0,1705.569,1.1818,no
2022-05,27101999,IT,IE,1440.0,0.002,720.0,no
2022-05,27101999,IT,IN,866130.0,597.33,1.45,no
2022-05,27101999,IT,JP,52728.0,3.103,16.9926,no
2022-05,27101999,IT,KR,703936.0,425.075,1.656,no
2022-05,27101999,IT,LU,44.0,0.001,44.0,no
2022-05,27101999,IT,MY,5098967.0,3558.074,1.4331,no
2022-05,27101999,IT,NL,9701804.0,5475.104,1.772,no
2022-05,27101999,IT,PL,2662357.0,1856.053,1.4344,no
2022-05,27101999,IT,QV,1547.0,0.9,1.7189,no
2022-05,27101999,IT,RO,9726.0,1.946,4.9979,no
2022-05,27101999,IT,RU,590486.0,571.644,1.033,no
2022-05,27101999,IT,SE,55900.0,36.721,1.5223,no
2022-05,27101999,IT,SI,276288.0,50.708,5.4486,no
2022-05,27101999,IT,TR,73520.0,31.14,2.361,no
2022-05,27101999,IT,TW,3208.0,0.03,106.9333,no
2022-05,27101999,IT,US,527654.0,186.305,2.8322,no
2022-05,27101999,IT,XS,33719.0,23.58,1.43,no
2022-06,27101971,IT,BG,50407.0,1.899,26.544,no
2022-06,27101971,IT,FR,1073.0,0.501,2.1417,no
2022-06,27101971,IT,LU,14.0,0.001,14.0,no
2022-06,27101981,IT,AT,518643.0,160.733,3.2267,no
2022-06,27101981,IT,BE,5063799.0,2088.851,2.4242,no
2022-06,27101981,IT,CN,1784.0,0.535,3.3346,no
2022-06,27101981,IT,CZ,6625.0,1.522,4.3528,no
2022-06,27101981,IT,DE,2892379.0,830.387,3.4832,no
2022-06,27101981,IT,ES,2493889.0,855.783,2.9142,no
2022-06,27101981,IT,FI,28112.0,13.276,2.1175,no
2022-06,27101981,IT,FR,2357199.0,1004.232,2.3473,no
2022-06,27101981,IT,GB,164436.0,58.949,2.7895,no
2022-06,27101981,IT,GR,210275.0,87.495,2.4033,no
2022-06,27101981,IT,HR,150221.0,48.836,3.076,no
2022-06,27101981,IT,HU,92116.0,46.345,1.9876,no
2022-06,27101981,IT,JP,1069.0,0.045,23.7556,no
2022-06,27101981,IT,LT,38059.0,7.291,5.22,no
2022-06,27101981,IT,NL,2472235.0,988.965,2.4998,no
2022-06,27101981,IT,PL,82748.0,11.85,6.983,no
2022-06,27101981,IT,PT,61656.0,23.655,2.6065,no
2022-06,27101981,IT,RO,348.0,0.047,7.4043,no
2022-06,27101981,IT,SE,126100.0,60.321,2.0905,no
2022-06,27101981,IT,SI,604273.0,99.707,6.0605,no
2022-06,27101981,IT,SK,2590.0,0.126,20.5556,no
2022-06,27101981,IT,TR,79084.0,28.564,2.7687,no
2022-06,27101981,IT,UA,5689.0,2.407,2.3635,no
2022-06,27101981,IT,US,66042.0,14.38,4.5926,no
2022-06,27101983,IT,AT,309.0,0.025,12.36,no
2022-06,27101983,IT,BE,254622.0,72.979,3.489,no
2022-06,27101983,IT,CZ,20868.0,6.519,3.2011,no
2022-06,27101983,IT,DE,557896.0,183.831,3.0348,no
2022-06,27101983,IT,DK,532.0,2.16,0.2463,no
2022-06,27101983,IT,ES,327201.0,172.503,1.8968,no
2022-06,27101983,IT,FI,19771.0,10.826,1.8263,no
2022-06,27101983,IT,FR,224066.0,104.788,2.1383,no
2022-06,27101983,IT,GB,19518.0,2.733,7.1416,no
2022-06,27101983,IT,HR,50704.0,25.933,1.9552,no
2022-06,27101983,IT,HU,144598.0,113.863,1.2699,no
2022-06,27101983,IT,NL,73211.0,33.504,2.1851,no
2022-06,27101983,IT,PL,5587.0,0.964,5.7956,no
2022-06,27101983,IT,SE,27066.0,11.98,2.2593,no
2022-06,27101983,IT,SI,10504.0,1.812,5.7969,no
2022-06,27101985,IT,AT,111.0,0.002,55.5,no
2022-06,27101985,IT,BE,508488.0,293.639,1.7317,no
2022-06,27101985,IT,DE,1081916.0,569.427,1.9,no
2022-06,27101985,IT,ES,20707.0,7.818,2.6486,no
2022-06,27101985,IT,FR,674929.0,364.279,1.8528,no
2022-06,27101985,IT,GB,2601.0,0.12,21.675,no
2022-06,27101985,IT,HU,91.0,0.04,2.275,no
2022-06,27101985,IT,NL,480409.0,182.068,2.6386,no
2022-06,27101985,IT,PT,4392.0,1.8,2.44,no
2022-06,27101985,IT,SE,3631.0,1.47,2.4701,no
2022-06,27101987,IT,AL,13345.0,3.215,4.1509,no
2022-06,27101987,IT,AT,213.0,0.033,6.4545,no
2022-06,27101987,IT,BE,278978.0,87.917,3.1732,no
2022-06,27101987,IT,CZ,5137.0,0.988,5.1994,no
2022-06,27101987,IT,DE,806671.0,201.771,3.998,no
2022-06,27101987,IT,ES,155252.0,48.403,3.2075,no
2022-06,27101987,IT,FI,25382.0,13.179,1.9259,no
2022-06,27101987,IT,FR,485054.0,120.554,4.0235,no
2022-06,27101987,IT,GB,25584.0,1.207,21.1964,no
2022-06,27101987,IT,GR,7935.0,4.454,1.7815,no
2022-06,27101987,IT,HR,3264.0,1.295,2.5205,no
2022-06,27101987,IT,HU,26746.0,11.54,2.3177,no
2022-06,27101987,IT,NL,462951.0,107.946,4.2887,no
2022-06,27101987,IT,PL,75.0,0.007,10.7143,no
2022-06,27101987,IT,SE,45308.0,5.269,8.599,no
2022-06,27101987,IT,TR,9722.0,3.238,3.0025,no
2022-06,27101991,IT,AT,8939.0,3.122,2.8632,no
2022-06,27101991,IT,DE,594404.0,185.426,3.2056,no
2022-06,27101991,IT,ES,9823.0,3.059,3.2112,no
2022-06,27101991,IT,FR,307622.0,99.608,3.0883,no
2022-06,27101991,IT,GB,395413.0,187.172,2.1126,no
2022-06,27101991,IT,HR,872.0,0.35,2.4914,no
2022-06,27101991,IT,MX,32728.0,7.12,4.5966,no
2022-06,27101991,IT,NL,26546.0,5.016,5.2923,no
2022-06,27101991,IT,QV,4.0,0.003,1.3333,no
2022-06,27101991,IT,SE,3431.0,0.584,5.875,no
2022-06,27101991,IT,US,3772.0,0.209,18.0478,no
2022-06,27101993,IT,BE,270941.0,141.508,1.9147,no
2022-06,27101993,IT,DE,35389.0,24.0,1.4745,no
2022-06,27101993,IT,FR,839435.0,476.7,1.7609,no
2022-06,27101993,IT,GB,471276.0,205.58,2.2924,no
2022-06,27101999,IT,AT,364911.0,145.463,2.5086,no
2022-06,27101999,IT,AZ,385943.0,300.0,1.2865,no
2022-06,27101999,IT,BE,15826655.0,10183.776,1.5541,no
2022-06,27101999,IT,BG,9570.0,3.159,3.0294,no
2022-06,27101999,IT,CA,4326.0,0.349,12.3954,no
2022-06,27101999,IT,CH,124630.0,27.388,4.5505,no
2022-06,27101999,IT,CZ,14351.0,2.373,6.0476,no
2022-06,27101999,IT,DE,6065826.0,2607.49,2.3263,no
2022-06,27101999,IT,DK,253.0,0.036,7.0278,no
2022-06,27101999,IT,EE,661.0,0.033,20.0303,no
2022-06,27101999,IT,ES,9514656.0,5672.848,1.6772,no
2022-06,27101999,IT,FR,2753086.0,1380.999,1.9935,no
2022-06,27101999,IT,GB,2389497.0,1359.116,1.7581,no
2022-06,27101999,IT,GR,17186205.0,19761.243,0.8697,no
2022-06,27101999,IT,HR,4345.0,1.041,4.1739,no
2022-06,27101999,IT,HU,1450002.0,1231.762,1.1772,no
2022-06,27101999,IT,IN,792558.0,514.97,1.539,no
2022-06,27101999,IT,JP,34853.0,7.16,4.8677,no
2022-06,27101999,IT,KR,339256.0,200.0,1.6963,no
2022-06,27101999,IT,LU,453.0,0.008,56.625,no
2022-06,27101999,IT,MA,5283.0,0.341,15.4927,no
2022-06,27101999,IT,NL,4589773.0,2415.2,1.9004,no
2022-06,27101999,IT,NO,3224.0,0.029,111.1724,no
2022-06,27101999,IT,PL,1150458.0,712.257,1.6152,no
2022-06,27101999,IT,PT,30487.0,4.386,6.951,no
2022-06,27101999,IT,QV,6533.0,1.061,6.1574,no
2022-06,27101999,IT,RO,2468.0,0.63,3.9175,no
2022-06,27101999,IT,RU,575195.0,568.6,1.0116,no
2022-06,27101999,IT,SE,102358.0,57.597,1.7771,no
2022-06,27101999,IT,SI,707987.0,105.181,6.7311,no
2022-06,27101999,IT,TR,161620.0,54.342,2.9741,no
2022-06,27101999,IT,US,306615.0,45.788,6.6964,no
2022-06,27101999,IT,XS,32003.0,22.38,1.43,no
2022-07,27101971,IT,BG,66226.0,3.219,20.5735,no
2022-07,27101971,IT,FR,780.0,0.122,6.3934,no
2022-07,27101971,IT,RO,36.0,0.006,6.0,no
2022-07,27101971,IT,TW,603014.0,383.86,1.5709,no
2022-07,27101981,IT,AL,46485.0,18.067,2.5729,no
2022-07,27101981,IT,AT,741031.0,207.625,3.5691,no
2022-07,27101981,IT,BE,4074732.0,1264.249,3.223,no
2022-07,27101981,IT,CN,4131.0,1.239,3.3341,no
2022-07,27101981,IT,CZ,14102.0,3.319,4.2489,no
2022-07,27101981,IT,DE,2580750.0,779.421,3.3111,no
2022-07,27101981,IT,ES,2454901.0,819.535,2.9955,no
2022-07,27101981,IT,FI,171970.0,63.668,2.701,no
2022-07,27101981,IT,FR,2875162.0,1107.574,2.5959,no
2022-07,27101981,IT,GB,42150.0,13.623,3.094,no
2022-07,27101981,IT,GR,106659.0,45.88,2.3247,no
2022-07,27101981,IT,HR,337716.0,88.03,3.8364,no
2022-07,27101981,IT,HU,186670.0,90.699,2.0581,no
2022-07,27101981,IT,JP,6696.0,0.576,11.625,no
2022-07,27101981,IT,NL,2148456.0,890.562,2.4125,no
2022-07,27101981,IT,PL,539768.0,94.925,5.6863,no
2022-07,27101981,IT,SE,169790.0,74.01,2.2941,no
2022-07,27101981,IT,SI,598061.0,112.088,5.3356,no
2022-07,27101981,IT,SK,4066.0,0.459,8.8584,no
2022-07,27101981,IT,TR,66326.0,31.894,2.0796,no
2022-07,27101981,IT,US,81540.0,21.46,3.7996,no
2022-07,27101983,IT,AT,77196.0,14.048,5.4952,no
2022-07,27101983,IT,BE,395161.0,99.533,3.9702,no
2022-07,27101983,IT,CZ,19844.0,6.562,3.0241,no
2022-07,27101983,IT,DE,529380.0,206.441,2.5643,no
2022-07,27101983,IT,ES,192851.0,88.353,2.1827,no
2022-07,27101983,IT,FI,195558.0,83.087,2.3537,no
2022-07,27101983,IT,FR,175640.0,66.516,2.6406,no
2022-07,27101983,IT,GB,10940.0,2.357,4.6415,no
2022-07,27101983,IT,HR,44487.0,20.71,2.1481,no
2022-07,27101983,IT,HU,282548.0,222.591,1.2694,no
2022-07,27101983,IT,NL,75747.0,34.771,2.1785,no
2022-07,27101983,IT,PL,100.0,0.068,1.4706,no
2022-07,27101983,IT,SE,32824.0,12.633,2.5983,no
2022-07,27101983,IT,SI,9612.0,1.661,5.7869,no
2022-07,27101983,IT,TR,3215.0,0.715,4.4965,no
2022-07,27101985,IT,AT,340.0,0.52,0.6538,no
2022-07,27101985,IT,BE,519213.0,284.979,1.8219,no
2022-07,27101985,IT,DE,853804.0,444.044,1.9228,no
2022-07,27101985,IT,ES,27611.0,11.598,2.3807,no
2022-07,27101985,IT,FR,899406.0,470.878,1.9101,no
2022-07,27101985,IT,GB,1180.0,0.037,31.8919,no
2022-07,27101985,IT,HU,178.0,0.078,2.2821,no
2022-07,27101985,IT,IN,27186.0,19.99,1.36,no
2022-07,27101985,IT,NL,456767.0,225.79,2.023,no
2022-07,27101985,IT,PL,20.0,0.004,5.0,no
2022-07,27101985,IT,PT,25457.0,9.9,2.5714,no
2022-07,27101987,IT,AL,6788.0,2.495,2.7206,no
2022-07,27101987,IT,AT,35502.0,4.366,8.1315,no
2022-07,27101987,IT,BE,367725.0,91.413,4.0227,no
2022-07,27101987,IT,CZ,6599.0,1.244,5.3047,no
2022-07,27101987,IT,DE,462148.0,112.503,4.1079,no
2022-07,27101987,IT,ES,178614.0,71.697,2.4912,no
2022-07,27101987,IT,FI,32243.0,13.831,2.3312,no
2022-07,27101987,IT,FR,605219.0,153.408,3.9452,no
2022-07,27101987,IT,GB,8497.0,0.369,23.0271,no
2022-07,27101987,IT,HR,564.0,0.18,3.1333,no
2022-07,27101987,IT,HU,51679.0,12.991,3.9781,no
2022-07,27101987,IT,KR,1241.0,0.048,25.8542,no
2022-07,27101987,IT,LU,1160.0,0.053,21.8868,no
2022-07,27101987,IT,NL,352574.0,79.056,4.4598,no
2022-07,27101987,IT,PL,15145.0,1.703,8.8931,no
2022-07,27101987,IT,SE,44118.0,6.824,6.4651,no
2022-07,27101987,IT,SI,13328.0,1.587,8.3982,no
2022-07,27101987,IT,SK,699.0,0.083,8.4217,no
2022-07,27101987,IT,TR,52532.0,20.769,2.5293,no
2022-07,27101987,IT,US,7283.0,0.746,9.7627,no
2022-07,27101991,IT,AT,11149.0,3.004,3.7114,no
2022-07,27101991,IT,BE,23962.0,6.804,3.5218,no
2022-07,27101991,IT,CH,6004.0,0.227,26.4493,no
2022-07,27101991,IT,DE,521361.0,167.129,3.1195,no
2022-07,27101991,IT,ES,11411.0,3.453,3.3047,no
2022-07,27101991,IT,FR,161400.0,55.499,2.9082,no
2022-07,27101991,IT,GB,338577.0,158.452,2.1368,no
2022-07,27101991,IT,HR,1377.0,0.555,2.4811,no
2022-07,27101991,IT,MX,62993.0,13.834,4.5535,no
2022-07,27101991,IT,NO,1083.0,0.13,8.3308,no
2022-07,27101991,IT,PL,2.0,0.002,1.0,no
2022-07,27101991,IT,SE,3159.0,0.585,5.4,no
2022-07,27101991,IT,US,1318.0,0.019,69.3684,no
2022-07,27101993,IT,BE,97472.0,56.4,1.7282,no
2022-07,27101993,IT,CA,323176.0,135.52,2.3847,no
2022-07,27101993,IT,DE,4239.0,1.087,3.8997,no
2022-07,27101993,IT,ES,2479076.0,1099.918,2.2539,no
2022-07,27101993,IT,FR,865222.0,450.5,1.9206,no
2022-07,27101993,IT,GB,733850.0,342.2,2.1445,no
2022-07,27101993,IT,NL,25.0,0.003,8.3333,no
2022-07,27101999,IT,AE,526335.0,325.29,1.618,no
2022-07,27101999,IT,AT,359453.0,143.329,2.5079,no
2022-07,27101999,IT,AZ,63154.0,40.0,1.5789,no
2022-07,27101999,IT,BE,11386534.0,6628.735,1.7178,no
2022-07,27101999,IT,CA,5956.0,0.417,14.283,no
2022-07,27101999,IT,CH,143249.0,31.04,4.615,no
2022-07,27101999,IT,CN,78074.0,3.03,25.767,no
2022-07,27101999,IT,CZ,196154.0,97.742,2.0069,no
2022-07,27101999,IT,DE,4291358.0,2328.935,1.8426,no
2022-07,27101999,IT,EG,119642.0,123.16,0.9714,no
2022-07,27101999,IT,ES,12564588.0,7282.355,1.7253,no
2022-07,27101999,IT,FI,58484.0,18.621,3.1408,no
2022-07,27101999,IT,FR,2124771.0,922.962,2.3021,no
2022-07,27101999,IT,GB,7538729.0,4000.723,1.8843,no
2022-07,27101999,IT,GR,7507953.0,14314.65,0.5245,no
2022-07,27101999,IT,HR,5316.0,1.153,4.6106,no
2022-07,27101999,IT,HU,1658027.0,1262.503,1.3133,no
2022-07,27101999,IT,IE,304.0,0.002,152.0,no
2022-07,27101999,IT,IN,685330.0,437.57,1.5662,no
2022-07,27101999,IT,JP,65747.0,4.921,13.3605,no
2022-07,27101999,IT,KR,184868.0,100.0,1.8487,no
2022-07,27101999,IT,NL,5239065.0,2695.022,1.944,no
2022-07,27101999,IT,PL,1228210.0,779.281,1.5761,no
2022-07,27101999,IT,QV,6967.0,3.962,1.7585,no
2022-07,27101999,IT,RO,5502.0,0.237,23.2152,no
2022-07,27101999,IT,RU,675611.0,573.77,1.1775,no
2022-07,27101999,IT,SA,200104.0,123.67,1.618,no
2022-07,27101999,IT,SE,141142.0,86.19,1.6376,no
2022-07,27101999,IT,SI,687056.0,104.205,6.5933,no
2022-07,27101999,IT,TR,36064.0,21.44,1.6821,no
2022-07,27101999,IT,TW,4578.0,0.088,52.0227,no
2022-07,27101999,IT,US,147331.0,19.089,7.7181,no
2022-07,27101999,IT,XS,126054.0,73.95,1.7046,no
2022-08,27101971,IT,DE,3949.0,1.15,3.4339,no
2022-08,27101971,IT,FR,4442.0,1.4,3.1729,no
2022-08,27101971,IT,TW,509065.0,304.22,1.6733,no
2022-08,27101981,IT,AL,34528.0,16.279,2.121,no
2022-08,27101981,IT,AT,531680.0,176.75,3.0081,no
2022-08,27101981,IT,BE,3193188.0,1169.072,2.7314,no
2022-08,27101981,IT,CZ,51761.0,8.058,6.4236,no
2022-08,27101981,IT,DE,2273573.0,666.346,3.412,no
2022-08,27101981,IT,ES,1979268.0,667.185,2.9666,no
2022-08,27101981,IT,FR,1869519.0,778.642,2.401,no
2022-08,27101981,IT,GB,20857.0,4.871,4.2819,no
2022-08,27101981,IT,GR,169181.0,62.514,2.7063,no
2022-08,27101981,IT,HR,57473.0,21.675,2.6516,no
2022-08,27101981,IT,HU,502499.0,212.926,2.36,no
2022-08,27101981,IT,IN,1658.0,0.582,2.8488,no
2022-08,27101981,IT,LT,46779.0,8.794,5.3194,no
2022-08,27101981,IT,MT,40050.0,7.529,5.3194,no
2022-08,27101981,IT,NL,1591321.0,665.369,2.3916,no
2022-08,27101981,IT,PL,90145.0,8.002,11.2653,no
2022-08,27101981,IT,PT,13169.0,6.989,1.8842,no
2022-08,27101981,IT,RO,846.0,0.089,9.5056,no
2022-08,27101981,IT,SE,93613.0,27.71,3.3783,no
2022-08,27101981,IT,SI,262728.0,49.391,5.3193,no
2022-08,27101981,IT,SK,2458.0,0.119,20.6555,no
2022-08,27101981,IT,TR,8738.0,2.114,4.1334,no
2022-08,27101981,IT,US,38406.0,7.612,5.0455,no
2022-08,27101983,IT,AL,4757.0,2.76,1.7236,no
2022-08,27101983,IT,AT,36123.0,5.012,7.2073,no
2022-08,27101983,IT,BE,141483.0,43.355,3.2634,no
2022-08,27101983,IT,CZ,10932.0,2.919,3.7451,no
2022-08,27101983,IT,DE,492396.0,177.689,2.7711,no
2022-08,27101983,IT,DK,89.0,0.36,0.2472,no
2022-08,27101983,IT,ES,147033.0,54.545,2.6956,no
2022-08,27101983,IT,FR,146277.0,53.976,2.71,no
2022-08,27101983,IT,GB,1055.0,0.386,2.7332,no
2022-08,27101983,IT,GR,3960.0,1.456,2.7198,no
2022-08,27101983,IT,HR,17538.0,8.623,2.0339,no
2022-08,27101983,IT,HU,234743.0,118.507,1.9808,no
2022-08,27101983,IT,NL,98771.0,45.188,2.1858,no
2022-08,27101983,IT,PL,9.0,0.001,9.0,no
2022-08,27101983,IT,PT,3981.0,2.057,1.9353,no
2022-08,27101983,IT,RO,5409.0,1.937,2.7925,no
2022-08,27101983,IT,SE,14105.0,5.16,2.7335,no
2022-08,27101983,IT,SI,6122.0,1.065,5.7484,no
2022-08,27101985,IT,AT,2237.0,0.23,9.7261,no
2022-08,27101985,IT,BE,336950.0,181.542,1.856,no
2022-08,27101985,IT,CN,5062.0,0.725,6.9821,no
2022-08,27101985,IT,DE,1251528.0,492.305,2.5422,no
2022-08,27101985,IT,ES,3287.0,1.15,2.8583,no
2022-08,27101985,IT,FR,546402.0,287.158,1.9028,no
2022-08,27101985,IT,GB,1916.0,0.12,15.9667,no
2022-08,27101985,IT,HU,4938.0,2.04,2.4206,no
2022-08,27101985,IT,IN,114022.0,69.84,1.6326,no
2022-08,27101985,IT,NL,461918.0,237.986,1.9409,no
2022-08,27101985,IT,PL,4.0,0.001,4.0,no
2022-08,27101985,IT,PT,6739.0,2.7,2.4959,no
2022-08,27101985,IT,US,1724.0,0.018,95.7778,no
2022-08,27101987,IT,AL,4874.0,2.543,1.9166,no
2022-08,27101987,IT,AT,12448.0,1.491,8.3488,no
2022-08,27101987,IT,BE,200222.0,50.051,4.0004,no
2022-08,27101987,IT,CZ,2161.0,0.361,5.9861,no
2022-08,27101987,IT,DE,552174.0,205.038,2.693,no
2022-08,27101987,IT,DK,1888.0,0.019,99.3684,no
2022-08,27101987,IT,ES,107891.0,33.819,3.1902,no
2022-08,27101987,IT,FR,628573.0,184.017,3.4158,no
2022-08,27101987,IT,GB,3831.0,0.235,16.3021,no
2022-08,27101987,IT,GR,4718.0,0.758,6.2243,no
2022-08,27101987,IT,HR,473.0,0.142,3.331,no
2022-08,27101987,IT,HU,110362.0,45.821,2.4085,no
2022-08,27101987,IT,KR,4114.0,0.243,16.93,no
2022-08,27101987,IT,NL,214099.0,54.778,3.9085,no
2022-08,27101987,IT,PL,22.0,0.001,22.0,no
2022-08,27101987,IT,PT,20251.0,9.937,2.0379,no
2022-08,27101987,IT,RO,22.0,0.002,11.0,no
2022-08,27101987,IT,SE,29934.0,3.493,8.5697,no
2022-08,27101987,IT,TR,3236.0,0.72,4.4944,no
2022-08,27101991,IT,AT,13436.0,2.777,4.8383,no
2022-08,27101991,IT,BE,1709.0,0.36,4.7472,no
2022-08,27101991,IT,DE,259999.0,77.643,3.3486,no
2022-08,27101991,IT,FR,99226.0,38.825,2.5557,no
2022-08,27101991,IT,GB,210432.0,102.75,2.048,no
2022-08,27101991,IT,HR,8985.0,3.663,2.4529,no
2022-08,27101991,IT,MX,29313.0,6.93,4.2299,no
2022-08,27101991,IT,NL,28078.0,4.807,5.8411,no
2022-08,27101991,IT,QV,1.0,0.001,1.0,no
2022-08,27101991,IT,SE,118.0,0.022,5.3636,no
2022-08,27101993,IT,BE,133646.0,76.512,1.7467,no
2022-08,27101993,IT,DE,248527.0,161.261,1.5411,no
2022-08,27101993,IT,ES,1142.0,0.673,1.6969,no
2022-08,27101993,IT,FR,530477.0,273.76,1.9377,no
2022-08,27101993,IT,US,2726.0,0.082,33.2439,no
2022-08,27101999,IT,AL,1020.0,0.045,22.6667,no
2022-08,27101999,IT,AR,1098.0,0.036,30.5,no
2022-08,27101999,IT,AT,28223.0,8.03,3.5147,no
2022-08,27101999,IT,BE,9322670.0,5133.743,1.816,no
2022-08,27101999,IT,BG,16256.0,5.236,3.1047,no
2022-08,27101999,IT,CH,79556.0,20.957,3.7962,no
2022-08,27101999,IT,CZ,3430.0,0.619,5.5412,no
2022-08,27101999,IT,DE,5694004.0,3113.155,1.829,no
2022-08,27101999,IT,DK,967.0,0.043,22.4884,no
2022-08,27101999,IT,EE,96814.0,43.08,2.2473,no
2022-08,27101999,IT,EG,29260.0,20.44,1.4315,no
2022-08,27101999,IT,ES,21167110.0,11711.629,1.8074,no
2022-08,27101999,IT,FI,55372.0,21.011,2.6354,no
2022-08,27101999,IT,FR,1258223.0,622.797,2.0203,no
2022-08,27101999,IT,GB,6471612.0,3284.444,1.9704,no
2022-08,27101999,IT,GR,547938.0,287.949,1.9029,no
2022-08,27101999,IT,HR,14690.0,5.129,2.8641,no
2022-08,27101999,IT,HU,1638020.0,1277.489,1.2822,no
2022-08,27101999,IT,IN,369496.0,219.0,1.6872,no
2022-08,27101999,IT,KR,581638.0,300.264,1.9371,no
2022-08,27101999,IT,NL,1799165.0,980.3,1.8353,no
2022-08,27101999,IT,PL,681287.0,357.146,1.9076,no
2022-08,27101999,IT,PT,6928.0,1.932,3.5859,no
2022-08,27101999,IT,QV,7239.0,4.141,1.7481,no
2022-08,27101999,IT,RO,27.0,0.001,27.0,no
2022-08,27101999,IT,RU,505817.0,456.68,1.1076,no
2022-08,27101999,IT,SE,59257.0,28.292,2.0945,no
2022-08,27101999,IT,SI,218207.0,35.143,6.2091,no
2022-08,27101999,IT,TR,360804.0,209.792,1.7198,no
2022-08,27101999,IT,TW,1376.0,0.008,172.0,no
2022-08,27101999,IT,US,247630.0,41.937,5.9048,no
2022-08,27101999,IT,XS,84310.0,48.84,1.7262,no
2022-09,27101971,IT,DE,74.0,0.012,6.1667,no
2022-09,27101971,IT,FR,4505.0,0.85,5.3,no
2022-09,27101971,IT,TW,244143.0,141.07,1.7307,no
2022-09,27101981,IT,AL,44540.0,17.182,2.5922,no
2022-09,27101981,IT,AT,829851.0,166.821,4.9745,no
2022-09,27101981,IT,BE,4938327.0,1769.029,2.7915,no
2022-09,27101981,IT,CZ,39813.0,7.329,5.4323,no
2022-09,27101981,IT,DE,2489590.0,647.737,3.8435,no
2022-09,27101981,IT,DK,1517819.0,710.0,2.1378,no
2022-09,27101981,IT,ES,2623096.0,808.548,3.2442,no
2022-09,27101981,IT,FI,75502.0,27.082,2.7879,no
2022-09,27101981,IT,FR,2885030.0,1119.586,2.5769,no
2022-09,27101981,IT,GB,119376.0,45.814,2.6057,no
2022-09,27101981,IT,GR,209375.0,73.07,2.8654,no
2022-09,27101981,IT,HR,46326.0,17.063,2.715,no
2022-09,27101981,IT,HU,113079.0,51.695,2.1874,no
2022-09,27101981,IT,IN,1174.0,0.064,18.3438,no
2022-09,27101981,IT,JP,5318.0,0.189,28.1376,no
2022-09,27101981,IT,LT,234125.0,43.844,5.34,no
2022-09,27101981,IT,NL,1911882.0,723.848,2.6413,no
2022-09,27101981,IT,PL,629956.0,116.636,5.401,no
2022-09,27101981,IT,RO,714.0,0.056,12.75,no
2022-09,27101981,IT,SE,357133.0,73.829,4.8373,no
2022-09,27101981,IT,SI,170893.0,26.472,6.4556,no
2022-09,27101981,IT,SK,2496.0,0.121,20.6281,no
2022-09,27101981,IT,TR,67359.0,21.296,3.163,no
2022-09,27101981,IT,US,3647.0,0.225,16.2089,no
2022-09,27101981,IT,XS,28360.0,8.93,3.1758,no
2022-09,27101983,IT,AT,74802.0,13.659,5.4764,no
2022-09,27101983,IT,BE,197346.0,52.738,3.742,no
2022-09,27101983,IT,CZ,16291.0,2.337,6.9709,no
2022-09,27101983,IT,DE,879923.0,265.385,3.3156,no
2022-09,27101983,IT,DK,969.0,1.801,0.538,no
2022-09,27101983,IT,ES,359730.0,133.312,2.6984,no
2022-09,27101983,IT,FI,78350.0,30.536,2.5658,no
2022-09,27101983,IT,FR,196067.0,76.856,2.5511,no
2022-09,27101983,IT,GB,5780.0,0.983,5.88,no
2022-09,27101983,IT,HR,1361.0,0.563,2.4174,no
2022-09,27101983,IT,HU,38737.0,17.58,2.2035,no
2022-09,27101983,IT,NL,199985.0,82.078,2.4365,no
2022-09,27101983,IT,PL,44887.0,18.877,2.3779,no
2022-09,27101983,IT,RO,12.0,0.001,12.0,no
2022-09,27101983,IT,SE,111076.0,45.824,2.424,no
2022-09,27101983,IT,TR,16284.0,5.791,2.8119,no
2022-09,27101983,IT,US,17510.0,1.398,12.525,no
2022-09,27101985,IT,AT,49.0,0.001,49.0,no
2022-09,27101985,IT,BE,395111.0,201.962,1.9564,no
2022-09,27101985,IT,CN,5472.0,0.725,7.5476,no
2022-09,27101985,IT,DE,602577.0,310.403,1.9413,no
2022-09,27101985,IT,ES,13340.0,6.794,1.9635,no
2022-09,27101985,IT,FI,53.0,0.001,53.0,no
2022-09,27101985,IT,FR,731778.0,380.2,1.9247,no
2022-09,27101985,IT,HU,34712.0,23.375,1.485,no
2022-09,27101985,IT,IN,521774.0,315.17,1.6555,no
2022-09,27101985,IT,NL,755087.0,284.554,2.6536,no
2022-09,27101985,IT,NO,4252.0,0.72,5.9056,no
2022-09,27101985,IT,PL,7933.0,1.346,5.8938,no
2022-09,27101985,IT,PT,21114.0,8.1,2.6067,no
2022-09,27101987,IT,AL,3042.0,1.271,2.3934,no
2022-09,27101987,IT,AT,39136.0,4.684,8.3553,no
2022-09,27101987,IT,BE,254620.0,73.242,3.4764,no
2022-09,27101987,IT,CZ,1731.0,0.375,4.616,no
2022-09,27101987,IT,DE,811834.0,155.026,5.2368,no
2022-09,27101987,IT,DK,1075.0,2.03,0.5296,no
2022-09,27101987,IT,ES,269162.0,67.297,3.9996,no
2022-09,27101987,IT,FI,4148.0,1.46,2.8411,no
2022-09,27101987,IT,FR,613416.0,156.055,3.9308,no
2022-09,27101987,IT,GB,25537.0,1.107,23.0687,no
2022-09,27101987,IT,GR,118.0,0.036,3.2778,no
2022-09,27101987,IT,HU,651.0,0.088,7.3977,no
2022-09,27101987,IT,JP,1367.0,0.115,11.887,no
2022-09,27101987,IT,KR,12756.0,0.71,17.9662,no
2022-09,27101987,IT,NL,1602381.0,132.689,12.0762,no
2022-09,27101987,IT,PL,2508.0,0.539,4.6531,no
2022-09,27101987,IT,RO,12.0,0.001,12.0,no
2022-09,27101987,IT,SE,42069.0,2.632,15.9837,no
2022-09,27101987,IT,SI,3309.0,0.682,4.8519,no
2022-09,27101987,IT,TR,42800.0,15.556,2.7513,no
2022-09,27101991,IT,AT,4555.0,0.802,5.6796,no
2022-09,27101991,IT,BE,283.0,0.02,14.15,no
2022-09,27101991,IT,DE,307358.0,93.125,3.3005,no
2022-09,27101991,IT,ES,7944.0,2.163,3.6727,no
2022-09,27101991,IT,FR,190495.0,75.051,2.5382,no
2022-09,27101991,IT,GB,273077.0,131.5,2.0766,no
2022-09,27101991,IT,HR,5575.0,1.902,2.9311,no
2022-09,27101991,IT,MX,69360.0,14.478,4.7907,no
2022-09,27101991,IT,NL,3834.0,0.732,5.2377,no
2022-09,27101991,IT,SE,4023.0,0.745,5.4,no
2022-09,27101991,IT,SI,56101.0,8.717,6.4358,no
2022-09,27101993,IT,BE,104556.0,52.68,1.9847,no
2022-09,27101993,IT,DE,54807.0,39.3,1.3946,no
2022-09,27101993,IT,ES,1332713.0,634.116,2.1017,no
2022-09,27101993,IT,FR,1079650.0,541.26,1.9947,no
2022-09,27101993,IT,GB,70720.0,20.28,3.4872,no
2022-09,27101999,IT,AT,112097.0,20.119,5.5717,no
2022-09,27101999,IT,AZ,100864.0,59.78,1.6873,no
2022-09,27101999,IT,BA,229216.0,134.88,1.6994,no
2022-09,27101999,IT,BE,13861385.0,7473.116,1.8548,no
2022-09,27101999,IT,BG,4965.0,1.574,3.1544,no
2022-09,27101999,IT,CA,48274.0,1.5,32.1827,no
2022-09,27101999,IT,CH,195479.0,37.868,5.1621,no
2022-09,27101999,IT,CN,2470.0,0.164,15.061,no
2022-09,27101999,IT,CZ,12237.0,2.016,6.0699,no
2022-09,27101999,IT,DE,3823879.0,1818.351,2.1029,no
2022-09,27101999,IT,DK,572.0,0.007,81.7143,no
2022-09,27101999,IT,EE,1951.0,0.094,20.7553,no
2022-09,27101999,IT,ES,10977013.0,6347.492,1.7293,no
2022-09,27101999,IT,FR,1045137.0,544.491,1.9195,no
2022-09,27101999,IT,GB,3529074.0,1777.112,1.9858,no
2022-09,27101999,IT,GR,5213341.0,14162.318,0.3681,no
2022-09,27101999,IT,HR,20766.0,4.486,4.6291,no
2022-09,27101999,IT,HU,1344656.0,928.48,1.4482,no
2022-09,27101999,IT,IN,616457.0,357.95,1.7222,no
2022-09,27101999,IT,JP,35627.0,7.16,4.9758,no
2022-09,27101999,IT,LU,1315.0,0.024,54.7917,no
2022-09,27101999,IT,LV,837.0,0.001,837.0,no
2022-09,27101999,IT,NL,6324298.0,3116.248,2.0295,no
2022-09,27101999,IT,PL,2132254.0,1314.569,1.622,no
2022-09,27101999,IT,PT,10288.0,1.398,7.3591,no
2022-09,27101999,IT,QV,312.0,0.18,1.7333,no
2022-09,27101999,IT,RO,1754.0,0.6,2.9233,no
2022-09,27101999,IT,RU,58969.0,54.1,1.09,no
2022-09,27101999,IT,SE,40721.0,20.187,2.0172,no
2022-09,27101999,IT,SI,110580.0,19.696,5.6143,no
2022-09,27101999,IT,TR,852453.0,454.036,1.8775,no
2022-09,27101999,IT,US,355247.0,27.686,12.8313,no
2022-09,27101999,IT,XS,80456.0,48.04,1.6748,no
2022-10,27101971,IT,DE,115.0,0.01,11.5,no
2022-10,27101971,IT,ES,3853.0,0.76,5.0697,no
2022-10,27101971,IT,FR,2558.0,1.491,1.7156,no
2022-10,27101971,IT,TW,319979.0,202.8,1.5778,no
2022-10,27101981,IT,AL,46412.0,14.289,3.2481,no
2022-10,27101981,IT,AT,878989.0,301.676,2.9137,no
2022-10,27101981,IT,BE,5507310.0,1693.781,3.2515,no
2022-10,27101981,IT,CN,3768.0,1.13,3.3345,no
2022-10,27101981,IT,CZ,45730.0,9.218,4.9609,no
2022-10,27101981,IT,DE,2226509.0,579.797,3.8402,no
2022-10,27101981,IT,ES,3001124.0,900.544,3.3326,no
2022-10,27101981,IT,FI,94362.0,34.298,2.7512,no
2022-10,27101981,IT,FR,3846283.0,1543.566,2.4918,no
2022-10,27101981,IT,GB,38647.0,8.206,4.7096,no
2022-10,27101981,IT,GR,365.0,0.102,3.5784,no
2022-10,27101981,IT,HR,63480.0,23.397,2.7132,no
2022-10,27101981,IT,HU,100630.0,50.12,2.0078,no
2022-10,27101981,IT,JP,1191.0,0.033,36.0909,no
2022-10,27101981,IT,LT,7415.0,1.356,5.4683,no
2022-10,27101981,IT,NL,2624511.0,972.62,2.6984,no
2022-10,27101981,IT,PL,466108.0,87.169,5.3472,no
2022-10,27101981,IT,QV,6882.0,1.86,3.7,no
2022-10,27101981,IT,RO,1578.0,0.151,10.4503,no
2022-10,27101981,IT,SE,232584.0,89.765,2.591,no
2022-10,27101981,IT,SI,524917.0,93.175,5.6337,no
2022-10,27101981,IT,SK,12669.0,2.317,5.4678,no
2022-10,27101981,IT,TH,4597.0,0.186,24.7151,no
2022-10,27101981,IT,TR,35647.0,10.628,3.3541,no
2022-10,27101983,IT,AT,130084.0,24.499,5.3098,no
2022-10,27101983,IT,BE,302510.0,81.274,3.7221,no
2022-10,27101983,IT,CZ,59428.0,13.622,4.3626,no
2022-10,27101983,IT,DE,570879.0,198.131,2.8813,no
2022-10,27101983,IT,DK,1805.0,0.732,2.4658,no
2022-10,27101983,IT,ES,125846.0,42.18,2.9835,no
2022-10,27101983,IT,FR,225556.0,97.422,2.3152,no
2022-10,27101983,IT,HR,21429.0,9.127,2.3479,no
2022-10,27101983,IT,HU,154371.0,87.02,1.774,no
2022-10,27101983,IT,NL,122635.0,47.957,2.5572,no
2022-10,27101983,IT,PL,17269.0,3.643,4.7403,no
2022-10,27101983,IT,SE,30725.0,10.023,3.0654,no
2022-10,27101983,IT,XS,1535.0,0.206,7.4515,no
2022-10,27101985,IT,AT,2203.0,0.723,3.047,no
2022-10,27101985,IT,BE,89590.0,42.81,2.0927,no
2022-10,27101985,IT,DE,1069966.0,578.77,1.8487,no
2022-10,27101985,IT,ES,12683.0,4.01,3.1628,no
2022-10,27101985,IT,FR,273494.0,128.975,2.1205,no
2022-10,27101985,IT,HU,34249.0,23.375,1.4652,no
2022-10,27101985,IT,IN,739247.0,517.64,1.4281,no
2022-10,27101985,IT,NL,972780.0,451.125,2.1563,no
2022-10,27101985,IT,PL,15.0,0.002,7.5,no
2022-10,27101985,IT,PT,74824.0,21.55,3.4721,no
2022-10,27101987,IT,AL,1210.0,0.502,2.4104,no
2022-10,27101987,IT,AT,21499.0,2.558,8.4046,no
2022-10,27101987,IT,BE,351446.0,107.09,3.2818,no
2022-10,27101987,IT,CZ,13861.0,2.308,6.0056,no
2022-10,27101987,IT,DE,663258.0,155.139,4.2752,no
2022-10,27101987,IT,DK,601.0,1.368,0.4393,no
2022-10,27101987,IT,ES,406053.0,102.05,3.979,no
2022-10,27101987,IT,FR,761606.0,220.234,3.4582,no
2022-10,27101987,IT,GB,3784.0,0.993,3.8107,no
2022-10,27101987,IT,HR,4567.0,1.58,2.8905,no
2022-10,27101987,IT,HU,18863.0,5.271,3.5786,no
2022-10,27101987,IT,IE,4564.0,0.58,7.869,no
2022-10,27101987,IT,NL,1692468.0,140.838,12.0171,no
2022-10,27101987,IT,PL,24882.0,7.355,3.383,no
2022-10,27101987,IT,SE,50845.0,9.111,5.5806,no
2022-10,27101987,IT,SI,18975.0,2.266,8.3738,no
2022-10,27101987,IT,TR,5348.0,1.7,3.1459,no
2022-10,27101991,IT,AT,34217.0,6.865,4.9843,no
2022-10,27101991,IT,BE,1708.0,0.3,5.6933,no
2022-10,27101991,IT,BG,895.0,0.029,30.8621,no
2022-10,27101991,IT,DE,382971.0,95.502,4.0101,no
2022-10,27101991,IT,ES,16645.0,6.19,2.689,no
2022-10,27101991,IT,FR,191625.0,73.634,2.6024,no
2022-10,27101991,IT,GB,376320.0,183.75,2.048,no
2022-10,27101991,IT,HR,405.0,0.08,5.0625,no
2022-10,27101991,IT,MX,40665.0,8.332,4.8806,no
2022-10,27101991,IT,NL,51.0,0.004,12.75,no
2022-10,27101991,IT,SE,4665.0,0.864,5.3993,no
2022-10,27101993,IT,BE,190015.0,114.84,1.6546,no
2022-10,27101993,IT,DE,114678.0,70.565,1.6251,no
2022-10,27101993,IT,ES,40638.0,8.9,4.5661,no
2022-10,27101993,IT,FR,418679.0,218.58,1.9154,no
2022-10,27101993,IT,GB,450012.0,132.36,3.3999,no
2022-10,27101993,IT,SE,47584.0,17.36,2.741,no
2022-10,27101999,IT,AL,10271.0,5.007,2.0513,no
2022-10,27101999,IT,AR,1172.0,0.032,36.625,no
2022-10,27101999,IT,AT,80738.0,104.523,0.7724,no
2022-10,27101999,IT,AZ,106085.0,59.58,1.7805,no
2022-10,27101999,IT,BE,12115675.0,6492.936,1.866,no
2022-10,27101999,IT,BG,22669.0,7.357,3.0813,no
2022-10,27101999,IT,CH,134954.0,28.235,4.7797,no
2022-10,27101999,IT,CZ,27129.0,3.354,8.0886,no
2022-10,27101999,IT,DE,3524509.0,1822.833,1.9335,no
2022-10,27101999,IT,DK,272.0,0.004,68.0,no
2022-10,27101999,IT,EE,182415.0,109.977,1.6587,no
2022-10,27101999,IT,ES,14687984.0,7868.029,1.8668,no
2022-10,27101999,IT,FR,1326550.0,1635.089,0.8113,no
2022-10,27101999,IT,GB,65648.0,11.924,5.5055,no
2022-10,27101999,IT,GR,6314129.0,14102.569,0.4477,no
2022-10,27101999,IT,HR,26530.0,5.919,4.4822,no
2022-10,27101999,IT,HU,1395255.0,1190.5,1.172,no
2022-10,27101999,IT,IN,1208365.0,757.71,1.5948,no
2022-10,27101999,IT,JP,25467.0,2.681,9.4991,no
2022-10,27101999,IT,MY,5388406.0,2802.324,1.9228,no
2022-10,27101999,IT,NL,8528411.0,3504.234,2.4337,no
2022-10,27101999,IT,PL,3249417.0,2162.146,1.5029,no
2022-10,27101999,IT,PT,59842.0,7.643,7.8296,no
2022-10,27101999,IT,RO,268.0,0.015,17.8667,no
2022-10,27101999,IT,RU,413613.0,378.22,1.0936,no
2022-10,27101999,IT,SE,107695.0,55.719,1.9328,no
2022-10,27101999,IT,SI,772867.0,113.453,6.8122,no
2022-10,27101999,IT,TR,418486.0,231.878,1.8048,no
2022-10,27101999,IT,US,224120.0,36.743,6.0997,no
2022-10,27101999,IT,XS,1541.0,0.237,6.5021,no
2022-11,27101971,IT,BE,85.0,0.005,17.0,no
2022-11,27101971,IT,DE,653.0,0.125,5.224,no
2022-11,27101971,IT,FR,1214.0,0.3,4.0467,no
2022-11,27101971,IT,US,1482238.0,1078.065,1.3749,no
2022-11,27101981,IT,AT,893233.0,1039.302,0.8595,no
2022-11,27101981,IT,BE,5053001.0,1612.393,3.1339,no
2022-11,27101981,IT,CN,1119.0,0.336,3.3304,no
2022-11,27101981,IT,CZ,79325.0,12.923,6.1383,no
2022-11,27101981,IT,DE,2589093.0,680.924,3.8023,no
2022-11,27101981,IT,ES,2946787.0,922.713,3.1936,no
2022-11,27101981,IT,FI,64813.0,33.858,1.9143,no
2022-11,27101981,IT,FR,1927982.0,742.425,2.5969,no
2022-11,27101981,IT,GB,24576.0,6.853,3.5862,no
2022-11,27101981,IT,GR,472090.0,156.045,3.0253,no
2022-11,27101981,IT,HR,259385.0,92.475,2.8049,no
2022-11,27101981,IT,HU,227020.0,53.479,4.245,no
2022-11,27101981,IT,IE,49.0,0.001,49.0,no
2022-11,27101981,IT,IN,1230.0,0.475,2.5895,no
2022-11,27101981,IT,LV,17.0,0.004,4.25,no
2022-11,27101981,IT,NL,1702782.0,635.503,2.6794,no
2022-11,27101981,IT,PL,61623.0,8.041,7.6636,no
2022-11,27101981,IT,QV,1.0,0.01,0.1,no
2022-11,27101981,IT,RO,1276.0,0.157,8.1274,no
2022-11,27101981,IT,SE,321023.0,89.342,3.5932,no
2022-11,27101981,IT,SI,620275.0,109.047,5.6881,no
2022-11,27101981,IT,SK,91.0,0.015,6.0667,no
2022-11,27101981,IT,TR,59986.0,17.995,3.3335,no
2022-11,27101981,IT,US,38790.0,4.772,8.1287,no
2022-11,27101983,IT,AT,47588.0,9.431,5.0459,no
2022-11,27101983,IT,BE,266753.0,78.414,3.4019,no
2022-11,27101983,IT,CZ,29797.0,6.783,4.3929,no
2022-11,27101983,IT,DE,772457.0,273.848,2.8208,no
2022-11,27101983,IT,DK,86.0,0.36,0.2389,no
2022-11,27101983,IT,ES,252948.0,90.492,2.7953,no
2022-11,27101983,IT,FR,231690.0,96.225,2.4078,no
2022-11,27101983,IT,GB,11046.0,1.744,6.3337,no
2022-11,27101983,IT,HR,8482.0,3.477,2.4395,no
2022-11,27101983,IT,HU,126616.0,25.319,5.0008,no
2022-11,27101983,IT,JP,1017.0,0.003,339.0,no
2022-11,27101983,IT,NL,165085.0,60.859,2.7126,no
2022-11,27101983,IT,PL,55579.0,11.116,4.9999,no
2022-11,27101983,IT,SE,19486.0,6.559,2.9709,no
2022-11,27101983,IT,SI,10397.0,3.364,3.0907,no
2022-11,27101985,IT,AT,43.0,0.003,14.3333,no
2022-11,27101985,IT,BE,427959.0,244.852,1.7478,no
2022-11,27101985,IT,DE,843957.0,365.407,2.3096,no
2022-11,27101985,IT,DK,689.0,1.44,0.4785,no
2022-11,27101985,IT,ES,34647.0,3.083,11.2381,no
2022-11,27101985,IT,FR,515000.0,280.735,1.8345,no
2022-11,27101985,IT,IN,748026.0,540.12,1.3849,no
2022-11,27101985,IT,LU,2560.0,0.16,16.0,no
2022-11,27101985,IT,NL,577055.0,234.859,2.457,no
2022-11,27101985,IT,PL,58.0,0.005,11.6,no
2022-11,27101985,IT,PT,7187.0,2.7,2.6619,no
2022-11,27101985,IT,SE,546.0,0.003,182.0,no
2022-11,27101987,IT,AT,12777.0,1.93,6.6202,no
2022-11,27101987,IT,BE,310073.0,93.469,3.3174,no
2022-11,27101987,IT,CZ,11493.0,1.813,6.3392,no
2022-11,27101987,IT,DE,1016948.0,155.774,6.5284,no
2022-11,27101987,IT,DK,1087.0,1.824,0.5959,no
2022-11,27101987,IT,ES,326496.0,78.62,4.1528,no
2022-11,27101987,IT,FR,596770.0,132.463,4.5052,no
2022-11,27101987,IT,GB,15996.0,1.047,15.2779,no
2022-11,27101987,IT,GR,2185.0,0.736,2.9688,no
2022-11,27101987,IT,HR,293.0,0.09,3.2556,no
2022-11,27101987,IT,HU,52940.0,6.377,8.3017,no
2022-11,27101987,IT,KR,2834.0,0.121,23.4215,no
2022-11,27101987,IT,LU,10.0,0.001,10.0,no
2022-11,27101987,IT,NL,371231.0,68.471,5.4217,no
2022-11,27101987,IT,PL,5761.0,1.914,3.0099,no
2022-11,27101987,IT,SE,37889.0,5.366,7.0609,no
2022-11,27101987,IT,SI,40076.0,4.841,8.2785,no
2022-11,27101987,IT,TR,17206.0,5.515,3.1199,no
2022-11,27101987,IT,US,7839.0,0.715,10.9636,no
2022-11,27101991,IT,AT,439.0,0.04,10.975,no
2022-11,27101991,IT,BE,90357.0,81.122,1.1138,no
2022-11,27101991,IT,CH,1773.0,0.039,45.4615,no
2022-11,27101991,IT,DE,426999.0,126.894,3.365,no
2022-11,27101991,IT,FI,254.0,0.001,254.0,no
2022-11,27101991,IT,FR,187795.0,68.345,2.7478,no
2022-11,27101991,IT,GB,64694.0,30.808,2.0999,no
2022-11,27101991,IT,HR,983.0,0.317,3.1009,no
2022-11,27101991,IT,JP,2946.0,0.175,16.8343,no
2022-11,27101991,IT,MX,45716.0,9.888,4.6234,no
2022-11,27101991,IT,NL,1473.0,0.378,3.8968,no
2022-11,27101991,IT,SE,3564.0,0.66,5.4,no
2022-11,27101993,IT,BE,178234.0,84.598,2.1068,no
2022-11,27101993,IT,DE,46986.0,32.313,1.4541,no
2022-11,27101993,IT,FR,1176787.0,638.04,1.8444,no
2022-11,27101993,IT,GB,434875.0,121.28,3.5857,no
2022-11,27101999,IT,AO,3998.0,0.078,51.2564,no
2022-11,27101999,IT,AT,53435.0,80.823,0.6611,no
2022-11,27101999,IT,AZ,376094.0,318.54,1.1807,no
2022-11,27101999,IT,BE,9933127.0,5521.046,1.7991,no
2022-11,27101999,IT,BG,209.0,0.001,209.0,no
2022-11,27101999,IT,CA,2711.0,0.008,338.875,no
2022-11,27101999,IT,CH,198999.0,39.685,5.0145,no
2022-11,27101999,IT,CZ,23884.0,4.737,5.042,no
2022-11,27101999,IT,DE,2991127.0,1497.607,1.9973,no
2022-11,27101999,IT,DK,616.0,0.008,77.0,no
2022-11,27101999,IT,ES,19454135.0,9417.128,2.0658,no
2022-11,27101999,IT,FR,1721513.0,1812.048,0.95,no
2022-11,27101999,IT,GB,5394174.0,2907.631,1.8552,no
2022-11,27101999,IT,GR,5696618.0,14234.305,0.4002,no
2022-11,27101999,IT,HR,11074.0,2.363,4.6864,no
2022-11,27101999,IT,HU,1048119.0,804.42,1.3029,no
2022-11,27101999,IT,IN,859981.0,617.53,1.3926,no
2022-11,27101999,IT,JP,39109.0,2.24,17.4594,no
2022-11,27101999,IT,KR,2757.0,0.074,37.2568,no
2022-11,27101999,IT,NL,4382355.0,2542.869,1.7234,no
2022-11,27101999,IT,PL,913769.0,651.19,1.4032,no
2022-11,27101999,IT,PT,73801.0,9.226,7.9992,no
2022-11,27101999,IT,RU,418203.0,379.88,1.1009,no
2022-11,27101999,IT,SE,41136.0,19.367,2.124,no
2022-11,27101999,IT,SI,338760.0,59.878,5.6575,no
2022-11,27101999,IT,TH,6322.0,0.48,13.1708,no
2022-11,27101999,IT,TR,379646.0,226.964,1.6727,no
2022-11,27101999,IT,UA,2025.0,0.502,4.0339,no
2022-11,27101999,IT,US,136383.0,21.168,6.4429,no
2022-12,27101971,IT,DE,57.0,0.01,5.7,no
2022-12,27101971,IT,FR,5252.0,0.966,5.4369,no
2022-12,27101971,IT,TW,334182.0,241.24,1.3853,no
2022-12,27101981,IT,AL,33966.0,13.452,2.525,no
2022-12,27101981,IT,AT,407345.0,159.012,2.5617,no
2022-12,27101981,IT,BE,4419623.0,1325.286,3.3348,no
2022-12,27101981,IT,CN,1008.0,0.378,2.6667,no
2022-12,27101981,IT,CZ,17421.0,3.628,4.8018,no
2022-12,27101981,IT,DE,2571191.0,642.413,4.0024,no
2022-12,27101981,IT,EE,83133.0,14.714,5.6499,no
2022-12,27101981,IT,ES,2424678.0,774.089,3.1323,no
2022-12,27101981,IT,FR,2070084.0,809.997,2.5557,no
2022-12,27101981,IT,GB,26551.0,6.704,3.9605,no
2022-12,27101981,IT,GR,158743.0,52.902,3.0007,no
2022-12,27101981,IT,HR,25842.0,8.737,2.9578,no
2022-12,27101981,IT,HU,85184.0,39.158,2.1754,no
2022-12,27101981,IT,IE,49.0,0.001,49.0,no
2022-12,27101981,IT,IN,2982.0,1.111,2.6841,no
2022-12,27101981,IT,LV,85203.0,15.081,5.6497,no
2022-12,27101981,IT,NL,1608099.0,532.331,3.0209,no
2022-12,27101981,IT,PL,53955.0,4.926,10.9531,no
2022-12,27101981,IT,PT,27862.0,4.932,5.6492,no
2022-12,27101981,IT,RO,3052.0,0.451,6.7672,no
2022-12,27101981,IT,SE,135846.0,56.422,2.4077,no
2022-12,27101981,IT,SI,756919.0,124.07,6.1007,no
2022-12,27101981,IT,SK,7.0,0.001,7.0,no
2022-12,27101981,IT,TR,9306.0,2.654,3.5064,no
2022-12,27101981,IT,US,47614.0,10.283,4.6304,no
2022-12,27101983,IT,AT,9289.0,2.028,4.5804,no
2022-12,27101983,IT,BE,120541.0,31.919,3.7765,no
2022-12,27101983,IT,CZ,23692.0,5.993,3.9533,no
2022-12,27101983,IT,DE,456346.0,142.8,3.1957,no
2022-12,27101983,IT,DK,313.0,0.36,0.8694,no
2022-12,27101983,IT,ES,175650.0,54.915,3.1986,no
2022-12,27101983,IT,FR,135729.0,52.923,2.5647,no
2022-12,27101983,IT,GB,24799.0,6.744,3.6772,no
2022-12,27101983,IT,HR,17957.0,7.309,2.4568,no
2022-12,27101983,IT,HU,371233.0,203.004,1.8287,no
2022-12,27101983,IT,NL,63668.0,29.284,2.1742,no
2022-12,27101983,IT,PL,17184.0,3.819,4.4996,no
2022-12,27101983,IT,RO,686.0,0.011,62.3636,no
2022-12,27101983,IT,SE,17775.0,6.667,2.6661,no
2022-12,27101983,IT,SI,18416.0,4.751,3.8762,no
2022-12,27101983,IT,TR,3198.0,1.478,2.1637,no
2022-12,27101985,IT,AT,1738.0,0.211,8.237,no
2022-12,27101985,IT,BE,216885.0,125.992,1.7214,no
2022-12,27101985,IT,DE,394767.0,251.213,1.5714,no
2022-12,27101985,IT,ES,8269.0,3.368,2.4552,no
2022-12,27101985,IT,FR,359583.0,221.429,1.6239,no
2022-12,27101985,IT,IN,324246.0,237.99,1.3624,no
2022-12,27101985,IT,NL,148614.0,66.82,2.2241,no
2022-12,27101985,IT,PT,6365.0,2.55,2.4961,no
2022-12,27101985,IT,SE,1801.0,0.009,200.1111,no
2022-12,27101987,IT,AL,9061.0,3.633,2.4941,no
2022-12,27101987,IT,AT,109.0,0.01,10.9,no
2022-12,27101987,IT,BE,184041.0,49.368,3.7279,no
2022-12,27101987,IT,CZ,8701.0,1.409,6.1753,no
2022-12,27101987,IT,DE,600269.0,135.015,4.4459,no
2022-12,27101987,IT,DK,6222.0,1.218,5.1084,no
2022-12,27101987,IT,ES,463411.0,143.028,3.24,no
2022-12,27101987,IT,FR,580362.0,151.09,3.8412,no
2022-12,27101987,IT,GB,4401.0,0.816,5.3934,no
2022-12,27101987,IT,GR,9680.0,3.699,2.6169,no
2022-12,27101987,IT,HR,2263.0,1.494,1.5147,no
2022-12,27101987,IT,HU,24388.0,10.669,2.2859,no
2022-12,27101987,IT,IE,4354.0,0.6,7.2567,no
2022-12,27101987,IT,KR,6023.0,0.666,9.0435,no
2022-12,27101987,IT,NL,235353.0,50.4,4.6697,no
2022-12,27101987,IT,PL,88.0,0.007,12.5714,no
2022-12,27101987,IT,SE,45665.0,9.095,5.0209,no
2022-12,27101991,IT,AT,10494.0,1.912,5.4885,no
2022-12,27101991,IT,BE,590.0,0.182,3.2418,no
2022-12,27101991,IT,DE,296730.0,88.239,3.3628,no
2022-12,27101991,IT,ES,23824.0,8.2,2.9054,no
2022-12,27101991,IT,FR,105258.0,47.385,2.2213,no
2022-12,27101991,IT,GB,175574.0,83.19,2.1105,no
2022-12,27101991,IT,HR,546.0,0.176,3.1023,no
2022-12,27101991,IT,MX,38023.0,8.342,4.558,no
2022-12,27101991,IT,NL,14.0,0.002,7.0,no
2022-12,27101991,IT,NO,1229.0,0.028,43.8929,no
2022-12,27101991,IT,SE,7495.0,1.388,5.3999,no
2022-12,27101993,IT,BE,216894.0,118.574,1.8292,no
2022-12,27101993,IT,DE,18001.0,12.629,1.4254,no
2022-12,27101993,IT,FR,276599.0,159.84,1.7305,no
2022-12,27101993,IT,GB,326102.0,92.38,3.53,no
2022-12,27101999,IT,AT,64581.0,55.614,1.1612,no
2022-12,27101999,IT,BE,6441656.0,4083.389,1.5775,no
2022-12,27101999,IT,BG,5075.0,1.685,3.0119,no
2022-12,27101999,IT,CH,164476.0,33.212,4.9523,no
2022-12,27101999,IT,CN,3093.0,0.072,42.9583,no
2022-12,27101999,IT,CZ,16771.0,2.192,7.651,no
2022-12,27101999,IT,DE,3077124.0,1061.801,2.898,no
2022-12,27101999,IT,ES,9741894.0,6112.243,1.5938,no
2022-12,27101999,IT,FR,1652202.0,1688.864,0.9783,no
2022-12,27101999,IT,GB,24593.0,3.228,7.6186,no
2022-12,27101999,IT,GR,3779260.0,10147.801,0.3724,no
2022-12,27101999,IT,HR,2817.0,0.739,3.8119,no
2022-12,27101999,IT,HU,1680125.0,1546.57,1.0864,no
2022-12,27101999,IT,IL,143586.0,15.632,9.1854,no
2022-12,27101999,IT,JP,38460.0,7.393,5.2022,no
2022-12,27101999,IT,LU,8.0,0.001,8.0,no
2022-12,27101999,IT,MY,6287323.0,3323.579,1.8917,no
2022-12,27101999,IT,NL,3213217.0,1863.293,1.7245,no
2022-12,27101999,IT,PL,677816.0,553.759,1.224,no
2022-12,27101999,IT,PT,255317.0,30.541,8.3598,no
2022-12,27101999,IT,RO,194.0,0.045,4.3111,no
2022-12,27101999,IT,RU,60557.0,53.12,1.14,no
2022-12,27101999,IT,SE,29813.0,9.398,3.1723,no
2022-12,27101999,IT,SI,293766.0,53.544,5.4864,no
2022-12,27101999,IT,TR,113633.0,35.302,3.2189,no
2022-12,27101999,IT,US,270950.0,27.434,9.8764,no
2023-01,27101971,IT,FR,2636.0,0.4,6.59,no
2023-01,27101971,IT,TW,814656.0,707.34,1.1517,no
2023-01,27101971,IT,US,1127685.0,1007.36,1.1194,no
2023-01,27101981,IT,AT,558825.0,73.599,7.5928,no
2023-01,27101981,IT,BE,6018944.0,1782.712,3.3763,no
2023-01,27101981,IT,BG,183862.0,31.484,5.8399,no
2023-01,27101981,IT,CN,1798.0,0.679,2.648,no
2023-01,27101981,IT,CZ,53996.0,6.513,8.2905,no
2023-01,27101981,IT,DE,3113299.0,771.62,4.0348,no
2023-01,27101981,IT,ES,1966368.0,590.826,3.3282,no
2023-01,27101981,IT,FI,90331.0,42.613,2.1198,no
2023-01,27101981,IT,FR,2779134.0,947.548,2.933,no
2023-01,27101981,IT,GB,20190.0,5.836,3.4596,no
2023-01,27101981,IT,HR,99444.0,34.489,2.8834,no
2023-01,27101981,IT,HU,117243.0,64.234,1.8252,no
2023-01,27101981,IT,LT,136108.0,23.307,5.8398,no
2023-01,27101981,IT,NL,1728103.0,517.249,3.3409,no
2023-01,27101981,IT,PL,155526.0,27.195,5.7189,no
2023-01,27101981,IT,RO,2102.0,0.426,4.9343,no
2023-01,27101981,IT,SE,111869.0,21.529,5.1962,no
2023-01,27101981,IT,SI,362623.0,55.056,6.5864,no
2023-01,27101981,IT,SK,4.0,0.001,4.0,no
2023-01,27101981,IT,TR,17267.0,5.267,3.2783,no
2023-01,27101981,IT,US,7899.0,0.449,17.5924,no
2023-01,27101983,IT,AT,56592.0,22.913,2.4699,no
2023-01,27101983,IT,BE,135854.0,36.397,3.7326,no
2023-01,27101983,IT,BG,35865.0,7.935,4.5198,no
2023-01,27101983,IT,CZ,23443.0,6.339,3.6982,no
2023-01,27101983,IT,DE,496925.0,193.195,2.5721,no
2023-01,27101983,IT,DK,362.0,0.054,6.7037,no
2023-01,27101983,IT,ES,326969.0,127.197,2.5706,no
2023-01,27101983,IT,FI,12697.0,4.904,2.5891,no
2023-01,27101983,IT,FR,208645.0,87.829,2.3756,no
2023-01,27101983,IT,GB,4427.0,0.268,16.5187,no
2023-01,27101983,IT,HR,38573.0,16.38,2.3549,no
2023-01,27101983,IT,LT,9400.0,2.08,4.5192,no
2023-01,27101983,IT,LU,34.0,0.002,17.0,no
2023-01,27101983,IT,NL,52950.0,20.812,2.5442,no
2023-01,27101983,IT,RO,1192.0,0.365,3.2658,no
2023-01,27101983,IT,SE,4157.0,0.237,17.5401,no
2023-01,27101985,IT,AT,2675.0,0.416,6.4303,no
2023-01,27101985,IT,BE,346139.0,197.246,1.7549,no
2023-01,27101985,IT,DE,889976.0,451.436,1.9714,no
2023-01,27101985,IT,ES,12947.0,6.158,2.1025,no
2023-01,27101985,IT,FR,246389.0,136.289,1.8078,no
2023-01,27101985,IT,GB,2230.0,0.85,2.6235,no
2023-01,27101985,IT,IN,994982.0,810.24,1.228,no
2023-01,27101985,IT,NL,462614.0,228.195,2.0273,no
2023-01,27101985,IT,PT,6365.0,2.55,2.4961,no
2023-01,27101987,IT,AT,36265.0,4.394,8.2533,no
2023-01,27101987,IT,BE,488894.0,122.865,3.9791,no
2023-01,27101987,IT,CZ,9767.0,1.388,7.0367,no
2023-01,27101987,IT,DE,847733.0,206.487,4.1055,no
2023-01,27101987,IT,ES,319394.0,108.654,2.9396,no
2023-01,27101987,IT,FR,703676.0,177.05,3.9744,no
2023-01,27101987,IT,GB,33030.0,2.203,14.9932,no
2023-01,27101987,IT,GR,359.0,0.049,7.3265,no
2023-01,27101987,IT,HR,1856.0,0.606,3.0627,no
2023-01,27101987,IT,HU,523.0,0.042,12.4524,no
2023-01,27101987,IT,IE,1884.0,0.22,8.5636,no
2023-01,27101987,IT,LT,6475.0,0.783,8.2695,no
2023-01,27101987,IT,NL,276045.0,57.178,4.8278,no
2023-01,27101987,IT,PL,1171.0,0.115,10.1826,no
2023-01,27101987,IT,RO,11.0,0.001,11.0,no
2023-01,27101987,IT,SE,18213.0,1.309,13.9137,no
2023-01,27101987,IT,SI,1041.0,0.294,3.5408,no
2023-01,27101991,IT,AT,17253.0,5.247,3.2882,no
2023-01,27101991,IT,BE,7575.0,1.401,5.4069,no
2023-01,27101991,IT,DE,274647.0,77.022,3.5658,no
2023-01,27101991,IT,ES,13612.0,4.394,3.0979,no
2023-01,27101991,IT,FR,172342.0,49.997,3.447,no
2023-01,27101991,IT,GB,107520.0,52.5,2.048,no
2023-01,27101991,IT,MX,31978.0,6.988,4.5761,no
2023-01,27101991,IT,NL,5116.0,0.687,7.4469,no
2023-01,27101991,IT,SE,475.0,0.088,5.3977,no
2023-01,27101993,IT,BE,256580.0,123.729,2.0737,no
2023-01,27101993,IT,CN,27440.0,10.5,2.6133,no
2023-01,27101993,IT,DE,66515.0,42.596,1.5615,no
2023-01,27101993,IT,FR,176471.0,106.88,1.6511,no
2023-01,27101993,IT,GB,506390.0,130.32,3.8857,no
2023-01,27101993,IT,NL,29.0,0.015,1.9333,no
2023-01,27101999,IT,AT,50010.0,125.576,0.3982,no
2023-01,27101999,IT,BE,6612071.0,4471.312,1.4788,no
2023-01,27101999,IT,CA,1448.0,0.08,18.1,no
2023-01,27101999,IT,CH,78791.0,16.375,4.8117,no
2023-01,27101999,IT,CZ,16140.0,20.55,0.7854,no
2023-01,27101999,IT,DE,3001767.0,2424.572,1.2381,no
2023-01,27101999,IT,ES,14452715.0,10286.181,1.4051,no
2023-01,27101999,IT,FI,12265.0,5.636,2.1762,no
2023-01,27101999,IT,FR,1041798.0,1310.99,0.7947,no
2023-01,27101999,IT,GB,71509.0,14.84,4.8187,no
2023-01,27101999,IT,GR,409521.0,216.524,1.8913,no
2023-01,27101999,IT,HR,19260.0,6.46,2.9814,no
2023-01,27101999,IT,HU,835534.0,775.86,1.0769,no
2023-01,27101999,IT,IN,518787.0,396.02,1.31,no
2023-01,27101999,IT,JP,5446.0,0.18,30.2556,no
2023-01,27101999,IT,LU,68.0,0.02,3.4,no
2023-01,27101999,IT,LV,4350.0,5.4,0.8056,no
2023-01,27101999,IT,MY,20322.0,15.52,1.3094,no
2023-01,27101999,IT,NL,3151705.0,1827.247,1.7248,no
2023-01,27101999,IT,PL,1008918.0,600.51,1.6801,no
2023-01,27101999,IT,PT,124224.0,133.62,0.9297,no
2023-01,27101999,IT,RO,4815.0,1.56,3.0865,no
2023-01,27101999,IT,RU,30313.0,26.59,1.14,no
2023-01,27101999,IT,SE,32311.0,14.59,2.2146,no
2023-01,27101999,IT,SI,479791.0,512.563,0.9361,no
2023-01,27101999,IT,TR,55945.0,16.32,3.428,no
2023-01,27101999,IT,TW,1481.0,0.01,148.1,no
2023-01,27101999,IT,US,117364.0,10.023,11.7095,no
2023-02,27101971,IT,DE,5654.0,0.378,14.9577,no
2023-02,27101971,IT,FR,2208.0,0.8,2.76,no
2023-02,27101971,IT,TW,355191.0,301.25,1.1791,no
2023-02,27101971,IT,US,917098.0,846.973,1.0828,no
2023-02,27101981,IT,AL,45274.0,17.565,2.5775,no
2023-02,27101981,IT,AT,766399.0,194.822,3.9338,no
2023-02,27101981,IT,BE,6654733.0,2053.586,3.2405,no
2023-02,27101981,IT,BG,51643.0,23.312,2.2153,no
2023-02,27101981,IT,CN,2481.0,0.923,2.688,no
2023-02,27101981,IT,CZ,20896.0,4.08,5.1216,no
2023-02,27101981,IT,DE,3430560.0,882.188,3.8887,no
2023-02,27101981,IT,ES,2252144.0,656.908,3.4284,no
2023-02,27101981,IT,FI,47356.0,18.058,2.6224,no
2023-02,27101981,IT,FR,3525391.0,1379.956,2.5547,no
2023-02,27101981,IT,GB,1241.0,0.036,34.4722,no
2023-02,27101981,IT,GR,75230.0,9.766,7.7033,no
2023-02,27101981,IT,HR,46118.0,14.196,3.2487,no
2023-02,27101981,IT,HU,162232.0,70.282,2.3083,no
2023-02,27101981,IT,JP,3560.0,0.175,20.3429,no
2023-02,27101981,IT,LT,89605.0,14.935,5.9997,no
2023-02,27101981,IT,NL,1763847.0,589.739,2.9909,no
2023-02,27101981,IT,PL,201676.0,39.273,5.1352,no
2023-02,27101981,IT,QV,796.0,0.132,6.0303,no
2023-02,27101981,IT,RO,1170.0,0.161,7.2671,no
2023-02,27101981,IT,SE,43822.0,16.69,2.6256,no
2023-02,27101981,IT,SI,714298.0,126.125,5.6634,no
2023-02,27101981,IT,TR,16689.0,5.517,3.025,no
2023-02,27101981,IT,UA,4832.0,1.672,2.89,no
2023-02,27101981,IT,US,22303.0,2.774,8.04,no
2023-02,27101983,IT,AT,27851.0,5.924,4.7014,no
2023-02,27101983,IT,BE,222305.0,66.149,3.3607,no
2023-02,27101983,IT,BG,57959.0,20.13,2.8792,no
2023-02,27101983,IT,CZ,36637.0,9.712,3.7723,no
2023-02,27101983,IT,DE,543669.0,178.219,3.0506,no
2023-02,27101983,IT,ES,146568.0,52.792,2.7763,no
2023-02,27101983,IT,FR,239659.0,88.753,2.7003,no
2023-02,27101983,IT,HR,3964.0,1.591,2.4915,no
2023-02,27101983,IT,HU,138643.0,90.876,1.5256,no
2023-02,27101983,IT,LT,11995.0,2.597,4.6188,no
2023-02,27101983,IT,NL,83228.0,33.589,2.4778,no
2023-02,27101983,IT,PL,22.0,0.002,11.0,no
2023-02,27101983,IT,SE,20815.0,6.289,3.3097,no
2023-02,27101983,IT,SI,16961.0,8.184,2.0725,no
2023-02,27101983,IT,TR,1518.0,0.739,2.0541,no
2023-02,27101983,IT,US,16677.0,0.484,34.4566,no
2023-02,27101985,IT,AT,2792.0,1.223,2.2829,no
2023-02,27101985,IT,BE,300133.0,172.612,1.7388,no
2023-02,27101985,IT,DE,795659.0,409.326,1.9438,no
2023-02,27101985,IT,ES,39.0,0.017,2.2941,no
2023-02,27101985,IT,FR,511687.0,294.996,1.7346,no
2023-02,27101985,IT,IN,1774268.0,1584.24,1.1199,no
2023-02,27101985,IT,NL,697402.0,359.616,1.9393,no
2023-02,27101985,IT,PL,15.0,0.001,15.0,no
2023-02,27101985,IT,PT,11031.0,4.25,2.5955,no
2023-02,27101987,IT,AL,1521.0,0.626,2.4297,no
2023-02,27101987,IT,AT,16895.0,2.464,6.8567,no
2023-02,27101987,IT,BE,309432.0,81.499,3.7968,no
2023-02,27101987,IT,CY,14256.0,1.98,7.2,no
2023-02,27101987,IT,CZ,8246.0,1.571,5.2489,no
2023-02,27101987,IT,DE,828786.0,203.751,4.0676,no
2023-02,27101987,IT,ES,277444.0,86.096,3.2225,no
2023-02,27101987,IT,FR,756819.0,181.177,4.1772,no
2023-02,27101987,IT,GR,2108.0,0.891,2.3659,no
2023-02,27101987,IT,HU,21313.0,8.367,2.5473,no
2023-02,27101987,IT,KR,1909.0,0.072,26.5139,no
2023-02,27101987,IT,NL,360684.0,79.732,4.5237,no
2023-02,27101987,IT,PL,6032.0,0.745,8.0966,no
2023-02,27101987,IT,RO,21.0,0.001,21.0,no
2023-02,27101987,IT,SE,57715.0,11.471,5.0314,no
2023-02,27101987,IT,SI,9876.0,3.269,3.0211,no
2023-02,27101987,IT,TR,1847.0,0.752,2.4561,no
2023-02,27101991,IT,AT,36574.0,6.636,5.5115,no
2023-02,27101991,IT,DE,454953.0,136.53,3.3323,no
2023-02,27101991,IT,ES,2980.0,0.656,4.5427,no
2023-02,27101991,IT,FR,145788.0,45.694,3.1905,no
2023-02,27101991,IT,GB,170900.0,81.243,2.1036,no
2023-02,27101991,IT,JP,3176.0,0.183,17.3552,no
2023-02,27101991,IT,MX,48090.0,9.88,4.8674,no
2023-02,27101991,IT,NL,1686.0,0.393,4.2901,no
2023-02,27101991,IT,RO,9.0,0.001,9.0,no
2023-02,27101991,IT,US,1330.0,0.1,13.3,no
2023-02,27101993,IT,BE,149013.0,70.17,2.1236,no
2023-02,27101993,IT,DE,126777.0,78.952,1.6057,no
2023-02,27101993,IT,FR,639425.0,408.403,1.5657,no
2023-02,27101993,IT,GB,672547.0,170.37,3.9476,no
2023-02,27101993,IT,US,1396.0,0.063,22.1587,no
2023-02,27101999,IT,AT,45404.0,92.901,0.4887,no
2023-02,27101999,IT,BE,6387025.0,4391.346,1.4545,no
2023-02,27101999,IT,BG,4148.0,1.165,3.5605,no
2023-02,27101999,IT,CA,1532.0,0.1,15.32,no
2023-02,27101999,IT,CH,119936.0,20.474,5.858,no
2023-02,27101999,IT,CZ,29355.0,30.693,0.9564,no
2023-02,27101999,IT,DE,6015680.0,4149.415,1.4498,no
2023-02,27101999,IT,EG,86697.0,105.06,0.8252,no
2023-02,27101999,IT,ES,8240190.0,5814.025,1.4173,no
2023-02,27101999,IT,FI,279.0,0.3,0.93,no
2023-02,27101999,IT,FR,1208729.0,1419.417,0.8516,no
2023-02,27101999,IT,GB,4887285.0,4485.562,1.0896,no
2023-02,27101999,IT,GR,5271529.0,4247.484,1.2411,no
2023-02,27101999,IT,HR,13390.0,21.51,0.6225,no
2023-02,27101999,IT,HU,1067639.0,1065.886,1.0016,no
2023-02,27101999,IT,IN,235434.0,199.52,1.18,no
2023-02,27101999,IT,JP,40941.0,2.24,18.2772,no
2023-02,27101999,IT,LU,21.0,0.011,1.9091,no
2023-02,27101999,IT,LV,942.0,0.47,2.0043,no
2023-02,27101999,IT,NL,12461877.0,11833.453,1.0531,no
2023-02,27101999,IT,PL,1223793.0,1391.272,0.8796,no
2023-02,27101999,IT,PT,40121.0,4.503,8.9098,no
2023-02,27101999,IT,RO,6229.0,1.91,3.2613,no
2023-02,27101999,IT,SE,6029.0,2.401,2.511,no
2023-02,27101999,IT,SI,237827.0,81.508,2.9178,no
2023-02,27101999,IT,TR,360722.0,234.434,1.5387,no
2023-02,27101999,IT,US,50878.0,4.887,10.4109,no
2023-03,27101971,IT,AT,2604.0,0.48,5.425,no
2023-03,27101971,IT,DE,60.0,0.025,2.4,no
2023-03,27101971,IT,FR,5550.0,1.2,4.625,no
2023-03,27101971,IT,PL,32.0,0.003,10.6667,no
2023-03,27101971,IT,TW,798061.0,725.658,1.0998,no
2023-03,27101981,IT,AL,9072.0,3.456,2.625,no
2023-03,27101981,IT,AT,759397.0,203.449,3.7326,no
2023-03,27101981,IT,BE,5967076.0,1871.607,3.1882,no
2023-03,27101981,IT,BG,190158.0,53.558,3.5505,no
2023-03,27101981,IT,CZ,79234.0,12.051,6.5749,no
2023-03,27101981,IT,DE,4302797.0,1086.758,3.9593,no
2023-03,27101981,IT,DK,23.0,0.01,2.3,no
2023-03,27101981,IT,ES,2631462.0,844.726,3.1152,no
2023-03,27101981,IT,FI,187853.0,72.23,2.6008,no
2023-03,27101981,IT,FR,4133716.0,1564.437,2.6423,no
2023-03,27101981,IT,GB,134480.0,40.118,3.3521,no
2023-03,27101981,IT,HR,76766.0,26.803,2.8641,no
2023-03,27101981,IT,HU,170412.0,93.171,1.829,no
2023-03,27101981,IT,IN,1313.0,0.424,3.0967,no
2023-03,27101981,IT,JP,8877.0,0.436,20.3601,no
2023-03,27101981,IT,LT,38827.0,6.515,5.9596,no
2023-03,27101981,IT,LV,424.0,0.072,5.8889,no
2023-03,27101981,IT,NL,2796333.0,931.866,3.0008,no
2023-03,27101981,IT,PL,47803.0,12.359,3.8679,no
2023-03,27101981,IT,RO,679.0,0.079,8.5949,no
2023-03,27101981,IT,SE,123562.0,32.172,3.8407,no
2023-03,27101981,IT,SI,536537.0,107.24,5.0031,no
2023-03,27101981,IT,TR,6905.0,2.045,3.3765,no
2023-03,27101981,IT,US,43753.0,5.785,7.5632,no
2023-03,27101983,IT,AT,67930.0,13.569,5.0063,no
2023-03,27101983,IT,BE,237744.0,81.542,2.9156,no
2023-03,27101983,IT,CZ,26967.0,6.501,4.1481,no
2023-03,27101983,IT,DE,671609.0,240.589,2.7915,no
2023-03,27101983,IT,DK,712.0,0.108,6.5926,no
2023-03,27101983,IT,ES,311753.0,133.292,2.3389,no
2023-03,27101983,IT,FR,142790.0,53.338,2.6771,no
2023-03,27101983,IT,GB,10330.0,0.734,14.0736,no
2023-03,27101983,IT,HR,16432.0,6.743,2.4369,no
2023-03,27101983,IT,HU,98901.0,73.026,1.3543,no
2023-03,27101983,IT,LT,8402.0,1.701,4.9394,no
2023-03,27101983,IT,NL,156249.0,63.12,2.4754,no
2023-03,27101983,IT,PL,165.0,0.028,5.8929,no
2023-03,27101983,IT,RO,1396.0,0.369,3.7832,no
2023-03,27101983,IT,SE,6277.0,2.176,2.8847,no
2023-03,27101983,IT,SI,7428.0,3.7,2.0076,no
2023-03,27101983,IT,SK,2460.0,0.78,3.1538,no
2023-03,27101983,IT,TR,3556.0,2.217,1.604,no
2023-03,27101985,IT,AT,91.0,0.002,45.5,no
2023-03,27101985,IT,BE,234213.0,143.285,1.6346,no
2023-03,27101985,IT,DE,622115.0,365.514,1.702,no
2023-03,27101985,IT,ES,79527.0,54.021,1.4721,no
2023-03,27101985,IT,FR,440647.0,270.35,1.6299,no
2023-03,27101985,IT,GB,1190.0,0.033,36.0606,no
2023-03,27101985,IT,HU,1984.0,0.85,2.3341,no
2023-03,27101985,IT,IN,632233.0,555.73,1.1377,no
2023-03,27101985,IT,JP,3279.0,0.768,4.2695,no
2023-03,27101985,IT,NL,456465.0,234.958,1.9428,no
2023-03,27101985,IT,PL,8.0,0.002,4.0,no
2023-03,27101985,IT,PT,15798.0,6.07,2.6026,no
2023-03,27101987,IT,AL,5112.0,2.8,1.8257,no
2023-03,27101987,IT,AT,22469.0,3.718,6.0433,no
2023-03,27101987,IT,BE,362276.0,96.095,3.77,no
2023-03,27101987,IT,CY,12474.0,1.98,6.3,no
2023-03,27101987,IT,CZ,8980.0,1.535,5.8502,no
2023-03,27101987,IT,DE,1071398.0,250.265,4.2811,no
2023-03,27101987,IT,DK,6353.0,0.371,17.124,no
2023-03,27101987,IT,ES,275616.0,74.332,3.7079,no
2023-03,27101987,IT,FR,798156.0,196.943,4.0527,no
2023-03,27101987,IT,GB,5243.0,0.453,11.574,no
2023-03,27101987,IT,GR,4005.0,1.782,2.2475,no
2023-03,27101987,IT,HR,3459.0,1.08,3.2028,no
2023-03,27101987,IT,HU,23615.0,10.501,2.2488,no
2023-03,27101987,IT,KR,7872.0,0.42,18.7429,no
2023-03,27101987,IT,NL,490317.0,89.17,5.4987,no
2023-03,27101987,IT,PL,10024.0,1.196,8.3813,no
2023-03,27101987,IT,SE,39757.0,7.665,5.1868,no
2023-03,27101987,IT,SI,8248.0,2.734,3.0168,no
2023-03,27101991,IT,AT,26313.0,4.645,5.6648,no
2023-03,27101991,IT,BE,1900.0,0.226,8.4071,no
2023-03,27101991,IT,DE,479530.0,134.112,3.5756,no
2023-03,27101991,IT,ES,58331.0,25.971,2.246,no
2023-03,27101991,IT,FR,152656.0,45.484,3.3563,no
2023-03,27101991,IT,GB,168490.0,82.27,2.048,no
2023-03,27101991,IT,MX,38946.0,8.63,4.5129,no
2023-03,27101991,IT,NL,4146.0,0.69,6.0087,no
2023-03,27101991,IT,SE,11259.0,2.085,5.4,no
2023-03,27101993,IT,BE,236016.0,122.395,1.9283,no
2023-03,27101993,IT,DE,87147.0,61.517,1.4166,no
2023-03,27101993,IT,FR,444463.0,298.36,1.4897,no
2023-03,27101993,IT,GB,898164.0,343.64,2.6137,no
2023-03,27101993,IT,SE,34417.0,18.9,1.821,no
2023-03,27101999,IT,AL,23074.0,11.416,2.0212,no
2023-03,27101999,IT,AT,59683.0,123.929,0.4816,no
2023-03,27101999,IT,BE,8647789.0,6489.765,1.3325,no
2023-03,27101999,IT,CA,26424.0,1.823,14.4948,no
2023-03,27101999,IT,CH,121099.0,26.415,4.5845,no
2023-03,27101999,IT,CZ,18155.0,23.7,0.766,no
2023-03,27101999,IT,DE,4005859.0,3171.96,1.2629,no
2023-03,27101999,IT,DK,202.0,0.21,0.9619,no
2023-03,27101999,IT,EG,84931.0,101.6,0.8359,no
2023-03,27101999,IT,ES,10361384.0,7892.882,1.3128,no
2023-03,27101999,IT,FR,1036987.0,1321.831,0.7845,no
2023-03,27101999,IT,GB,2250095.0,2496.821,0.9012,no
2023-03,27101999,IT,GR,569076.0,295.195,1.9278,no
2023-03,27101999,IT,HR,23218.0,7.27,3.1937,no
2023-03,27101999,IT,HU,1082147.0,1195.227,0.9054,no
2023-03,27101999,IT,IN,20047.0,19.5,1.0281,no
2023-03,27101999,IT,JP,33882.0,7.053,4.8039,no
2023-03,27101999,IT,LV,1064.0,0.48,2.2167,no
2023-03,27101999,IT,NL,11146614.0,4915.281,2.2677,no
2023-03,27101999,IT,PL,827889.0,957.084,0.865,no
2023-03,27101999,IT,PT,69499.0,7.579,9.1699,no
2023-03,27101999,IT,RO,6328.0,2.08,3.0423,no
2023-03,27101999,IT,SE,12799.0,8.12,1.5762,no
2023-03,27101999,IT,SI,308908.0,376.965,0.8195,no
2023-03,27101999,IT,TR,116214.0,38.754,2.9988,no
2023-03,27101999,IT,TW,1052.0,0.009,116.8889,no
2023-03,27101999,IT,US,565504.0,405.177,1.3957,no
2023-04,27101971,IT,DE,62.0,0.01,6.2,no
2023-04,27101971,IT,FR,975.0,0.2,4.875,no
2023-04,27101971,IT,TW,517978.0,505.683,1.0243,no
2023-04,27101981,IT,AL,69417.0,29.746,2.3337,no
2023-04,27101981,IT,AT,583570.0,175.85,3.3186,no
2023-04,27101981,IT,BE,4767429.0,1494.681,3.1896,no
2023-04,27101981,IT,BG,213248.0,65.982,3.2319,no
2023-04,27101981,IT,CH,1014.0,0.03,33.8,no
2023-04,27101981,IT,CZ,37905.0,7.806,4.8559,no
2023-04,27101981,IT,DE,1941746.0,593.923,3.2694,no
2023-04,27101981,IT,ES,1373170.0,431.578,3.1817,no
2023-04,27101981,IT,FI,45881.0,18.058,2.5408,no
2023-04,27101981,IT,FR,3527243.0,1260.623,2.798,no
2023-04,27101981,IT,GB,102403.0,29.685,3.4497,no
2023-04,27101981,IT,GR,298779.0,135.426,2.2062,no
2023-04,27101981,IT,HR,64899.0,20.998,3.0907,no
2023-04,27101981,IT,HU,151035.0,81.64,1.85,no
2023-04,27101981,IT,LT,131743.0,21.958,5.9998,no
2023-04,27101981,IT,LV,5433.0,0.906,5.9967,no
2023-04,27101981,IT,NL,1986097.0,714.036,2.7815,no
2023-04,27101981,IT,PL,183169.0,36.589,5.0061,no
2023-04,27101981,IT,RO,497.0,0.085,5.8471,no
2023-04,27101981,IT,SE,43803.0,24.131,1.8152,no
2023-04,27101981,IT,SI,587733.0,106.556,5.5157,no
2023-04,27101981,IT,SK,75472.0,12.579,5.9998,no
2023-04,27101981,IT,TR,15276.0,4.029,3.7915,no
2023-04,27101981,IT,UA,1196.0,0.516,2.3178,no
2023-04,27101981,IT,US,59833.0,10.666,5.6097,no
2023-04,27101983,IT,AT,26506.0,5.234,5.0642,no
2023-04,27101983,IT,BE,180769.0,55.149,3.2778,no
2023-04,27101983,IT,BG,93266.0,18.612,5.0111,no
2023-04,27101983,IT,CH,1312.0,0.004,328.0,no
2023-04,27101983,IT,CZ,43783.0,10.349,4.2307,no
2023-04,27101983,IT,DE,426584.0,158.665,2.6886,no
2023-04,27101983,IT,ES,70784.0,30.428,2.3263,no
2023-04,27101983,IT,FR,181439.0,77.709,2.3349,no
2023-04,27101983,IT,GB,14478.0,2.667,5.4286,no
2023-04,27101983,IT,GR,1461.0,0.736,1.9851,no
2023-04,27101983,IT,HR,9960.0,3.91,2.5473,no
2023-04,27101983,IT,HU,183003.0,146.796,1.2466,no
2023-04,27101983,IT,LT,7469.0,1.494,4.9993,no
2023-04,27101983,IT,NL,133215.0,63.273,2.1054,no
2023-04,27101983,IT,PL,29838.0,5.966,5.0013,no
2023-04,27101983,IT,RO,1504.0,0.372,4.043,no
2023-04,27101983,IT,SE,12250.0,4.768,2.5692,no
2023-04,27101983,IT,SI,10534.0,5.593,1.8834,no
2023-04,27101985,IT,AT,1296.0,0.745,1.7396,no
2023-04,27101985,IT,BE,236244.0,144.771,1.6318,no
2023-04,27101985,IT,CN,4527.0,0.725,6.2441,no
2023-04,27101985,IT,DE,559671.0,316.819,1.7665,no
2023-04,27101985,IT,ES,38500.0,26.767,1.4383,no
2023-04,27101985,IT,FR,401564.0,258.992,1.5505,no
2023-04,27101985,IT,IN,338187.0,298.57,1.1327,no
2023-04,27101985,IT,LU,3384.0,0.001,3384.0,no
2023-04,27101985,IT,NL,386590.0,182.624,2.1169,no
2023-04,27101985,IT,PL,20.0,0.002,10.0,no
2023-04,27101985,IT,PT,6788.0,2.55,2.662,no
2023-04,27101985,IT,TR,5995.0,4.25,1.4106,no
2023-04,27101985,IT,US,2800.0,0.181,15.4696,no
2023-04,27101987,IT,AL,21320.0,8.89,2.3982,no
2023-04,27101987,IT,AT,24655.0,3.032,8.1316,no
2023-04,27101987,IT,BE,497955.0,156.776,3.1762,no
2023-04,27101987,IT,CZ,6577.0,1.16,5.6698,no
2023-04,27101987,IT,DE,623155.0,144.703,4.3064,no
2023-04,27101987,IT,ES,118009.0,39.269,3.0051,no
2023-04,27101987,IT,FR,908870.0,212.468,4.2777,no
2023-04,27101987,IT,GB,24233.0,1.897,12.7744,no
2023-04,27101987,IT,GR,495.0,0.087,5.6897,no
2023-04,27101987,IT,HR,59.0,0.018,3.2778,no
2023-04,27101987,IT,HU,18291.0,6.022,3.0374,no
2023-04,27101987,IT,KR,4110.0,0.204,20.1471,no
2023-04,27101987,IT,NL,281844.0,60.453,4.6622,no
2023-04,27101987,IT,PL,1207.0,0.081,14.9012,no
2023-04,27101987,IT,SE,42670.0,8.05,5.3006,no
2023-04,27101987,IT,SI,6200.0,2.257,2.747,no
2023-04,27101987,IT,TR,5160.0,1.476,3.4959,no
2023-04,27101991,IT,AT,58088.0,10.751,5.403,no
2023-04,27101991,IT,BE,23772.0,4.254,5.5882,no
2023-04,27101991,IT,CZ,205.0,0.001,205.0,no
2023-04,27101991,IT,DE,467544.0,143.617,3.2555,no
2023-04,27101991,IT,ES,17637.0,6.475,2.7239,no
2023-04,27101991,IT,FR,217037.0,58.414,3.7155,no
2023-04,27101991,IT,GB,107520.0,52.5,2.048,no
2023-04,27101991,IT,JP,10913.0,0.35,31.18,no
2023-04,27101991,IT,MX,23382.0,4.788,4.8835,no
2023-04,27101991,IT,NL,1592.0,0.376,4.234,no
2023-04,27101991,IT,SE,2030.0,0.376,5.3989,no
2023-04,27101991,IT,US,6157.0,0.152,40.5066,no
2023-04,27101993,IT,BE,165044.0,92.836,1.7778,no
2023-04,27101993,IT,DE,115341.0,84.596,1.3634,no
2023-04,27101993,IT,ES,5992.0,2.646,2.2646,no
2023-04,27101993,IT,FR,455398.0,342.28,1.3305,no
2023-04,27101993,IT,GB,654348.0,165.84,3.9457,no
2023-04,27101999,IT,AL,104400.0,70.54,1.48,no
2023-04,27101999,IT,AT,53765.0,58.564,0.9181,no
2023-04,27101999,IT,BE,7548950.0,6893.595,1.0951,no
2023-04,27101999,IT,BG,4978.0,1.427,3.4884,no
2023-04,27101999,IT,BR,13880.0,1.836,7.5599,no
2023-04,27101999,IT,CH,190373.0,41.468,4.5908,no
2023-04,27101999,IT,CZ,20443.0,28.21,0.7247,no
2023-04,27101999,IT,DE,3146096.0,2384.752,1.3193,no
2023-04,27101999,IT,DK,20.0,0.01,2.0,no
2023-04,27101999,IT,EG,254573.0,301.42,0.8446,no
2023-04,27101999,IT,ES,2777060.0,1889.196,1.47,no
2023-04,27101999,IT,FR,1195069.0,1369.086,0.8729,no
2023-04,27101999,IT,GB,1669103.0,1884.502,0.8857,no
2023-04,27101999,IT,GR,593995.0,251.929,2.3578,no
2023-04,27101999,IT,HR,31361.0,26.408,1.1876,no
2023-04,27101999,IT,HU,1022608.0,1075.206,0.9511,no
2023-04,27101999,IT,JP,11852.0,0.361,32.831,no
2023-04,27101999,IT,KR,72322.0,50.0,1.4464,no
2023-04,27101999,IT,MY,7279752.0,3655.6,1.9914,no
2023-04,27101999,IT,NL,8407875.0,3018.954,2.785,no
2023-04,27101999,IT,PL,549796.0,552.831,0.9945,no
2023-04,27101999,IT,PT,58918.0,6.504,9.0587,no
2023-04,27101999,IT,RO,254.0,0.41,0.6195,no
2023-04,27101999,IT,SE,45823.0,23.21,1.9743,no
2023-04,27101999,IT,SI,108164.0,106.851,1.0123,no
2023-04,27101999,IT,TR,93781.0,33.924,2.7644,no
2023-04,27101999,IT,UA,1118.0,0.32,3.4937,no
2023-04,27101999,IT,US,46373.0,1.787,25.9502,no
2023-05,27101971,IT,FR,7400.0,1.449,5.107,no
2023-05,27101971,IT,TW,1160774.0,1106.5,1.0491,no
2023-05,27101971,IT,US,234210.0,241.038,0.9717,no
2023-05,27101981,IT,AL,118529.0,49.464,2.3963,no
2023-05,27101981,IT,AT,707973.0,102.166,6.9296,no
2023-05,27101981,IT,BE,5633982.0,1790.702,3.1462,no
2023-05,27101981,IT,BG,172926.0,80.123,2.1583,no
2023-05,27101981,IT,CH,1549.0,0.1,15.49,no
2023-05,27101981,IT,CZ,127830.0,26.329,4.8551,no
2023-05,27101981,IT,DE,3544873.0,1003.541,3.5324,no
2023-05,27101981,IT,ES,3245032.0,1018.764,3.1853,no
2023-05,27101981,IT,FI,94781.0,36.115,2.6244,no
2023-05,27101981,IT,FR,4387045.0,1928.128,2.2753,no
2023-05,27101981,IT,GB,106135.0,31.392,3.381,no
2023-05,27101981,IT,GR,211.0,0.051,4.1373,no
2023-05,27101981,IT,HR,196184.0,72.007,2.7245,no
2023-05,27101981,IT,HU,170816.0,90.33,1.891,no
2023-05,27101981,IT,LT,21634.0,3.559,6.0787,no
2023-05,27101981,IT,LV,342.0,0.058,5.8966,no
2023-05,27101981,IT,NL,2249556.0,757.112,2.9712,no
2023-05,27101981,IT,PL,210724.0,41.304,5.1018,no
2023-05,27101981,IT,RO,391.0,0.054,7.2407,no
2023-05,27101981,IT,SE,83967.0,42.393,1.9807,no
2023-05,27101981,IT,SI,395358.0,79.065,5.0004,no
2023-05,27101981,IT,SK,90617.0,14.906,6.0792,no
2023-05,27101981,IT,TR,65624.0,20.487,3.2032,no
2023-05,27101981,IT,US,53518.0,9.294,5.7583,no
2023-05,27101983,IT,AL,8999.0,5.589,1.6101,no
2023-05,27101983,IT,AT,23129.0,4.223,5.4769,no
2023-05,27101983,IT,BE,185648.0,45.789,4.0544,no
2023-05,27101983,IT,BG,63468.0,26.033,2.438,no
2023-05,27101983,IT,CZ,24114.0,5.75,4.1937,no
2023-05,27101983,IT,DE,572071.0,265.934,2.1512,no
2023-05,27101983,IT,DK,110.0,0.018,6.1111,no
2023-05,27101983,IT,ES,300836.0,128.789,2.3359,no
2023-05,27101983,IT,FR,131262.0,56.483,2.3239,no
2023-05,27101983,IT,GB,18345.0,3.349,5.4778,no
2023-05,27101983,IT,HR,10695.0,4.589,2.3306,no
2023-05,27101983,IT,HU,208008.0,182.442,1.1401,no
2023-05,27101983,IT,KR,2071.0,0.185,11.1946,no
2023-05,27101983,IT,LT,8181.0,1.633,5.0098,no
2023-05,27101983,IT,NL,103016.0,48.818,2.1102,no
2023-05,27101983,IT,PL,30386.0,6.065,5.0101,no
2023-05,27101983,IT,RO,3915.0,0.747,5.241,no
2023-05,27101983,IT,SE,42241.0,15.181,2.7825,no
2023-05,27101983,IT,SI,6383.0,3.348,1.9065,no
2023-05,27101983,IT,US,2115.0,0.199,10.6281,no
2023-05,27101985,IT,AT,2989.0,0.127,23.5354,no
2023-05,27101985,IT,BE,168306.0,102.657,1.6395,no
2023-05,27101985,IT,CN,4385.0,0.725,6.0483,no
2023-05,27101985,IT,DE,1483734.0,979.933,1.5141,no
2023-05,27101985,IT,ES,98089.0,70.11,1.3991,no
2023-05,27101985,IT,FR,511269.0,319.516,1.6001,no
2023-05,27101985,IT,HU,1929.0,0.842,2.291,no
2023-05,27101985,IT,IN,1092634.0,1002.44,1.09,no
2023-05,27101985,IT,NL,303800.0,159.477,1.905,no
2023-05,27101985,IT,PL,4.0,0.001,4.0,no
2023-05,27101985,IT,RO,51812.0,4.506,11.4984,no
2023-05,27101987,IT,AL,9534.0,3.189,2.9897,no
2023-05,27101987,IT,AT,60035.0,7.258,8.2716,no
2023-05,27101987,IT,BE,419663.0,126.296,3.3229,no
2023-05,27101987,IT,CZ,8783.0,1.577,5.5694,no
2023-05,27101987,IT,DE,1031213.0,192.126,5.3674,no
2023-05,27101987,IT,ES,84760.0,26.22,3.2326,no
2023-05,27101987,IT,FR,732548.0,181.732,4.0309,no
2023-05,27101987,IT,GB,5023.0,1.106,4.5416,no
2023-05,27101987,IT,GR,1896.0,0.891,2.1279,no
2023-05,27101987,IT,HR,2360.0,0.771,3.061,no
2023-05,27101987,IT,HU,23966.0,11.105,2.1581,no
2023-05,27101987,IT,KR,1794.0,0.084,21.3571,no
2023-05,27101987,IT,LT,9120.0,1.131,8.0637,no
2023-05,27101987,IT,NL,295687.0,67.558,4.3768,no
2023-05,27101987,IT,PL,9232.0,0.973,9.4882,no
2023-05,27101987,IT,SE,60702.0,10.907,5.5654,no
2023-05,27101987,IT,SI,10743.0,3.863,2.781,no
2023-05,27101987,IT,TR,6367.0,2.833,2.2474,no
2023-05,27101987,IT,US,1712.0,0.179,9.5642,no
2023-05,27101991,IT,AT,39307.0,7.145,5.5013,no
2023-05,27101991,IT,BE,366434.0,148.49,2.4677,no
2023-05,27101991,IT,CH,1516.0,0.178,8.5169,no
2023-05,27101991,IT,DE,551104.0,167.156,3.2969,no
2023-05,27101991,IT,ES,14119.0,4.024,3.5087,no
2023-05,27101991,IT,FR,275820.0,80.947,3.4074,no
2023-05,27101991,IT,GB,222250.0,108.52,2.048,no
2023-05,27101991,IT,HR,6390.0,2.198,2.9072,no
2023-05,27101991,IT,JP,4000.0,0.616,6.4935,no
2023-05,27101991,IT,MX,61391.0,13.358,4.5958,no
2023-05,27101991,IT,NL,1609.0,0.377,4.2679,no
2023-05,27101991,IT,SE,5710.0,1.383,4.1287,no
2023-05,27101993,IT,BE,178145.0,51.455,3.4622,no
2023-05,27101993,IT,CH,2678.0,0.341,7.8534,no
2023-05,27101993,IT,DE,233135.0,180.517,1.2915,no
2023-05,27101993,IT,FR,421696.0,319.379,1.3204,no
2023-05,27101993,IT,GB,695902.0,280.64,2.4797,no
2023-05,27101993,IT,NO,14000.0,1.61,8.6957,no
2023-05,27101999,IT,AE,99354.0,59.28,1.676,no
2023-05,27101999,IT,AL,154213.0,102.64,1.5025,no
2023-05,27101999,IT,AT,132563.0,133.647,0.9919,no
2023-05,27101999,IT,BE,9720236.0,7518.266,1.2929,no
2023-05,27101999,IT,BG,131.0,0.06,2.1833,no
2023-05,27101999,IT,CA,21074.0,1.515,13.9102,no
2023-05,27101999,IT,CH,135186.0,27.234,4.9639,no
2023-05,27101999,IT,CZ,112695.0,32.149,3.5054,no
2023-05,27101999,IT,DE,4069556.0,2925.048,1.3913,no
2023-05,27101999,IT,DK,960.0,0.64,1.5,no
2023-05,27101999,IT,EG,21542.0,20.48,1.0519,no
2023-05,27101999,IT,ES,9877195.0,6968.307,1.4174,no
2023-05,27101999,IT,FI,46.0,0.01,4.6,no
2023-05,27101999,IT,FR,1188090.0,1417.391,0.8382,no
2023-05,27101999,IT,GB,1157702.0,1261.746,0.9175,no
2023-05,27101999,IT,GR,5679667.0,4131.833,1.3746,no
2023-05,27101999,IT,HR,12857.0,3.653,3.5196,no
2023-05,27101999,IT,HU,959276.0,1037.998,0.9242,no
2023-05,27101999,IT,IN,43613.0,39.94,1.092,no
2023-05,27101999,IT,JP,28507.0,5.232,5.4486,no
2023-05,27101999,IT,KR,337031.0,225.17,1.4968,no
2023-05,27101999,IT,LU,213.0,0.14,1.5214,no
2023-05,27101999,IT,LV,939.0,0.47,1.9979,no
2023-05,27101999,IT,NL,12632095.0,11775.504,1.0727,no
2023-05,27101999,IT,PL,651247.0,657.116,0.9911,no
2023-05,27101999,IT,PT,118724.0,12.591,9.4293,no
2023-05,27101999,IT,RO,3667.0,1.24,2.9573,no
2023-05,27101999,IT,SE,38564.0,23.828,1.6184,no
2023-05,27101999,IT,SI,177421.0,40.858,4.3424,no
2023-05,27101999,IT,TR,103790.0,34.704,2.9907,no
2023-05,27101999,IT,US,168549.0,26.523,6.3548,no
2023-06,27101971,IT,DE,6097.0,0.731,8.3406,no
2023-06,27101971,IT,FR,767.0,0.2,3.835,no
2023-06,27101971,IT,GB,20268.0,0.004,5067.0,no
2023-06,27101971,IT,PL,2269.0,0.6,3.7817,no
2023-06,27101971,IT,TW,230589.0,223.39,1.0322,no
2023-06,27101971,IT,US,1233109.0,1267.141,0.9731,no
2023-06,27101981,IT,AL,70389.0,24.14,2.9159,no
2023-06,27101981,IT,AO,3656.0,0.027,135.4074,no
2023-06,27101981,IT,AT,623119.0,104.9,5.9401,no
2023-06,27101981,IT,BE,6338332.0,1972.664,3.2131,no
2023-06,27101981,IT,BG,46835.0,7.678,6.0999,no
2023-06,27101981,IT,CZ,28280.0,7.906,3.577,no
2023-06,27101981,IT,DE,3203001.0,908.399,3.526,no
2023-06,27101981,IT,ES,2991352.0,974.952,3.0682,no
2023-06,27101981,IT,FR,4511870.0,2011.034,2.2436,no
2023-06,27101981,IT,GB,83973.0,24.639,3.4081,no
2023-06,27101981,IT,GR,76483.0,35.634,2.1463,no
2023-06,27101981,IT,HR,78444.0,29.967,2.6177,no
2023-06,27101981,IT,HU,141930.0,54.006,2.628,no
2023-06,27101981,IT,IN,16739.0,2.771,6.0408,no
2023-06,27101981,IT,LT,64248.0,10.534,6.0991,no
2023-06,27101981,IT,MT,189.0,0.07,2.7,no
2023-06,27101981,IT,NL,1886766.0,637.612,2.9591,no
2023-06,27101981,IT,PL,171429.0,34.826,4.9224,no
2023-06,27101981,IT,PT,40956.0,12.445,3.291,no
2023-06,27101981,IT,SE,144221.0,45.495,3.17,no
2023-06,27101981,IT,SI,528526.0,106.885,4.9448,no
2023-06,27101981,IT,TR,137476.0,51.404,2.6744,no
2023-06,27101981,IT,US,67393.0,12.607,5.3457,no
2023-06,27101983,IT,AL,3529.0,2.088,1.6901,no
2023-06,27101983,IT,AT,23318.0,4.712,4.9486,no
2023-06,27101983,IT,BE,138973.0,38.767,3.5848,no
2023-06,27101983,IT,BG,54644.0,10.929,4.9999,no
2023-06,27101983,IT,CZ,36472.0,7.696,4.7391,no
2023-06,27101983,IT,DE,396187.0,159.127,2.4898,no
2023-06,27101983,IT,ES,146444.0,65.996,2.219,no
2023-06,27101983,IT,FR,215338.0,86.658,2.4849,no
2023-06,27101983,IT,GB,2629.0,0.546,4.815,no
2023-06,27101983,IT,GR,6097.0,2.931,2.0802,no
2023-06,27101983,IT,HR,5989.0,2.483,2.412,no
2023-06,27101983,IT,HU,152663.0,106.542,1.4329,no
2023-06,27101983,IT,NL,143562.0,62.976,2.2796,no
2023-06,27101983,IT,PL,5.0,0.001,5.0,no
2023-06,27101983,IT,RO,2523.0,0.035,72.0857,no
2023-06,27101983,IT,SE,15342.0,4.285,3.5804,no
2023-06,27101983,IT,SI,10254.0,5.719,1.793,no
2023-06,27101983,IT,TR,5056.0,2.956,1.7104,no
2023-06,27101983,IT,US,6775.0,0.211,32.109,no
2023-06,27101985,IT,AT,5249.0,1.047,5.0134,no
2023-06,27101985,IT,BE,268165.0,152.673,1.7565,no
2023-06,27101985,IT,DE,1138575.0,774.07,1.4709,no
2023-06,27101985,IT,ES,5863.0,2.537,2.311,no
2023-06,27101985,IT,FR,149623.0,83.873,1.7839,no
2023-06,27101985,IT,GB,4270.0,0.222,19.2342,no
2023-06,27101985,IT,HU,1893.0,0.818,2.3142,no
2023-06,27101985,IT,IN,735785.0,675.66,1.089,no
2023-06,27101985,IT,NL,239183.0,124.216,1.9255,no
2023-06,27101985,IT,PL,119.0,0.017,7.0,no
2023-06,27101985,IT,RO,50458.0,4.365,11.5597,no
2023-06,27101987,IT,AL,6094.0,2.831,2.1526,no
2023-06,27101987,IT,AT,20919.0,2.664,7.8525,no
2023-06,27101987,IT,BE,321558.0,99.64,3.2272,no
2023-06,27101987,IT,CZ,10809.0,1.611,6.7095,no
2023-06,27101987,IT,DE,600897.0,133.939,4.4863,no
2023-06,27101987,IT,ES,171585.0,58.306,2.9428,no
2023-06,27101987,IT,FR,713817.0,186.592,3.8255,no
2023-06,27101987,IT,GB,23342.0,1.422,16.4149,no
2023-06,27101987,IT,GR,12093.0,5.812,2.0807,no
2023-06,27101987,IT,HR,1847.0,0.613,3.0131,no
2023-06,27101987,IT,HU,24682.0,5.146,4.7963,no
2023-06,27101987,IT,KR,5124.0,0.249,20.5783,no
2023-06,27101987,IT,NL,252322.0,50.443,5.0021,no
2023-06,27101987,IT,PL,35.0,0.005,7.0,no
2023-06,27101987,IT,PT,2237.0,0.352,6.3551,no
2023-06,27101987,IT,SE,40369.0,7.138,5.6555,no
2023-06,27101987,IT,SI,13965.0,3.485,4.0072,no
2023-06,27101987,IT,TR,41052.0,12.263,3.3476,no
2023-06,27101991,IT,AT,24038.0,4.013,5.99,no
2023-06,27101991,IT,BE,1470.0,0.544,2.7022,no
2023-06,27101991,IT,CZ,90.0,0.015,6.0,no
2023-06,27101991,IT,DE,493921.0,163.978,3.0121,no
2023-06,27101991,IT,FR,158637.0,48.691,3.258,no
2023-06,27101991,IT,GB,225723.0,108.52,2.08,no
2023-06,27101991,IT,MX,38959.0,7.488,5.2029,no
2023-06,27101991,IT,NL,1666.0,0.39,4.2718,no
2023-06,27101991,IT,PT,2071.0,0.905,2.2884,no
2023-06,27101991,IT,SE,3380.0,0.626,5.3994,no
2023-06,27101991,IT,US,3158.0,0.175,18.0457,no
2023-06,27101993,IT,BE,66839.0,25.438,2.6275,no
2023-06,27101993,IT,CH,1004.0,0.004,251.0,no
2023-06,27101993,IT,DE,86578.0,58.327,1.4844,no
2023-06,27101993,IT,ES,1175892.0,941.221,1.2493,no
2023-06,27101993,IT,FR,517030.0,326.898,1.5816,no
2023-06,27101993,IT,GB,520540.0,172.727,3.0137,no
2023-06,27101993,IT,HU,1098.0,0.51,2.1529,no
2023-06,27101999,IT,AL,34075.0,23.5,1.45,no
2023-06,27101999,IT,AT,18491.0,8.001,2.3111,no
2023-06,27101999,IT,BE,10259699.0,7962.727,1.2885,no
2023-06,27101999,IT,BG,53846.0,6.67,8.0729,no
2023-06,27101999,IT,CA,14689.0,1.29,11.3868,no
2023-06,27101999,IT,CH,102902.0,19.25,5.3456,no
2023-06,27101999,IT,CZ,139916.0,137.78,1.0155,no
2023-06,27101999,IT,DE,4307751.0,3015.63,1.4285,no
2023-06,27101999,IT,DK,915.0,1.02,0.8971,no
2023-06,27101999,IT,EG,178710.0,202.96,0.8805,no
2023-06,27101999,IT,ES,9453478.0,6734.714,1.4037,no
2023-06,27101999,IT,FI,46.0,0.01,4.6,no
2023-06,27101999,IT,FR,1359000.0,1576.856,0.8618,no
2023-06,27101999,IT,GB,47899.0,7.633,6.2753,no
2023-06,27101999,IT,GR,601232.0,360.271,1.6688,no
2023-06,27101999,IT,HR,4649.0,1.072,4.3368,no
2023-06,27101999,IT,HU,1062969.0,1101.653,0.9649,no
2023-06,27101999,IT,JP,32454.0,4.06,7.9936,no
2023-06,27101999,IT,KW,1428.0,0.001,1428.0,no
2023-06,27101999,IT,LU,366.0,0.1,3.66,no
2023-06,27101999,IT,LV,2244.0,1.12,2.0036,no
2023-06,27101999,IT,NL,3642584.0,1821.365,1.9999,no
2023-06,27101999,IT,PL,715729.0,700.555,1.0217,no
2023-06,27101999,IT,PT,182293.0,162.904,1.119,no
2023-06,27101999,IT,RO,705.0,0.43,1.6395,no
2023-06,27101999,IT,SE,96548.0,54.56,1.7696,no
2023-06,27101999,IT,SI,62555.0,7.337,8.526,no
2023-06,27101999,IT,TR,75909.0,24.966,3.0405,no
2023-06,27101999,IT,US,428462.0,387.214,1.1065,no
2023-07,27101971,IT,DE,70.0,0.01,7.0,no
2023-07,27101971,IT,FR,1655.0,0.16,10.3438,no
2023-07,27101971,IT,GB,16205.0,0.006,2700.8333,no
2023-07,27101971,IT,TW,336039.0,301.04,1.1163,no
2023-07,27101971,IT,US,470647.0,503.456,0.9348,no
2023-07,27101981,IT,AL,58248.0,23.756,2.4519,no
2023-07,27101981,IT,AT,1053492.0,193.63,5.4407,no
2023-07,27101981,IT,BE,4385729.0,1269.811,3.4538,no
2023-07,27101981,IT,BG,259755.0,42.941,6.0491,no
2023-07,27101981,IT,CZ,97986.0,15.804,6.2001,no
2023-07,27101981,IT,DE,2883426.0,750.307,3.843,no
2023-07,27101981,IT,ES,2547630.0,787.716,3.2342,no
2023-07,27101981,IT,FI,33192.0,13.304,2.4949,no
2023-07,27101981,IT,FR,3565346.0,1374.489,2.5939,no
2023-07,27101981,IT,GB,23005.0,6.694,3.4367,no
2023-07,27101981,IT,GR,150820.0,59.152,2.5497,no
2023-07,27101981,IT,HR,78594.0,26.681,2.9457,no
2023-07,27101981,IT,HU,235077.0,72.072,3.2617,no
2023-07,27101981,IT,LT,56460.0,9.287,6.0795,no
2023-07,27101981,IT,NL,2809347.0,963.21,2.9167,no
2023-07,27101981,IT,PL,57508.0,12.086,4.7582,no
2023-07,27101981,IT,SE,193751.0,60.387,3.2085,no
2023-07,27101981,IT,SI,722392.0,120.257,6.0071,no
2023-07,27101981,IT,TR,6666.0,2.624,2.5404,no
2023-07,27101981,IT,US,13297.0,2.05,6.4863,no
2023-07,27101983,IT,AT,94707.0,59.032,1.6043,no
2023-07,27101983,IT,BE,128036.0,33.529,3.8187,no
2023-07,27101983,IT,BG,29927.0,12.746,2.348,no
2023-07,27101983,IT,CZ,41020.0,9.247,4.436,no
2023-07,27101983,IT,DE,509903.0,220.089,2.3168,no
2023-07,27101983,IT,DK,1485.0,0.219,6.7808,no
2023-07,27101983,IT,ES,297437.0,141.505,2.102,no
2023-07,27101983,IT,FI,2928.0,1.414,2.0707,no
2023-07,27101983,IT,FR,123787.0,51.139,2.4206,no
2023-07,27101983,IT,GB,7365.0,0.533,13.818,no
2023-07,27101983,IT,GR,3568.0,1.472,2.4239,no
2023-07,27101983,IT,HR,7121.0,2.952,2.4123,no
2023-07,27101983,IT,HU,167773.0,97.779,1.7158,no
2023-07,27101983,IT,NL,122049.0,62.7,1.9466,no
2023-07,27101983,IT,PL,31682.0,6.328,5.0066,no
2023-07,27101983,IT,RO,1541.0,0.023,67.0,no
2023-07,27101983,IT,SE,24264.0,9.573,2.5346,no
2023-07,27101983,IT,SI,10291.0,5.515,1.866,no
2023-07,27101983,IT,TR,1231.0,0.739,1.6658,no
2023-07,27101985,IT,AT,844.0,0.216,3.9074,no
2023-07,27101985,IT,BE,304287.0,201.237,1.5121,no
2023-07,27101985,IT,CN,4424.0,0.725,6.1021,no
2023-07,27101985,IT,DE,346162.0,176.3,1.9635,no
2023-07,27101985,IT,ES,54623.0,38.28,1.4269,no
2023-07,27101985,IT,FR,296496.0,179.673,1.6502,no
2023-07,27101985,IT,HU,2282.0,0.979,2.3309,no
2023-07,27101985,IT,IN,391979.0,353.73,1.1081,no
2023-07,27101985,IT,NL,340604.0,145.947,2.3338,no
2023-07,27101985,IT,PL,10.0,0.002,5.0,no
2023-07,27101987,IT,AL,3040.0,1.267,2.3994,no
2023-07,27101987,IT,AT,103241.0,35.395,2.9168,no
2023-07,27101987,IT,BE,248899.0,72.198,3.4475,no
2023-07,27101987,IT,CA,9809.0,0.318,30.8459,no
2023-07,27101987,IT,CZ,17114.0,2.576,6.6436,no
2023-07,27101987,IT,DE,499719.0,105.798,4.7233,no
2023-07,27101987,IT,DK,9455.0,0.661,14.3041,no
2023-07,27101987,IT,ES,46384.0,17.087,2.7146,no
2023-07,27101987,IT,FR,902818.0,232.417,3.8845,no
2023-07,27101987,IT,GB,12275.0,1.04,11.8029,no
2023-07,27101987,IT,GR,4127.0,1.48,2.7885,no
2023-07,27101987,IT,HR,1259.0,0.384,3.2786,no
2023-07,27101987,IT,HU,24101.0,3.023,7.9725,no
2023-07,27101987,IT,KR,18916.0,0.87,21.7425,no
2023-07,27101987,IT,NL,359885.0,87.773,4.1002,no
2023-07,27101987,IT,PL,1396.0,0.18,7.7556,no
2023-07,27101987,IT,SE,44971.0,7.276,6.1807,no
2023-07,27101987,IT,SI,30276.0,5.017,6.0347,no
2023-07,27101991,IT,AT,70195.0,23.257,3.0182,no
2023-07,27101991,IT,BE,89057.0,23.127,3.8508,no
2023-07,27101991,IT,CZ,2065.0,0.499,4.1383,no
2023-07,27101991,IT,DE,412671.0,136.805,3.0165,no
2023-07,27101991,IT,ES,12024.0,4.972,2.4183,no
2023-07,27101991,IT,FI,3255.0,1.506,2.1614,no
2023-07,27101991,IT,FR,211306.0,67.945,3.11,no
2023-07,27101991,IT,GB,339755.0,161.02,2.11,no
2023-07,27101991,IT,HR,794.0,0.275,2.8873,no
2023-07,27101991,IT,MX,43926.0,9.26,4.7436,no
2023-07,27101991,IT,NL,4404.0,0.702,6.2735,no
2023-07,27101991,IT,SE,1949.0,0.361,5.3989,no
2023-07,27101993,IT,BE,190391.0,111.3,1.7106,no
2023-07,27101993,IT,CH,1440.0,0.073,19.726,no
2023-07,27101993,IT,DE,95599.0,64.664,1.4784,no
2023-07,27101993,IT,FR,398387.0,296.64,1.343,no
2023-07,27101993,IT,GB,544357.0,144.2,3.775,no
2023-07,27101999,IT,AE,23554.0,28.0,0.8412,no
2023-07,27101999,IT,AL,145611.0,121.3,1.2004,no
2023-07,27101999,IT,AT,297675.0,337.827,0.8811,no
2023-07,27101999,IT,BE,10591238.0,8004.949,1.3231,no
2023-07,27101999,IT,BG,4894.0,2.785,1.7573,no
2023-07,27101999,IT,CA,109180.0,3.829,28.514,no
2023-07,27101999,IT,CH,180326.0,40.022,4.5057,no
2023-07,27101999,IT,CN,2645.0,0.057,46.4035,no
2023-07,27101999,IT,CZ,56805.0,63.066,0.9007,no
2023-07,27101999,IT,DE,4709037.0,3285.167,1.4334,no
2023-07,27101999,IT,DK,1910.0,1.215,1.572,no
2023-07,27101999,IT,EG,159521.0,182.24,0.8753,no
2023-07,27101999,IT,ES,25463051.0,16368.701,1.5556,no
2023-07,27101999,IT,FI,13374.0,4.32,3.0958,no
2023-07,27101999,IT,FR,1328570.0,2293.819,0.5792,no
2023-07,27101999,IT,GB,10651.0,1.336,7.9723,no
2023-07,27101999,IT,GR,6309724.0,4289.215,1.4711,no
2023-07,27101999,IT,HR,12304.0,2.55,4.8251,no
2023-07,27101999,IT,HU,902213.0,976.898,0.9235,no
2023-07,27101999,IT,IN,3070.0,0.792,3.8763,no
2023-07,27101999,IT,JP,17182.0,0.63,27.273,no
2023-07,27101999,IT,LU,978.0,0.14,6.9857,no
2023-07,27101999,IT,NL,10038297.0,7823.765,1.2831,no
2023-07,27101999,IT,PL,1727860.0,1830.68,0.9438,no
2023-07,27101999,IT,PT,107726.0,105.04,1.0256,no
2023-07,27101999,IT,SE,114698.0,87.141,1.3162,no
2023-07,27101999,IT,SI,505366.0,304.425,1.6601,no
2023-07,27101999,IT,SK,732.0,0.21,3.4857,no
2023-07,27101999,IT,TR,42242.0,14.705,2.8726,no
2023-07,27101999,IT,US,964501.0,819.433,1.177,no
2023-08,27101971,IT,DE,4638.0,0.869,5.3372,no
2023-08,27101971,IT,FR,6808.0,1.38,4.9333,no
2023-08,27101971,IT,US,456031.0,504.736,0.9035,no
2023-08,27101981,IT,AT,495269.0,69.878,7.0876,no
2023-08,27101981,IT,BA,10684.0,3.2,3.3388,no
2023-08,27101981,IT,BE,4523757.0,1356.591,3.3347,no
2023-08,27101981,IT,CZ,94609.0,15.473,6.1145,no
2023-08,27101981,IT,DE,3306265.0,905.631,3.6508,no
2023-08,27101981,IT,ES,2101711.0,689.253,3.0493,no
2023-08,27101981,IT,FR,2368944.0,931.574,2.5429,no
2023-08,27101981,IT,GB,2220.0,0.051,43.5294,no
2023-08,27101981,IT,GR,170023.0,73.425,2.3156,no
2023-08,27101981,IT,HU,159502.0,81.922,1.947,no
2023-08,27101981,IT,IN,39280.0,4.995,7.8639,no
2023-08,27101981,IT,JP,4380.0,0.04,109.5,no
2023-08,27101981,IT,LT,71044.0,11.705,6.0695,no
2023-08,27101981,IT,NL,2105648.0,811.577,2.5945,no
2023-08,27101981,IT,PL,106601.0,50.628,2.1056,no
2023-08,27101981,IT,SE,55059.0,21.789,2.5269,no
2023-08,27101981,IT,SI,375114.0,70.388,5.3292,no
2023-08,27101981,IT,SK,143589.0,18.94,7.5813,no
2023-08,27101981,IT,TR,46374.0,17.623,2.6314,no
2023-08,27101981,IT,US,7796.0,0.416,18.7404,no
2023-08,27101983,IT,AT,27528.0,5.417,5.0818,no
2023-08,27101983,IT,BE,154697.0,39.985,3.8689,no
2023-08,27101983,IT,CH,3008.0,1.2,2.5067,no
2023-08,27101983,IT,CZ,8208.0,1.978,4.1496,no
2023-08,27101983,IT,DE,402198.0,171.901,2.3397,no
2023-08,27101983,IT,ES,128016.0,47.823,2.6769,no
2023-08,27101983,IT,FR,84567.0,37.272,2.2689,no
2023-08,27101983,IT,GB,6076.0,0.368,16.5109,no
2023-08,27101983,IT,HU,159552.0,97.787,1.6316,no
2023-08,27101983,IT,LT,9356.0,1.872,4.9979,no
2023-08,27101983,IT,NL,49561.0,22.952,2.1593,no
2023-08,27101983,IT,RO,479.0,0.007,68.4286,no
2023-08,27101983,IT,SE,23817.0,9.093,2.6193,no
2023-08,27101983,IT,SI,10503.0,6.117,1.717,no
2023-08,27101983,IT,SK,3132.0,0.78,4.0154,no
2023-08,27101983,IT,US,13979.0,0.75,18.6387,no
2023-08,27101985,IT,AT,29.0,0.001,29.0,no
2023-08,27101985,IT,BE,65308.0,31.97,2.0428,no
2023-08,27101985,IT,DE,369368.0,207.091,1.7836,no
2023-08,27101985,IT,ES,8672.0,5.064,1.7125,no
2023-08,27101985,IT,FR,289684.0,201.589,1.437,no
2023-08,27101985,IT,HU,2129.0,0.979,2.1747,no
2023-08,27101985,IT,IN,387070.0,379.18,1.0208,no
2023-08,27101985,IT,NL,154968.0,90.503,1.7123,no
2023-08,27101985,IT,PL,6.0,0.002,3.0,no
2023-08,27101985,IT,TR,60445.0,34.54,1.75,no
2023-08,27101987,IT,AT,13715.0,2.026,6.7695,no
2023-08,27101987,IT,BE,209883.0,67.875,3.0922,no
2023-08,27101987,IT,CZ,8597.0,1.057,8.1334,no
2023-08,27101987,IT,DE,627770.0,113.352,5.5382,no
2023-08,27101987,IT,DK,398.0,0.039,10.2051,no
2023-08,27101987,IT,ES,66019.0,21.119,3.126,no
2023-08,27101987,IT,FI,240.0,0.014,17.1429,no
2023-08,27101987,IT,FR,384403.0,93.869,4.0951,no
2023-08,27101987,IT,GR,1896.0,0.891,2.1279,no
2023-08,27101987,IT,HU,27245.0,12.61,2.1606,no
2023-08,27101987,IT,LT,5290.0,0.666,7.9429,no
2023-08,27101987,IT,NL,340606.0,90.259,3.7737,no
2023-08,27101987,IT,PL,1529.0,0.002,764.5,no
2023-08,27101987,IT,SE,35630.0,9.5,3.7505,no
2023-08,27101987,IT,SI,16311.0,3.417,4.7735,no
2023-08,27101987,IT,TR,17243.0,9.639,1.7889,no
2023-08,27101987,IT,US,1791.0,0.379,4.7256,no
2023-08,27101991,IT,AT,12.0,0.004,3.0,no
2023-08,27101991,IT,BE,3905.0,1.29,3.0271,no
2023-08,27101991,IT,CZ,19.0,0.003,6.3333,no
2023-08,27101991,IT,DE,291771.0,84.403,3.4569,no
2023-08,27101991,IT,ES,4441.0,1.962,2.2635,no
2023-08,27101991,IT,FR,75309.0,22.123,3.4041,no
2023-08,27101991,IT,GB,221552.0,105.0,2.11,no
2023-08,27101991,IT,MX,34513.0,6.428,5.3692,no
2023-08,27101991,IT,NL,10358.0,1.339,7.7356,no
2023-08,27101991,IT,SE,1792.0,0.332,5.3976,no
2023-08,27101991,IT,US,1241.0,0.03,41.3667,no
2023-08,27101993,IT,BE,156504.0,67.81,2.308,no
2023-08,27101993,IT,CH,1625.0,0.03,54.1667,no
2023-08,27101993,IT,DE,103532.0,77.295,1.3394,no
2023-08,27101993,IT,FR,73883.0,53.6,1.3784,no
2023-08,27101993,IT,GB,11506.0,2.88,3.9951,no
2023-08,27101993,IT,TR,5799.0,3.15,1.841,no
2023-08,27101993,IT,US,3636.0,0.18,20.2,no
2023-08,27101999,IT,AL,23843.0,25.5,0.935,no
2023-08,27101999,IT,AT,16908.0,51.755,0.3267,no
2023-08,27101999,IT,BE,5266309.0,3878.777,1.3577,no
2023-08,27101999,IT,BG,263.0,0.05,5.26,no
2023-08,27101999,IT,BY,2814.0,0.607,4.6359,no
2023-08,27101999,IT,CA,3380.0,0.238,14.2017,no
2023-08,27101999,IT,CH,47801.0,11.959,3.9971,no
2023-08,27101999,IT,CZ,7765.0,10.348,0.7504,no
2023-08,27101999,IT,DE,2389109.0,1833.613,1.303,no
2023-08,27101999,IT,DK,503.0,0.31,1.6226,no
2023-08,27101999,IT,EG,155800.0,181.18,0.8599,no
2023-08,27101999,IT,ES,13593387.0,10133.756,1.3414,no
2023-08,27101999,IT,FR,1509370.0,2115.326,0.7135,no
2023-08,27101999,IT,GB,50617.0,8.304,6.0955,no
2023-08,27101999,IT,GR,6803079.0,14129.297,0.4815,no
2023-08,27101999,IT,HR,6138.0,1.708,3.5937,no
2023-08,27101999,IT,HU,713141.0,743.458,0.9592,no
2023-08,27101999,IT,IN,102734.0,100.72,1.02,no
2023-08,27101999,IT,JP,9137.0,0.81,11.2802,no
2023-08,27101999,IT,LU,339.0,0.3,1.13,no
2023-08,27101999,IT,LV,1218.0,0.61,1.9967,no
2023-08,27101999,IT,NL,9384503.0,7097.451,1.3222,no
2023-08,27101999,IT,PL,1526395.0,1640.9,0.9302,no
2023-08,27101999,IT,PT,72273.0,7.474,9.6699,no
2023-08,27101999,IT,RO,4443.0,1.25,3.5544,no
2023-08,27101999,IT,SE,10081.0,4.45,2.2654,no
2023-08,27101999,IT,SI,465592.0,229.462,2.0291,no
2023-08,27101999,IT,TR,87876.0,33.264,2.6418,no
2023-08,27101999,IT,US,582460.0,517.363,1.1258,no
2023-09,27101971,IT,DE,4476.0,0.68,6.5824,no
2023-09,27101971,IT,ES,3853.0,0.19,20.2789,no
2023-09,27101971,IT,FR,6376.0,0.66,9.6606,no
2023-09,27101971,IT,TW,426795.0,423.4,1.008,no
2023-09,27101971,IT,US,185180.0,201.157,0.9206,no
2023-09,27101981,IT,AL,35062.0,16.275,2.1543,no
2023-09,27101981,IT,AT,588529.0,80.434,7.3169,no
2023-09,27101981,IT,BE,6591414.0,2121.891,3.1064,no
2023-09,27101981,IT,BG,144647.0,53.576,2.6998,no
2023-09,27101981,IT,CH,5830.0,0.205,28.439,no
2023-09,27101981,IT,CY,1402.0,0.1,14.02,no
2023-09,27101981,IT,CZ,22521.0,5.471,4.1164,no
2023-09,27101981,IT,DE,2919093.0,781.222,3.7366,no
2023-09,27101981,IT,ES,2498254.0,811.704,3.0778,no
2023-09,27101981,IT,FR,4085329.0,1575.992,2.5922,no
2023-09,27101981,IT,GB,184914.0,74.439,2.4841,no
2023-09,27101981,IT,GR,44444.0,24.816,1.7909,no
2023-09,27101981,IT,HR,54171.0,16.904,3.2046,no
2023-09,27101981,IT,HU,212616.0,98.828,2.1514,no
2023-09,27101981,IT,LT,38837.0,16.254,2.3894,no
2023-09,27101981,IT,NL,1655503.0,623.122,2.6568,no
2023-09,27101981,IT,PL,97268.0,23.677,4.1081,no
2023-09,27101981,IT,QV,3241.0,0.743,4.362,no
2023-09,27101981,IT,SE,214016.0,71.835,2.9793,no
2023-09,27101981,IT,SI,457181.0,91.708,4.9852,no
2023-09,27101981,IT,SK,41230.0,6.872,5.9997,no
2023-09,27101981,IT,TR,99423.0,37.972,2.6183,no
2023-09,27101981,IT,UA,4763.0,1.845,2.5816,no
2023-09,27101981,IT,US,159379.0,38.1,4.1832,no
2023-09,27101983,IT,AT,29582.0,6.005,4.9262,no
2023-09,27101983,IT,BE,159352.0,44.423,3.5872,no
2023-09,27101983,IT,CZ,25350.0,6.383,3.9715,no
2023-09,27101983,IT,DE,675354.0,267.711,2.5227,no
2023-09,27101983,IT,DK,751.0,0.094,7.9894,no
2023-09,27101983,IT,ES,150655.0,62.322,2.4174,no
2023-09,27101983,IT,FR,106160.0,45.607,2.3277,no
2023-09,27101983,IT,GB,76107.0,39.604,1.9217,no
2023-09,27101983,IT,HR,15872.0,7.385,2.1492,no
2023-09,27101983,IT,HU,136024.0,91.283,1.4901,no
2023-09,27101983,IT,LT,5283.0,3.914,1.3498,no
2023-09,27101983,IT,NL,98953.0,38.057,2.6001,no
2023-09,27101983,IT,NO,15150.0,0.863,17.555,no
2023-09,27101983,IT,PL,42867.0,21.509,1.993,no
2023-09,27101983,IT,RO,3399.0,0.051,66.6471,no
2023-09,27101983,IT,SE,30924.0,12.814,2.4133,no
2023-09,27101983,IT,SI,10649.0,5.719,1.862,no
2023-09,27101983,IT,TR,1233.0,0.739,1.6685,no
2023-09,27101985,IT,AT,2641.0,0.256,10.3164,no
2023-09,27101985,IT,BE,206691.0,121.835,1.6965,no
2023-09,27101985,IT,DE,771348.0,554.831,1.3902,no
2023-09,27101985,IT,ES,60725.0,11.451,5.303,no
2023-09,27101985,IT,FR,389466.0,256.661,1.5174,no
2023-09,27101985,IT,GB,3528.0,0.222,15.8919,no
2023-09,27101985,IT,HU,20252.0,9.28,2.1823,no
2023-09,27101985,IT,IN,134907.0,139.91,0.9642,no
2023-09,27101985,IT,NL,364676.0,211.471,1.7245,no
2023-09,27101985,IT,PT,288.0,0.04,7.2,no
2023-09,27101985,IT,US,8658.0,4.44,1.95,no
2023-09,27101987,IT,AL,2191.0,1.169,1.8743,no
2023-09,27101987,IT,AT,28009.0,3.616,7.7459,no
2023-09,27101987,IT,BE,210502.0,67.663,3.111,no
2023-09,27101987,IT,CZ,17605.0,2.805,6.2763,no
2023-09,27101987,IT,DE,468015.0,85.683,5.4622,no
2023-09,27101987,IT,DK,2108.0,0.11,19.1636,no
2023-09,27101987,IT,ES,121565.0,49.001,2.4809,no
2023-09,27101987,IT,FR,561014.0,131.578,4.2637,no
2023-09,27101987,IT,GB,115963.0,28.748,4.0338,no
2023-09,27101987,IT,HR,10636.0,3.679,2.891,no
2023-09,27101987,IT,HU,53942.0,25.611,2.1062,no
2023-09,27101987,IT,KR,2846.0,0.141,20.1844,no
2023-09,27101987,IT,LT,1728.0,0.223,7.7489,no
2023-09,27101987,IT,NL,333124.0,54.951,6.0622,no
2023-09,27101987,IT,PL,36481.0,8.33,4.3795,no
2023-09,27101987,IT,SE,54774.0,13.484,4.0621,no
2023-09,27101987,IT,SI,8126.0,2.743,2.9624,no
2023-09,27101987,IT,TR,5063.0,1.957,2.5871,no
2023-09,27101987,IT,US,7377.0,0.756,9.7579,no
2023-09,27101991,IT,AT,38641.0,6.077,6.3586,no
2023-09,27101991,IT,BE,3729.0,1.09,3.4211,no
2023-09,27101991,IT,CN,1070.0,0.03,35.6667,no
2023-09,27101991,IT,CZ,4.0,0.001,4.0,no
2023-09,27101991,IT,DE,351925.0,118.213,2.977,no
2023-09,27101991,IT,ES,5857.0,2.568,2.2808,no
2023-09,27101991,IT,FR,224720.0,63.16,3.5579,no
2023-09,27101991,IT,GB,222761.0,105.388,2.1137,no
2023-09,27101991,IT,HR,3645.0,1.276,2.8566,no
2023-09,27101991,IT,MX,31340.0,6.73,4.6568,no
2023-09,27101991,IT,NL,10152.0,1.391,7.2983,no
2023-09,27101991,IT,NO,3705.0,0.15,24.7,no
2023-09,27101991,IT,PL,355.0,0.072,4.9306,no
2023-09,27101991,IT,SE,9482.0,1.756,5.3998,no
2023-09,27101991,IT,US,1837.0,0.1,18.37,no
2023-09,27101993,IT,BE,185323.0,88.391,2.0966,no
2023-09,27101993,IT,DE,97575.0,51.895,1.8802,no
2023-09,27101993,IT,ES,7549.0,4.23,1.7846,no
2023-09,27101993,IT,FR,259836.0,187.88,1.383,no
2023-09,27101993,IT,GB,365330.0,96.44,3.7882,no
2023-09,27101999,IT,AL,122942.0,94.045,1.3073,no
2023-09,27101999,IT,AT,56489.0,22.926,2.464,no
2023-09,27101999,IT,BE,9449797.0,7423.156,1.273,no
2023-09,27101999,IT,BG,19698.0,10.764,1.83,no
2023-09,27101999,IT,CA,3295.0,0.231,14.2641,no
2023-09,27101999,IT,CH,111120.0,19.886,5.5879,no
2023-09,27101999,IT,CZ,14020.0,19.27,0.7276,no
2023-09,27101999,IT,DE,4091161.0,2740.187,1.493,no
2023-09,27101999,IT,DK,8652.0,1.804,4.796,no
2023-09,27101999,IT,EG,88048.0,102.3,0.8607,no
2023-09,27101999,IT,ES,4043592.0,2991.346,1.3518,no
2023-09,27101999,IT,FR,1619467.0,771.304,2.0996,no
2023-09,27101999,IT,GB,2929414.0,3141.116,0.9326,no
2023-09,27101999,IT,GR,7999070.0,4268.346,1.874,no
2023-09,27101999,IT,HR,11277.0,3.077,3.6649,no
2023-09,27101999,IT,HU,750323.0,757.622,0.9904,no
2023-09,27101999,IT,IN,102561.0,100.55,1.02,no
2023-09,27101999,IT,JP,7228.0,0.334,21.6407,no
2023-09,27101999,IT,LV,1887.0,0.94,2.0074,no
2023-09,27101999,IT,MX,2713.0,0.074,36.6622,no
2023-09,27101999,IT,MY,3476796.0,2283.202,1.5228,no
2023-09,27101999,IT,NL,10120616.0,9021.425,1.1218,no
2023-09,27101999,IT,PL,1361931.0,1494.292,0.9114,no
2023-09,27101999,IT,PT,117138.0,12.027,9.7396,no
2023-09,27101999,IT,QV,8437.0,4.86,1.736,no
2023-09,27101999,IT,RO,793.0,0.26,3.05,no
2023-09,27101999,IT,SE,42560.0,31.64,1.3451,no
2023-09,27101999,IT,SI,381855.0,373.43,1.0226,no
2023-09,27101999,IT,TR,43577.0,16.567,2.6303,no
2023-09,27101999,IT,US,1227102.0,1086.043,1.1299,no
2023-10,27101971,IT,DE,4513.0,0.837,5.3919,no
2023-10,27101971,IT,FR,1814.0,0.06,30.2333,no
2023-10,27101971,IT,TW,479714.0,484.36,0.9904,no
2023-10,27101981,IT,AL,25717.0,12.042,2.1356,no
2023-10,27101981,IT,AT,648004.0,84.525,7.6664,no
2023-10,27101981,IT,BE,6417722.0,2063.824,3.1096,no
2023-10,27101981,IT,BG,382777.0,53.421,7.1653,no
2023-10,27101981,IT,CH,1936.0,0.091,21.2747,no
2023-10,27101981,IT,CZ,24827.0,5.114,4.8547,no
2023-10,27101981,IT,DE,3735071.0,984.57,3.7936,no
2023-10,27101981,IT,ES,2905308.0,955.092,3.0419,no
2023-10,27101981,IT,FR,3576492.0,1372.347,2.6061,no
2023-10,27101981,IT,GB,109291.0,39.573,2.7618,no
2023-10,27101981,IT,GR,166868.0,81.971,2.0357,no
2023-10,27101981,IT,HR,89789.0,31.915,2.8134,no
2023-10,27101981,IT,HU,106461.0,56.124,1.8969,no
2023-10,27101981,IT,IN,14617.0,2.465,5.9298,no
2023-10,27101981,IT,LT,64390.0,10.732,5.9998,no
2023-10,27101981,IT,LV,62083.0,10.348,5.9995,no
2023-10,27101981,IT,NL,1751027.0,640.662,2.7332,no
2023-10,27101981,IT,PL,126881.0,28.738,4.4151,no
2023-10,27101981,IT,PT,25740.0,4.29,6.0,no
2023-10,27101981,IT,SE,297561.0,109.134,2.7266,no
2023-10,27101981,IT,SI,749094.0,114.126,6.5637,no
2023-10,27101981,IT,TR,30787.0,11.41,2.6982,no
2023-10,27101981,IT,US,11479.0,0.656,17.4985,no
2023-10,27101983,IT,AT,17073.0,3.51,4.8641,no
2023-10,27101983,IT,BE,410745.0,182.335,2.2527,no
2023-10,27101983,IT,CZ,40002.0,8.432,4.7441,no
2023-10,27101983,IT,DE,383691.0,166.973,2.2979,no
2023-10,27101983,IT,DK,234.0,0.036,6.5,no
2023-10,27101983,IT,ES,260797.0,138.731,1.8799,no
2023-10,27101983,IT,FR,288575.0,190.469,1.5151,no
2023-10,27101983,IT,GB,67956.0,31.811,2.1362,no
2023-10,27101983,IT,GR,3357.0,1.456,2.3056,no
2023-10,27101983,IT,HR,14336.0,6.398,2.2407,no
2023-10,27101983,IT,HU,102233.0,74.082,1.38,no
2023-10,27101983,IT,NL,107927.0,51.151,2.11,no
2023-10,27101983,IT,PL,38114.0,7.855,4.8522,no
2023-10,27101983,IT,RO,4741.0,0.056,84.6607,no
2023-10,27101983,IT,SE,21196.0,8.051,2.6327,no
2023-10,27101983,IT,SI,8345.0,4.615,1.8082,no
2023-10,27101985,IT,AT,9389.0,1.103,8.5122,no
2023-10,27101985,IT,BE,171074.0,91.609,1.8674,no
2023-10,27101985,IT,DE,1135959.0,874.997,1.2982,no
2023-10,27101985,IT,DK,119.0,0.018,6.6111,no
2023-10,27101985,IT,ES,9282.0,5.212,1.7809,no
2023-10,27101985,IT,FR,337036.0,183.223,1.8395,no
2023-10,27101985,IT,GB,1481.0,0.014,105.7857,no
2023-10,27101985,IT,IN,593379.0,558.28,1.0629,no
2023-10,27101985,IT,NL,380819.0,189.444,2.0102,no
2023-10,27101987,IT,AL,20472.0,8.95,2.2874,no
2023-10,27101987,IT,AT,9440.0,1.218,7.7504,no
2023-10,27101987,IT,BE,253681.0,81.051,3.1299,no
2023-10,27101987,IT,CZ,8799.0,1.316,6.6862,no
2023-10,27101987,IT,DE,453611.0,79.18,5.7289,no
2023-10,27101987,IT,DK,2135.0,0.16,13.3438,no
2023-10,27101987,IT,ES,236292.0,78.315,3.0172,no
2023-10,27101987,IT,FR,620489.0,164.141,3.7802,no
2023-10,27101987,IT,GB,23547.0,5.75,4.0951,no
2023-10,27101987,IT,GR,6560.0,3.263,2.0104,no
2023-10,27101987,IT,HR,283.0,0.089,3.1798,no
2023-10,27101987,IT,HU,1731.0,0.739,2.3424,no
2023-10,27101987,IT,KR,3364.0,0.156,21.5641,no
2023-10,27101987,IT,NL,278203.0,95.583,2.9106,no
2023-10,27101987,IT,PL,6535.0,0.822,7.9501,no
2023-10,27101987,IT,SE,45387.0,7.206,6.2985,no
2023-10,27101987,IT,SI,15223.0,4.936,3.0841,no
2023-10,27101987,IT,TR,4591.0,2.089,2.1977,no
2023-10,27101987,IT,US,2084.0,0.184,11.3261,no
2023-10,27101991,IT,AT,6698.0,1.515,4.4211,no
2023-10,27101991,IT,BE,3830.0,1.232,3.1088,no
2023-10,27101991,IT,DE,343827.0,98.38,3.4949,no
2023-10,27101991,IT,FR,167899.0,55.461,3.0273,no
2023-10,27101991,IT,GB,228979.0,108.52,2.11,no
2023-10,27101991,IT,MX,19245.0,3.858,4.9883,no
2023-10,27101991,IT,NL,13433.0,1.284,10.4618,no
2023-10,27101991,IT,SE,1468.0,0.272,5.3971,no
2023-10,27101991,IT,US,1325.0,0.005,265.0,no
2023-10,27101993,IT,AT,1530.0,0.11,13.9091,no
2023-10,27101993,IT,BE,99268.0,85.96,1.1548,no
2023-10,27101993,IT,CA,6015.0,0.876,6.8664,no
2023-10,27101993,IT,DE,73812.0,55.903,1.3204,no
2023-10,27101993,IT,FR,290489.0,208.52,1.3931,no
2023-10,27101993,IT,GB,761135.0,258.96,2.9392,no
2023-10,27101999,IT,AL,121215.0,94.0,1.2895,no
2023-10,27101999,IT,AT,70915.0,27.697,2.5604,no
2023-10,27101999,IT,BE,11305769.0,8598.475,1.3149,no
2023-10,27101999,IT,CH,173513.0,36.772,4.7186,no
2023-10,27101999,IT,CN,2401.0,0.12,20.0083,no
2023-10,27101999,IT,CZ,17604.0,20.85,0.8443,no
2023-10,27101999,IT,DE,4931428.0,3129.384,1.5758,no
2023-10,27101999,IT,DK,157.0,0.11,1.4273,no
2023-10,27101999,IT,EG,596160.0,676.3,0.8815,no
2023-10,27101999,IT,ES,5320290.0,2999.926,1.7735,no
2023-10,27101999,IT,FI,95.0,0.1,0.95,no
2023-10,27101999,IT,FR,4015208.0,4340.252,0.9251,no
2023-10,27101999,IT,GB,3708583.0,3966.874,0.9349,no
2023-10,27101999,IT,GR,7680986.0,14458.195,0.5313,no
2023-10,27101999,IT,HR,5760.0,1.322,4.357,no
2023-10,27101999,IT,HU,982863.0,926.614,1.0607,no
2023-10,27101999,IT,IN,102061.0,100.0,1.0206,no
2023-10,27101999,IT,JP,46066.0,7.815,5.8946,no
2023-10,27101999,IT,LU,1559.0,0.97,1.6072,no
2023-10,27101999,IT,LV,374.0,0.19,1.9684,no
2023-10,27101999,IT,MR,1243.0,0.032,38.8438,no
2023-10,27101999,IT,NL,15102740.0,15963.717,0.9461,no
2023-10,27101999,IT,PL,2158455.0,2289.585,0.9427,no
2023-10,27101999,IT,PT,120320.0,12.191,9.8696,no
2023-10,27101999,IT,RO,1244.0,1.56,0.7974,no
2023-10,27101999,IT,SE,86732.0,55.761,1.5554,no
2023-10,27101999,IT,SI,111670.0,73.5,1.5193,no
2023-10,27101999,IT,SK,6.0,0.001,6.0,no
2023-10,27101999,IT,TH,6835.0,0.58,11.7845,no
2023-10,27101999,IT,TR,8171.0,1.91,4.278,no
2023-10,27101999,IT,US,873555.0,708.729,1.2326,no
2023-10,27101999,IT,UZ,15060.0,17.6,0.8557,no
2023-11,27101971,IT,DE,123.0,0.002,61.5,no
2023-11,27101971,IT,IN,66103.0,59.52,1.1106,no
2023-11,27101971,IT,PL,78.0,0.004,19.5,no
2023-11,27101971,IT,TW,149545.0,140.42,1.065,no
2023-11,27101971,IT,US,723202.0,696.369,1.0385,no
2023-11,27101981,IT,AL,51820.0,21.006,2.4669,no
2023-11,27101981,IT,AT,783566.0,108.692,7.209,no
2023-11,27101981,IT,BE,5781383.0,1695.586,3.4097,no
2023-11,27101981,IT,BG,92764.0,15.697,5.9097,no
2023-11,27101981,IT,CZ,200619.0,32.266,6.2177,no
2023-11,27101981,IT,DE,3365886.0,881.073,3.8202,no
2023-11,27101981,IT,ES,1920203.0,609.324,3.1514,no
2023-11,27101981,IT,FR,3743992.0,1524.426,2.456,no
2023-11,27101981,IT,GB,61256.0,21.84,2.8048,no
2023-11,27101981,IT,GR,170327.0,85.878,1.9834,no
2023-11,27101981,IT,HR,59819.0,20.869,2.8664,no
2023-11,27101981,IT,HU,193772.0,82.346,2.3531,no
2023-11,27101981,IT,IN,2550.0,0.859,2.9686,no
2023-11,27101981,IT,NL,1663353.0,587.223,2.8326,no
2023-11,27101981,IT,PL,8141.0,1.125,7.2364,no
2023-11,27101981,IT,SE,399696.0,182.042,2.1956,no
2023-11,27101981,IT,SI,545758.0,94.53,5.7734,no
2023-11,27101981,IT,US,24076.0,4.478,5.3765,no
2023-11,27101983,IT,AT,53861.0,10.865,4.9573,no
2023-11,27101983,IT,BE,197362.0,41.179,4.7928,no
2023-11,27101983,IT,CZ,43646.0,9.123,4.7842,no
2023-11,27101983,IT,DE,543360.0,203.672,2.6678,no
2023-11,27101983,IT,DK,3127.0,0.221,14.1493,no
2023-11,27101983,IT,ES,377830.0,199.315,1.8956,no
2023-11,27101983,IT,FR,126367.0,50.839,2.4856,no
2023-11,27101983,IT,GB,41050.0,12.941,3.1721,no
2023-11,27101983,IT,GR,4068.0,2.196,1.8525,no
2023-11,27101983,IT,HR,5686.0,2.494,2.2799,no
2023-11,27101983,IT,HU,191856.0,129.474,1.4818,no
2023-11,27101983,IT,NL,106773.0,57.227,1.8658,no
2023-11,27101983,IT,PL,122.0,0.023,5.3043,no
2023-11,27101983,IT,RO,1995.0,0.025,79.8,no
2023-11,27101983,IT,SE,46411.0,18.596,2.4958,no
2023-11,27101983,IT,SI,6883.0,3.8,1.8113,no
2023-11,27101985,IT,AT,6769.0,0.701,9.6562,no
2023-11,27101985,IT,BE,124850.0,73.346,1.7022,no
2023-11,27101985,IT,DE,565809.0,274.08,2.0644,no
2023-11,27101985,IT,ES,256415.0,213.399,1.2016,no
2023-11,27101985,IT,FR,306971.0,198.511,1.5464,no
2023-11,27101985,IT,GB,1113.0,0.539,2.0649,no
2023-11,27101985,IT,HU,1591.0,0.765,2.0797,no
2023-11,27101985,IT,IN,1579999.0,1413.4,1.1179,no
2023-11,27101985,IT,NL,422533.0,205.011,2.061,no
2023-11,27101985,IT,PL,4.0,0.001,4.0,no
2023-11,27101985,IT,PT,74.0,0.02,3.7,no
2023-11,27101985,IT,TR,1428.0,0.85,1.68,no
2023-11,27101985,IT,US,1974.0,0.18,10.9667,no
2023-11,27101987,IT,AL,1606.0,0.634,2.5331,no
2023-11,27101987,IT,AT,20170.0,2.397,8.4147,no
2023-11,27101987,IT,BE,251430.0,69.922,3.5959,no
2023-11,27101987,IT,CA,3540.0,0.115,30.7826,no
2023-11,27101987,IT,CZ,17662.0,2.622,6.7361,no
2023-11,27101987,IT,DE,606334.0,108.361,5.5955,no
2023-11,27101987,IT,DK,724.0,0.054,13.4074,no
2023-11,27101987,IT,ES,189064.0,63.895,2.959,no
2023-11,27101987,IT,FR,548204.0,135.77,4.0377,no
2023-11,27101987,IT,GB,44629.0,6.362,7.0149,no
2023-11,27101987,IT,GR,403.0,0.18,2.2389,no
2023-11,27101987,IT,HR,1520.0,0.449,3.3853,no
2023-11,27101987,IT,HU,39163.0,12.061,3.2471,no
2023-11,27101987,IT,KR,1943.0,0.084,23.131,no
2023-11,27101987,IT,NL,282735.0,82.994,3.4067,no
2023-11,27101987,IT,PL,4893.0,1.113,4.3962,no
2023-11,27101987,IT,SE,30940.0,5.908,5.237,no
2023-11,27101987,IT,SI,13535.0,3.995,3.388,no
2023-11,27101987,IT,US,3874.0,0.444,8.7252,no
2023-11,27101991,IT,AT,7090.0,1.118,6.3417,no
2023-11,27101991,IT,BE,43572.0,12.533,3.4766,no
2023-11,27101991,IT,DE,332011.0,111.197,2.9858,no
2023-11,27101991,IT,ES,19983.0,6.954,2.8736,no
2023-11,27101991,IT,FR,143931.0,42.732,3.3682,no
2023-11,27101991,IT,GB,276940.0,131.25,2.11,no
2023-11,27101991,IT,HU,451188.0,132.05,3.4168,no
2023-11,27101991,IT,MX,51573.0,10.26,5.0266,no
2023-11,27101991,IT,NL,1645.0,0.381,4.3176,no
2023-11,27101991,IT,RO,600.0,0.047,12.766,no
2023-11,27101991,IT,SE,3780.0,0.7,5.4,no
2023-11,27101993,IT,BE,101736.0,67.24,1.513,no
2023-11,27101993,IT,DE,120665.0,95.299,1.2662,no
2023-11,27101993,IT,ES,1579314.0,1199.264,1.3169,no
2023-11,27101993,IT,FR,311084.0,238.86,1.3024,no
2023-11,27101993,IT,GB,621931.0,242.48,2.5649,no
2023-11,27101993,IT,NL,29.0,0.003,9.6667,no
2023-11,27101993,IT,SE,26937.0,12.101,2.226,no
2023-11,27101999,IT,AL,125281.0,85.944,1.4577,no
2023-11,27101999,IT,AR,1031.0,0.028,36.8214,no
2023-11,27101999,IT,AT,70133.0,110.632,0.6339,no
2023-11,27101999,IT,AZ,19163.0,20.96,0.9143,no
2023-11,27101999,IT,BE,7951386.0,6268.997,1.2684,no
2023-11,27101999,IT,BG,20587.0,10.709,1.9224,no
2023-11,27101999,IT,CH,118710.0,23.542,5.0425,no
2023-11,27101999,IT,CN,8454.0,0.233,36.2833,no
2023-11,27101999,IT,CZ,13895.0,16.446,0.8449,no
2023-11,27101999,IT,DE,3830320.0,2153.721,1.7785,no
2023-11,27101999,IT,DK,6011.0,3.49,1.7223,no
2023-11,27101999,IT,EG,306645.0,347.65,0.8821,no
2023-11,27101999,IT,ES,4194355.0,3318.836,1.2638,no
2023-11,27101999,IT,FR,2022816.0,1759.519,1.1496,no
2023-11,27101999,IT,GB,48816.0,9.904,4.9289,no
2023-11,27101999,IT,GR,6058408.0,4238.118,1.4295,no
2023-11,27101999,IT,HR,5997.0,7.228,0.8297,no
2023-11,27101999,IT,HU,684509.0,651.93,1.05,no
2023-11,27101999,IT,IN,24332.0,19.93,1.2209,no
2023-11,27101999,IT,JP,61017.0,5.592,10.9115,no
2023-11,27101999,IT,LV,3189.0,1.59,2.0057,no
2023-11,27101999,IT,NL,8396249.0,7683.209,1.0928,no
2023-11,27101999,IT,PL,1699514.0,1754.04,0.9689,no
2023-11,27101999,IT,PT,49259.0,46.26,1.0648,no
2023-11,27101999,IT,RO,481.0,0.27,1.7815,no
2023-11,27101999,IT,SE,101806.0,33.964,2.9975,no
2023-11,27101999,IT,SI,335796.0,213.254,1.5746,no
2023-11,27101999,IT,US,1450817.0,1332.397,1.0889,no
2023-11,27101999,IT,UZ,125460.0,140.8,0.8911,no
2023-12,27101971,IT,DE,6398.0,0.498,12.8474,no
2023-12,27101971,IT,FR,1087.0,0.126,8.627,no
2023-12,27101971,IT,PL,546.0,0.021,26.0,no
2023-12,27101971,IT,TW,435541.0,401.43,1.085,no
2023-12,27101981,IT,AL,58051.0,23.454,2.4751,no
2023-12,27101981,IT,AT,447874.0,73.592,6.0859,no
2023-12,27101981,IT,BE,5727913.0,1814.735,3.1563,no
2023-12,27101981,IT,CZ,60416.0,9.23,6.5456,no
2023-12,27101981,IT,DE,2559485.0,747.367,3.4247,no
2023-12,27101981,IT,ES,1619102.0,617.887,2.6204,no
2023-12,27101981,IT,FR,2885907.0,1202.08,2.4008,no
2023-12,27101981,IT,GB,22817.0,6.607,3.4535,no
2023-12,27101981,IT,GR,75441.0,35.023,2.154,no
2023-12,27101981,IT,HR,3635.0,0.832,4.369,no
2023-12,27101981,IT,HU,75091.0,33.593,2.2353,no
2023-12,27101981,IT,IN,1711.0,0.63,2.7159,no
2023-12,27101981,IT,NL,1526158.0,609.13,2.5055,no
2023-12,27101981,IT,PL,43863.0,9.383,4.6747,no
2023-12,27101981,IT,SE,285448.0,127.75,2.2344,no
2023-12,27101981,IT,SI,289344.0,47.523,6.0885,no
2023-12,27101981,IT,TR,41556.0,15.525,2.6767,no
2023-12,27101981,IT,UA,3563.0,1.556,2.2898,no
2023-12,27101981,IT,US,9883.0,0.96,10.2948,no
2023-12,27101983,IT,AT,8265.0,5.518,1.4978,no
2023-12,27101983,IT,BE,136496.0,48.007,2.8433,no
2023-12,27101983,IT,CZ,24359.0,5.178,4.7043,no
2023-12,27101983,IT,DE,353190.0,158.428,2.2293,no
2023-12,27101983,IT,ES,854785.0,434.08,1.9692,no
2023-12,27101983,IT,FR,112401.0,52.567,2.1382,no
2023-12,27101983,IT,GB,1332.0,0.08,16.65,no
2023-12,27101983,IT,GR,10102.0,4.292,2.3537,no
2023-12,27101983,IT,HU,163712.0,119.03,1.3754,no
2023-12,27101983,IT,NL,112130.0,50.62,2.2151,no
2023-12,27101983,IT,PL,38205.0,7.625,5.0105,no
2023-12,27101983,IT,RO,5885.0,0.073,80.6164,no
2023-12,27101983,IT,SE,44473.0,19.511,2.2794,no
2023-12,27101983,IT,SI,7981.0,4.495,1.7755,no
2023-12,27101983,IT,TR,1317.0,0.739,1.7821,no
2023-12,27101985,IT,AT,95.0,0.011,8.6364,no
2023-12,27101985,IT,BE,71571.0,45.511,1.5726,no
2023-12,27101985,IT,CN,4632.0,0.725,6.389,no
2023-12,27101985,IT,DE,252356.0,140.969,1.7902,no
2023-12,27101985,IT,DK,95.0,0.001,95.0,no
2023-12,27101985,IT,ES,226171.0,206.78,1.0938,no
2023-12,27101985,IT,FR,355041.0,232.605,1.5264,no
2023-12,27101985,IT,HU,565.0,0.254,2.2244,no
2023-12,27101985,IT,IN,89192.0,79.56,1.1211,no
2023-12,27101985,IT,NL,178190.0,94.367,1.8883,no
2023-12,27101985,IT,PL,792.0,0.066,12.0,no
2023-12,27101985,IT,PT,432.0,0.06,7.2,no
2023-12,27101987,IT,AT,16408.0,2.63,6.2388,no
2023-12,27101987,IT,BE,202392.0,61.672,3.2817,no
2023-12,27101987,IT,CZ,16015.0,2.335,6.8587,no
2023-12,27101987,IT,DE,395964.0,79.56,4.9769,no
2023-12,27101987,IT,ES,160736.0,55.801,2.8805,no
2023-12,27101987,IT,FR,375209.0,100.341,3.7393,no
2023-12,27101987,IT,GB,2511.0,0.553,4.5407,no
2023-12,27101987,IT,GR,3865.0,1.451,2.6637,no
2023-12,27101987,IT,HU,19304.0,7.103,2.7177,no
2023-12,27101987,IT,NL,331708.0,92.436,3.5885,no
2023-12,27101987,IT,PL,8978.0,1.175,7.6409,no
2023-12,27101987,IT,SE,77889.0,29.734,2.6195,no
2023-12,27101987,IT,SI,6781.0,2.25,3.0138,no
2023-12,27101987,IT,TR,79708.0,18.481,4.313,no
2023-12,27101991,IT,AT,626.0,0.156,4.0128,no
2023-12,27101991,IT,BE,9193.0,3.708,2.4792,no
2023-12,27101991,IT,DE,367420.0,119.539,3.0736,no
2023-12,27101991,IT,ES,3127.0,0.926,3.3769,no
2023-12,27101991,IT,FR,145891.0,39.87,3.6592,no
2023-12,27101991,IT,GB,110776.0,52.5,2.11,no
2023-12,27101991,IT,MX,31909.0,6.92,4.6111,no
2023-12,27101991,IT,NL,6546.0,0.812,8.0616,no
2023-12,27101991,IT,SE,7041.0,1.304,5.3995,no
2023-12,27101991,IT,SI,9936.0,2.507,3.9633,no
2023-12,27101993,IT,BE,313227.0,171.113,1.8305,no
2023-12,27101993,IT,DE,109710.0,77.828,1.4096,no
2023-12,27101993,IT,FR,160601.0,140.1,1.1463,no
2023-12,27101993,IT,GB,150999.0,40.28,3.7487,no
2023-12,27101993,IT,US,3936.0,0.227,17.3392,no
2023-12,27101999,IT,AT,41853.0,80.611,0.5192,no
2023-12,27101999,IT,BE,6493544.0,5020.22,1.2935,no
2023-12,27101999,IT,CA,1031.0,0.06,17.1833,no
2023-12,27101999,IT,CH,102275.0,18.596,5.4998,no
2023-12,27101999,IT,CN,2496.0,0.015,166.4,no
2023-12,27101999,IT,CZ,12205.0,15.08,0.8094,no
2023-12,27101999,IT,DE,2427733.0,1635.655,1.4843,no
2023-12,27101999,IT,DK,104.0,0.1,1.04,no
2023-12,27101999,IT,EG,311551.0,349.4,0.8917,no
2023-12,27101999,IT,ES,9475699.0,7061.478,1.3419,no
2023-12,27101999,IT,FR,1453327.0,1772.775,0.8198,no
2023-12,27101999,IT,GB,10027.0,1.169,8.5774,no
2023-12,27101999,IT,GR,5492343.0,4124.149,1.3318,no
2023-12,27101999,IT,HU,1297581.0,926.497,1.4005,no
2023-12,27101999,IT,IN,22865.0,19.8,1.1548,no
2023-12,27101999,IT,LU,219.0,0.11,1.9909,no
2023-12,27101999,IT,NL,4813399.0,4140.857,1.1624,no
2023-12,27101999,IT,NO,1008.0,0.018,56.0,no
2023-12,27101999,IT,PL,933726.0,1010.07,0.9244,no
2023-12,27101999,IT,PT,65562.0,61.57,1.0648,no
2023-12,27101999,IT,RO,136.0,0.13,1.0462,no
2023-12,27101999,IT,SA,1797.0,0.047,38.234,no
2023-12,27101999,IT,SE,42395.0,22.59,1.8767,no
2023-12,27101999,IT,SI,464790.0,321.946,1.4437,no
2023-12,27101999,IT,SK,247.0,0.1,2.47,no
2023-12,27101999,IT,TR,9334.0,2.897,3.222,no
2023-12,27101999,IT,UA,2965.0,0.576,5.1476,no
2023-12,27101999,IT,US,192445.0,22.51,8.5493,no
2023-12,27101999,IT,UZ,725495.0,848.42,0.8551,no
2024-01,27101971,IT,DE,743.0,0.08,9.2875,no
2024-01,27101971,IT,FR,7877.0,0.97,8.1206,no
2024-01,27101981,IT,AL,79595.0,35.035,2.2719,no
2024-01,27101981,IT,AT,599455.0,77.013,7.7838,no
2024-01,27101981,IT,BE,5282254.0,1676.347,3.1511,no
2024-01,27101981,IT,BG,48568.0,8.46,5.7409,no
2024-01,27101981,IT,CH,1035.0,0.16,6.4688,no
2024-01,27101981,IT,CZ,56436.0,11.423,4.9406,no
2024-01,27101981,IT,DE,3108500.0,828.255,3.7531,no
2024-01,27101981,IT,ES,1754271.0,610.456,2.8737,no
2024-01,27101981,IT,FR,3673255.0,1509.925,2.4327,no
2024-01,27101981,IT,GB,25549.0,8.603,2.9698,no
2024-01,27101981,IT,GH,1334.0,0.017,78.4706,no
2024-01,27101981,IT,GR,46007.0,24.408,1.8849,no
2024-01,27101981,IT,HR,213421.0,76.805,2.7787,no
2024-01,27101981,IT,HU,149747.0,74.483,2.0105,no
2024-01,27101981,IT,IN,20062.0,2.982,6.7277,no
2024-01,27101981,IT,LT,117584.0,24.598,4.7802,no
2024-01,27101981,IT,LV,90396.0,15.667,5.7698,no
2024-01,27101981,IT,NL,2226084.0,749.447,2.9703,no
2024-01,27101981,IT,PL,50000.0,8.792,5.687,no
2024-01,27101981,IT,SE,440015.0,205.446,2.1418,no
2024-01,27101981,IT,SI,165289.0,24.2,6.8301,no
2024-01,27101981,IT,SK,433.0,0.1,4.33,no
2024-01,27101981,IT,TR,90939.0,33.176,2.7411,no
2024-01,27101981,IT,UA,7456.0,2.822,2.6421,no
2024-01,27101981,IT,US,41540.0,9.992,4.1573,no
2024-01,27101983,IT,AL,2566.0,2.508,1.0231,no
2024-01,27101983,IT,AT,54702.0,10.128,5.4011,no
2024-01,27101983,IT,BE,132513.0,60.763,2.1808,no
2024-01,27101983,IT,BG,13336.0,2.668,4.9985,no
2024-01,27101983,IT,CZ,33959.0,8.936,3.8002,no
2024-01,27101983,IT,DE,504909.0,234.569,2.1525,no
2024-01,27101983,IT,DK,549.0,0.093,5.9032,no
2024-01,27101983,IT,ES,71502.0,35.899,1.9918,no
2024-01,27101983,IT,FI,96929.0,55.019,1.7617,no
2024-01,27101983,IT,FR,209037.0,100.581,2.0783,no
2024-01,27101983,IT,HR,14635.0,6.411,2.2828,no
2024-01,27101983,IT,HU,67371.0,48.41,1.3917,no
2024-01,27101983,IT,LT,5375.0,1.075,5.0,no
2024-01,27101983,IT,NL,166768.0,76.585,2.1776,no
2024-01,27101983,IT,PL,918.0,0.269,3.4126,no
2024-01,27101983,IT,RO,2280.0,0.19,12.0,no
2024-01,27101983,IT,SE,39782.0,17.684,2.2496,no
2024-01,27101983,IT,SI,5545.0,2.333,2.3768,no
2024-01,27101983,IT,TR,10278.0,5.912,1.7385,no
2024-01,27101985,IT,AT,3304.0,0.497,6.6479,no
2024-01,27101985,IT,BE,125820.0,76.21,1.651,no
2024-01,27101985,IT,CZ,14.0,0.001,14.0,no
2024-01,27101985,IT,DE,607699.0,360.234,1.687,no
2024-01,27101985,IT,ES,23317.0,3.894,5.9879,no
2024-01,27101985,IT,FR,223580.0,147.663,1.5141,no
2024-01,27101985,IT,IN,138991.0,122.748,1.1323,no
2024-01,27101985,IT,NL,346858.0,180.45,1.9222,no
2024-01,27101985,IT,PT,1430.0,0.2,7.15,no
2024-01,27101985,IT,US,1534.0,0.011,139.4545,no
2024-01,27101987,IT,AL,13036.0,4.248,3.0687,no
2024-01,27101987,IT,AT,11251.0,1.454,7.738,no
2024-01,27101987,IT,BE,266805.0,90.497,2.9482,no
2024-01,27101987,IT,CH,1134.0,0.186,6.0968,no
2024-01,27101987,IT,CZ,14967.0,1.885,7.9401,no
2024-01,27101987,IT,DE,480539.0,92.491,5.1955,no
2024-01,27101987,IT,ES,196034.0,68.573,2.8588,no
2024-01,27101987,IT,FI,9055.0,3.701,2.4466,no
2024-01,27101987,IT,FR,741858.0,189.854,3.9075,no
2024-01,27101987,IT,GB,32412.0,2.015,16.0854,no
2024-01,27101987,IT,GR,2200.0,0.926,2.3758,no
2024-01,27101987,IT,HR,4834.0,1.516,3.1887,no
2024-01,27101987,IT,HU,10353.0,1.64,6.3128,no
2024-01,27101987,IT,LT,3582.0,1.089,3.2893,no
2024-01,27101987,IT,NL,366648.0,86.581,4.2347,no
2024-01,27101987,IT,PL,6954.0,0.888,7.8311,no
2024-01,27101987,IT,SE,38081.0,6.526,5.8353,no
2024-01,27101987,IT,SI,10551.0,1.381,7.6401,no
2024-01,27101987,IT,TR,39258.0,25.573,1.5351,no
2024-01,27101987,IT,US,7725.0,0.815,9.4785,no
2024-01,27101991,IT,AT,35.0,0.005,7.0,no
2024-01,27101991,IT,BE,125237.0,21.847,5.7325,no
2024-01,27101991,IT,CZ,33.0,0.006,5.5,no
2024-01,27101991,IT,DE,384995.0,124.504,3.0922,no
2024-01,27101991,IT,ES,13629.0,5.281,2.5808,no
2024-01,27101991,IT,FR,159403.0,49.795,3.2012,no
2024-01,27101991,IT,GB,280976.0,131.78,2.1322,no
2024-01,27101991,IT,HR,8458.0,3.002,2.8175,no
2024-01,27101991,IT,MX,29908.0,6.268,4.7715,no
2024-01,27101991,IT,NL,15085.0,2.527,5.9695,no
2024-01,27101991,IT,SE,4551.0,0.843,5.3986,no
2024-01,27101991,IT,SI,21120.0,6.16,3.4286,no
2024-01,27101993,IT,BE,155886.0,94.58,1.6482,no
2024-01,27101993,IT,DE,204819.0,192.047,1.0665,no
2024-01,27101993,IT,FR,449918.0,340.44,1.3216,no
2024-01,27101993,IT,GB,571955.0,197.16,2.901,no
2024-01,27101993,IT,SE,35200.0,19.0,1.8526,no
2024-01,27101999,IT,AL,28435.0,23.5,1.21,no
2024-01,27101999,IT,AT,82111.0,72.476,1.1329,no
2024-01,27101999,IT,BE,8349676.0,6587.373,1.2675,no
2024-01,27101999,IT,BG,4347.0,1.407,3.0896,no
2024-01,27101999,IT,BR,2227.0,0.006,371.1667,no
2024-01,27101999,IT,CH,89816.0,16.965,5.2942,no
2024-01,27101999,IT,CZ,21850.0,17.376,1.2575,no
2024-01,27101999,IT,DE,4424127.0,3135.656,1.4109,no
2024-01,27101999,IT,EG,175306.0,204.62,0.8567,no
2024-01,27101999,IT,ES,2729054.0,1837.014,1.4856,no
2024-01,27101999,IT,FR,2079385.0,1701.401,1.2222,no
2024-01,27101999,IT,GB,3950838.0,3954.983,0.999,no
2024-01,27101999,IT,GR,599889.0,322.222,1.8617,no
2024-01,27101999,IT,HR,5615.0,1.537,3.6532,no
2024-01,27101999,IT,HU,566853.0,586.05,0.9672,no
2024-01,27101999,IT,JP,33600.0,7.164,4.6901,no
2024-01,27101999,IT,KR,59200.0,39.825,1.4865,no
2024-01,27101999,IT,LU,12416.0,2.092,5.935,no
2024-01,27101999,IT,LV,936.0,0.48,1.95,no
2024-01,27101999,IT,MY,2289941.0,1783.636,1.2839,no
2024-01,27101999,IT,NL,13730368.0,13375.229,1.0266,no
2024-01,27101999,IT,NO,3863.0,0.153,25.2484,no
2024-01,27101999,IT,PL,778394.0,864.992,0.8999,no
2024-01,27101999,IT,PT,11605.0,1.161,9.9957,no
2024-01,27101999,IT,QV,908.0,1.8,0.5044,no
2024-01,27101999,IT,RO,595.0,0.34,1.75,no
2024-01,27101999,IT,SE,79835.0,61.274,1.3029,no
2024-01,27101999,IT,SI,68439.0,31.635,2.1634,no
2024-01,27101999,IT,SK,8.0,0.01,0.8,no
2024-01,27101999,IT,TR,50672.0,13.99,3.622,no
2024-01,27101999,IT,US,603088.0,520.41,1.1589,no
2024-01,27101999,IT,UZ,249312.0,277.2,0.8994,no
2024-02,27101971,IT,DE,12559.0,1.732,7.2512,no
2024-02,27101971,IT,NL,41.0,0.002,20.5,no
2024-02,27101971,IT,PL,71.0,0.005,14.2,no
2024-02,27101971,IT,US,1439786.0,1550.972,0.9283,no
2024-02,27101981,IT,AL,4586.0,0.143,32.0699,no
2024-02,27101981,IT,AT,757342.0,95.972,7.8913,no
2024-02,27101981,IT,BE,4662362.0,1429.701,3.2611,no
2024-02,27101981,IT,CZ,42406.0,7.549,5.6174,no
2024-02,27101981,IT,DE,2984293.0,836.751,3.5665,no
2024-02,27101981,IT,ES,1651352.0,544.173,3.0346,no
2024-02,27101981,IT,FR,4768470.0,1797.42,2.653,no
2024-02,27101981,IT,GB,1008.0,0.001,1008.0,no
2024-02,27101981,IT,GR,329556.0,156.738,2.1026,no
2024-02,27101981,IT,HR,140529.0,45.3,3.1022,no
2024-02,27101981,IT,HU,154055.0,79.985,1.926,no
2024-02,27101981,IT,IN,15501.0,5.684,2.7271,no
2024-02,27101981,IT,LV,135599.0,23.959,5.6596,no
2024-02,27101981,IT,NL,2034505.0,696.032,2.923,no
2024-02,27101981,IT,PL,109553.0,26.032,4.2084,no
2024-02,27101981,IT,SE,362904.0,184.185,1.9703,no
2024-02,27101981,IT,SI,241331.0,31.092,7.7618,no
2024-02,27101981,IT,SK,33.0,0.005,6.6,no
2024-02,27101981,IT,US,42480.0,8.667,4.9013,no
2024-02,27101983,IT,AT,40892.0,8.132,5.0285,no
2024-02,27101983,IT,BE,165046.0,35.364,4.6671,no
2024-02,27101983,IT,CZ,27962.0,5.43,5.1495,no
2024-02,27101983,IT,DE,552644.0,203.112,2.7209,no
2024-02,27101983,IT,DK,239.0,0.036,6.6389,no
2024-02,27101983,IT,ES,61135.0,31.332,1.9512,no
2024-02,27101983,IT,FR,195851.0,98.36,1.9912,no
2024-02,27101983,IT,GR,1670.0,0.696,2.3994,no
2024-02,27101983,IT,HR,17149.0,7.766,2.2082,no
2024-02,27101983,IT,HU,116512.0,72.743,1.6017,no
2024-02,27101983,IT,NL,75313.0,34.494,2.1834,no
2024-02,27101983,IT,PL,34984.0,12.311,2.8417,no
2024-02,27101983,IT,RO,3.0,0.001,3.0,no
2024-02,27101983,IT,SE,36248.0,15.186,2.3869,no
2024-02,27101983,IT,SI,2390.0,1.341,1.7823,no
2024-02,27101983,IT,SK,3132.0,0.78,4.0154,no
2024-02,27101985,IT,AT,364.0,0.016,22.75,no
2024-02,27101985,IT,BE,133894.0,83.617,1.6013,no
2024-02,27101985,IT,CZ,7.0,0.001,7.0,no
2024-02,27101985,IT,DE,966469.0,609.52,1.5856,no
2024-02,27101985,IT,ES,82578.0,34.015,2.4277,no
2024-02,27101985,IT,FI,101.0,0.006,16.8333,no
2024-02,27101985,IT,FR,404529.0,282.394,1.4325,no
2024-02,27101985,IT,GB,1733.0,0.067,25.8657,no
2024-02,27101985,IT,HU,4698.0,2.253,2.0852,no
2024-02,27101985,IT,IN,45144.0,39.95,1.13,no
2024-02,27101985,IT,NL,646560.0,254.173,2.5438,no
2024-02,27101985,IT,PL,1.0,0.001,1.0,no
2024-02,27101987,IT,AT,38609.0,5.002,7.7187,no
2024-02,27101987,IT,BE,277886.0,84.199,3.3003,no
2024-02,27101987,IT,CZ,21403.0,2.482,8.6233,no
2024-02,27101987,IT,DE,705229.0,140.336,5.0253,no
2024-02,27101987,IT,DK,1710.0,0.1,17.1,no
2024-02,27101987,IT,ES,199303.0,68.612,2.9048,no
2024-02,27101987,IT,FI,120.0,0.01,12.0,no
2024-02,27101987,IT,FR,712754.0,163.8,4.3514,no
2024-02,27101987,IT,GB,39317.0,1.965,20.0087,no
2024-02,27101987,IT,GR,12432.0,4.887,2.5439,no
2024-02,27101987,IT,HR,2888.0,0.912,3.1667,no
2024-02,27101987,IT,HU,11987.0,4.419,2.7126,no
2024-02,27101987,IT,KR,2297.0,0.099,23.202,no
2024-02,27101987,IT,NL,260231.0,67.989,3.8275,no
2024-02,27101987,IT,PL,19184.0,4.546,4.22,no
2024-02,27101987,IT,SE,52080.0,9.784,5.323,no
2024-02,27101987,IT,SI,192.0,0.036,5.3333,no
2024-02,27101991,IT,AT,30118.0,5.252,5.7346,no
2024-02,27101991,IT,BE,4289.0,0.317,13.53,no
2024-02,27101991,IT,CZ,18.0,0.003,6.0,no
2024-02,27101991,IT,DE,459793.0,134.696,3.4136,no
2024-02,27101991,IT,ES,14779.0,3.844,3.8447,no
2024-02,27101991,IT,FR,193967.0,58.681,3.3054,no
2024-02,27101991,IT,GB,342472.0,161.025,2.1268,no
2024-02,27101991,IT,MX,38461.0,7.128,5.3958,no
2024-02,27101991,IT,NL,7553.0,2.482,3.0431,no
2024-02,27101991,IT,SE,5000.0,0.926,5.3996,no
2024-02,27101993,IT,BE,186761.0,118.18,1.5803,no
2024-02,27101993,IT,DE,132913.0,122.608,1.084,no
2024-02,27101993,IT,FR,253585.0,191.14,1.3267,no
2024-02,27101993,IT,GB,158578.0,75.2,2.1088,no
2024-02,27101993,IT,SE,88900.0,50.8,1.75,no
2024-02,27101999,IT,AL,84718.0,70.5,1.2017,no
2024-02,27101999,IT,AT,105568.0,99.6,1.0599,no
2024-02,27101999,IT,BE,8833705.0,7214.599,1.2244,no
2024-02,27101999,IT,CA,6385.0,0.387,16.4987,no
2024-02,27101999,IT,CH,108957.0,20.382,5.3457,no
2024-02,27101999,IT,CZ,23722.0,16.206,1.4638,no
2024-02,27101999,IT,DE,3688394.0,2446.997,1.5073,no
2024-02,27101999,IT,DK,135.0,0.1,1.35,no
2024-02,27101999,IT,EG,511931.0,600.01,0.8532,no
2024-02,27101999,IT,ES,1418449.0,1082.706,1.3101,no
2024-02,27101999,IT,FI,275.0,0.1,2.75,no
2024-02,27101999,IT,FR,4778473.0,5016.738,0.9525,no
2024-02,27101999,IT,GB,84290.0,14.185,5.9422,no
2024-02,27101999,IT,GR,480547.0,284.23,1.6907,no
2024-02,27101999,IT,HR,8504.0,2.233,3.8083,no
2024-02,27101999,IT,HU,864992.0,926.364,0.9337,no
2024-02,27101999,IT,IE,1867.0,0.7,2.6671,no
2024-02,27101999,IT,JP,12398.0,0.32,38.7437,no
2024-02,27101999,IT,KR,76169.0,59.33,1.2838,no
2024-02,27101999,IT,LT,7699.0,3.0,2.5663,no
2024-02,27101999,IT,LU,92.0,0.11,0.8364,no
2024-02,27101999,IT,LV,1504.0,1.6,0.94,no
2024-02,27101999,IT,MY,3840735.0,3108.304,1.2356,no
2024-02,27101999,IT,NL,7359821.0,7749.736,0.9497,no
2024-02,27101999,IT,PL,543553.0,645.855,0.8416,no
2024-02,27101999,IT,PT,12731.0,1.274,9.9929,no
2024-02,27101999,IT,QV,38.0,0.04,0.95,no
2024-02,27101999,IT,RO,4119.0,2.13,1.9338,no
2024-02,27101999,IT,SA,50715.0,63.0,0.805,no
2024-02,27101999,IT,SE,36720.0,30.159,1.2175,no
2024-02,27101999,IT,SI,211788.0,231.884,0.9133,no
2024-02,27101999,IT,US,650502.0,582.931,1.1159,no
2024-03,27101971,IT,DE,4393.0,0.673,6.5275,no
2024-03,27101971,IT,NL,29.0,0.001,29.0,no
2024-03,27101971,IT,PL,239.0,0.005,47.8,no
2024-03,27101971,IT,US,1144160.0,1174.209,0.9744,no
2024-03,27101981,IT,AL,37570.0,14.871,2.5264,no
2024-03,27101981,IT,AT,597802.0,85.687,6.9766,no
2024-03,27101981,IT,BE,5320041.0,1704.443,3.1213,no
2024-03,27101981,IT,CZ,126248.0,22.554,5.5976,no
2024-03,27101981,IT,DE,3764944.0,1090.577,3.4522,no
2024-03,27101981,IT,ES,2368246.0,801.9,2.9533,no
2024-03,27101981,IT,FR,4027668.0,1534.792,2.6242,no
2024-03,27101981,IT,GB,167553.0,58.672,2.8558,no
2024-03,27101981,IT,GR,92215.0,34.907,2.6417,no
2024-03,27101981,IT,HR,101770.0,35.315,2.8818,no
2024-03,27101981,IT,HU,199956.0,98.418,2.0317,no
2024-03,27101981,IT,IN,2252.0,0.799,2.8185,no
2024-03,27101981,IT,LT,110115.0,18.888,5.8299,no
2024-03,27101981,IT,LV,147452.0,25.292,5.83,no
2024-03,27101981,IT,NL,1743588.0,611.246,2.8525,no
2024-03,27101981,IT,PL,94028.0,20.304,4.631,no
2024-03,27101981,IT,RO,283148.0,48.713,5.8126,no
2024-03,27101981,IT,SE,223254.0,104.342,2.1396,no
2024-03,27101981,IT,SI,104847.0,15.409,6.8043,no
2024-03,27101981,IT,TR,19399.0,7.254,2.6742,no
2024-03,27101981,IT,UA,4326.0,1.72,2.5151,no
2024-03,27101983,IT,AT,24283.0,4.698,5.1688,no
2024-03,27101983,IT,BE,192070.0,54.276,3.5388,no
2024-03,27101983,IT,CZ,26213.0,5.619,4.6651,no
2024-03,27101983,IT,DE,501672.0,203.926,2.4601,no
2024-03,27101983,IT,DK,3536.0,0.445,7.9461,no
2024-03,27101983,IT,ES,59167.0,35.594,1.6623,no
2024-03,27101983,IT,FR,180825.0,89.16,2.0281,no
2024-03,27101983,IT,GB,5328.0,0.731,7.2886,no
2024-03,27101983,IT,HR,7928.0,3.602,2.201,no
2024-03,27101983,IT,HU,147253.0,107.822,1.3657,no
2024-03,27101983,IT,LT,12022.0,2.464,4.8791,no
2024-03,27101983,IT,NL,94608.0,47.055,2.0106,no
2024-03,27101983,IT,PL,6781.0,1.426,4.7553,no
2024-03,27101983,IT,RO,24.0,0.005,4.8,no
2024-03,27101983,IT,SE,48362.0,21.281,2.2725,no
2024-03,27101983,IT,SI,12939.0,8.654,1.4951,no
2024-03,27101983,IT,US,2308.0,0.609,3.7898,no
2024-03,27101985,IT,AT,40.0,0.003,13.3333,no
2024-03,27101985,IT,BE,165214.0,100.896,1.6375,no
2024-03,27101985,IT,DE,770902.0,538.331,1.432,no
2024-03,27101985,IT,ES,130437.0,99.962,1.3049,no
2024-03,27101985,IT,FR,374492.0,240.559,1.5568,no
2024-03,27101985,IT,GB,3391.0,0.15,22.6067,no
2024-03,27101985,IT,GR,7169.0,0.505,14.196,no
2024-03,27101985,IT,HU,2975.0,1.36,2.1875,no
2024-03,27101985,IT,IN,306928.0,259.83,1.1813,no
2024-03,27101985,IT,NL,439977.0,238.132,1.8476,no
2024-03,27101985,IT,PL,5.0,0.001,5.0,no
2024-03,27101987,IT,AL,3836.0,1.591,2.4111,no
2024-03,27101987,IT,AT,54531.0,6.594,8.2698,no
2024-03,27101987,IT,BE,251258.0,86.177,2.9156,no
2024-03,27101987,IT,CZ,16903.0,2.051,8.2413,no
2024-03,27101987,IT,DE,650654.0,103.894,6.2627,no
2024-03,27101987,IT,DK,1206.0,0.09,13.4,no
2024-03,27101987,IT,ES,303857.0,113.209,2.684,no
2024-03,27101987,IT,FR,620370.0,138.152,4.4905,no
2024-03,27101987,IT,GB,5310.0,0.36,14.75,no
2024-03,27101987,IT,HR,1625.0,0.507,3.2051,no
2024-03,27101987,IT,HU,35742.0,8.613,4.1498,no
2024-03,27101987,IT,KR,2429.0,0.105,23.1333,no
2024-03,27101987,IT,LT,4977.0,0.649,7.6687,no
2024-03,27101987,IT,NL,397103.0,97.831,4.0591,no
2024-03,27101987,IT,PL,3980.0,0.515,7.7282,no
2024-03,27101987,IT,RO,1141.0,0.32,3.5656,no
2024-03,27101987,IT,SE,34075.0,8.575,3.9738,no
2024-03,27101987,IT,SI,515.0,0.076,6.7763,no
2024-03,27101987,IT,TR,3885.0,1.533,2.5342,no
2024-03,27101987,IT,US,6416.0,0.737,8.7056,no
2024-03,27101991,IT,AT,20553.0,5.524,3.7207,no
2024-03,27101991,IT,BE,6202.0,2.454,2.5273,no
2024-03,27101991,IT,CZ,24.0,0.004,6.0,no
2024-03,27101991,IT,DE,353708.0,118.927,2.9742,no
2024-03,27101991,IT,ES,13150.0,5.0,2.63,no
2024-03,27101991,IT,FR,220364.0,61.158,3.6032,no
2024-03,27101991,IT,GB,164537.0,77.98,2.11,no
2024-03,27101991,IT,MX,62628.0,13.0,4.8175,no
2024-03,27101991,IT,NL,7702.0,2.637,2.9207,no
2024-03,27101991,IT,SE,3985.0,0.738,5.3997,no
2024-03,27101991,IT,US,1603.0,0.035,45.8,no
2024-03,27101993,IT,AT,2090.0,1.5,1.3933,no
2024-03,27101993,IT,BE,148774.0,105.755,1.4068,no
2024-03,27101993,IT,CH,4055.0,0.6,6.7583,no
2024-03,27101993,IT,DE,131021.0,116.241,1.1271,no
2024-03,27101993,IT,FR,252886.0,209.9,1.2048,no
2024-03,27101993,IT,GB,397300.0,138.42,2.8702,no
2024-03,27101993,IT,NL,28.0,0.003,9.3333,no
2024-03,27101999,IT,AL,83425.0,70.5,1.1833,no
2024-03,27101999,IT,AR,1178.0,0.038,31.0,no
2024-03,27101999,IT,AT,198347.0,155.008,1.2796,no
2024-03,27101999,IT,AZ,200776.0,205.64,0.9763,no
2024-03,27101999,IT,BE,9615137.0,7909.568,1.2156,no
2024-03,27101999,IT,BG,28405.0,10.877,2.6115,no
2024-03,27101999,IT,CA,72762.0,2.4,30.3175,no
2024-03,27101999,IT,CH,150818.0,29.149,5.174,no
2024-03,27101999,IT,CN,12979.0,0.6,21.6317,no
2024-03,27101999,IT,CZ,38884.0,20.184,1.9265,no
2024-03,27101999,IT,DE,4071938.0,3540.749,1.15,no
2024-03,27101999,IT,DK,8158.0,6.116,1.3339,no
2024-03,27101999,IT,EG,352906.0,412.88,0.8547,no
2024-03,27101999,IT,ES,11126813.0,8382.021,1.3275,no
2024-03,27101999,IT,FR,1507830.0,1179.75,1.2781,no
2024-03,27101999,IT,GB,57634.0,11.213,5.1399,no
2024-03,27101999,IT,GR,6704847.0,14285.111,0.4694,no
2024-03,27101999,IT,HR,5532.0,1.506,3.6733,no
2024-03,27101999,IT,HU,998508.0,1139.447,0.8763,no
2024-03,27101999,IT,IE,663.0,1.5,0.442,no
2024-03,27101999,IT,IN,45156.0,39.9,1.1317,no
2024-03,27101999,IT,JP,10658.0,0.35,30.4514,no
2024-03,27101999,IT,LT,2349.0,1.57,1.4962,no
2024-03,27101999,IT,LU,202.0,0.21,0.9619,no
2024-03,27101999,IT,LV,1844.0,0.92,2.0043,no
2024-03,27101999,IT,NL,7898778.0,8105.085,0.9745,no
2024-03,27101999,IT,PL,1242754.0,1505.23,0.8256,no
2024-03,27101999,IT,QV,9350.0,5.0,1.87,no
2024-03,27101999,IT,RO,574.0,0.74,0.7757,no
2024-03,27101999,IT,SE,5058.0,3.1,1.6316,no
2024-03,27101999,IT,SI,91700.0,114.312,0.8022,no
2024-03,27101999,IT,SK,7.0,0.01,0.7,no
2024-03,27101999,IT,TN,1336.0,0.182,7.3407,no
2024-03,27101999,IT,TR,15945.0,5.942,2.6834,no
2024-03,27101999,IT,US,643044.0,654.808,0.982,no
2024-04,27101971,IT,DE,9036.0,3.039,2.9733,no
2024-04,27101971,IT,NL,31.0,0.001,31.0,no
2024-04,27101971,IT,TW,479602.0,401.68,1.194,no
2024-04,27101971,IT,US,1144714.0,1217.188,0.9405,no
2024-04,27101981,IT,AT,708483.0,112.055,6.3226,no
2024-04,27101981,IT,BE,4614709.0,1514.898,3.0462,no
2024-04,27101981,IT,BG,46082.0,7.824,5.8898,no
2024-04,27101981,IT,CZ,11625.0,2.211,5.2578,no
2024-04,27101981,IT,DE,3367511.0,911.529,3.6944,no
2024-04,27101981,IT,ES,2291456.0,772.562,2.966,no
2024-04,27101981,IT,FR,3204236.0,1294.406,2.4754,no
2024-04,27101981,IT,GB,138636.0,30.375,4.5641,no
2024-04,27101981,IT,GR,51628.0,25.132,2.0543,no
2024-04,27101981,IT,HR,106471.0,35.488,3.0002,no
2024-04,27101981,IT,HU,72458.0,33.417,2.1683,no
2024-04,27101981,IT,LV,268278.0,45.318,5.9199,no
2024-04,27101981,IT,NL,1791903.0,611.254,2.9315,no
2024-04,27101981,IT,PL,70873.0,12.52,5.6608,no
2024-04,27101981,IT,RO,132461.0,19.661,6.7372,no
2024-04,27101981,IT,SE,173789.0,69.637,2.4956,no
2024-04,27101981,IT,SI,243072.0,30.483,7.974,no
2024-04,27101981,IT,SK,3264.0,0.515,6.3379,no
2024-04,27101981,IT,TR,32831.0,13.766,2.3849,no
2024-04,27101981,IT,UA,1823.0,0.743,2.4536,no
2024-04,27101981,IT,US,37567.0,7.561,4.9685,no
2024-04,27101983,IT,AT,36110.0,7.44,4.8535,no
2024-04,27101983,IT,BE,156112.0,44.936,3.4741,no
2024-04,27101983,IT,CH,2750.0,1.0,2.75,no
2024-04,27101983,IT,CZ,19403.0,4.705,4.1239,no
2024-04,27101983,IT,DE,577238.0,217.686,2.6517,no
2024-04,27101983,IT,DK,477.0,0.072,6.625,no
2024-04,27101983,IT,EG,79756.0,70.4,1.1329,no
2024-04,27101983,IT,ES,304616.0,153.407,1.9857,no
2024-04,27101983,IT,FR,182231.0,80.231,2.2713,no
2024-04,27101983,IT,GB,5881.0,1.181,4.9797,no
2024-04,27101983,IT,HR,7708.0,3.547,2.1731,no
2024-04,27101983,IT,HU,93286.0,65.997,1.4135,no
2024-04,27101983,IT,NL,66419.0,30.328,2.19,no
2024-04,27101983,IT,PL,5474.0,1.12,4.8875,no
2024-04,27101983,IT,RO,96.0,0.018,5.3333,no
2024-04,27101983,IT,SE,39517.0,15.681,2.5201,no
2024-04,27101983,IT,SI,4356.0,1.547,2.8158,no
2024-04,27101983,IT,TR,8907.0,2.429,3.6669,no
2024-04,27101983,IT,US,1276.0,0.181,7.0497,no
2024-04,27101985,IT,AT,2398.0,0.235,10.2043,no
2024-04,27101985,IT,BE,223642.0,157.614,1.4189,no
2024-04,27101985,IT,DE,676093.0,328.396,2.0588,no
2024-04,27101985,IT,ES,107825.0,85.392,1.2627,no
2024-04,27101985,IT,FR,440231.0,298.712,1.4738,no
2024-04,27101985,IT,IN,898538.0,739.15,1.2156,no
2024-04,27101985,IT,NL,314494.0,164.158,1.9158,no
2024-04,27101985,IT,PL,1.0,0.001,1.0,no
2024-04,27101985,IT,PT,3287.0,0.725,4.5338,no
2024-04,27101987,IT,AT,28840.0,3.73,7.7319,no
2024-04,27101987,IT,BE,292064.0,99.335,2.9402,no
2024-04,27101987,IT,CZ,8302.0,1.209,6.8668,no
2024-04,27101987,IT,DE,658628.0,122.675,5.3689,no
2024-04,27101987,IT,DK,1180.0,0.079,14.9367,no
2024-04,27101987,IT,ES,191254.0,56.269,3.3989,no
2024-04,27101987,IT,FR,728345.0,168.928,4.3116,no
2024-04,27101987,IT,GB,2567.0,0.383,6.7023,no
2024-04,27101987,IT,GR,3526.0,1.357,2.5984,no
2024-04,27101987,IT,HR,1257.0,0.402,3.1269,no
2024-04,27101987,IT,HU,31054.0,11.782,2.6357,no
2024-04,27101987,IT,KR,9602.0,0.425,22.5929,no
2024-04,27101987,IT,NL,487250.0,84.449,5.7698,no
2024-04,27101987,IT,PL,27821.0,3.584,7.7626,no
2024-04,27101987,IT,RO,215.0,0.07,3.0714,no
2024-04,27101987,IT,SE,35951.0,6.941,5.1795,no
2024-04,27101987,IT,SI,2298.0,0.281,8.1779,no
2024-04,27101987,IT,TR,28042.0,4.864,5.7652,no
2024-04,27101987,IT,UA,2941.0,1.072,2.7435,no
2024-04,27101987,IT,US,18147.0,2.178,8.332,no
2024-04,27101991,IT,AT,13752.0,2.168,6.3432,no
2024-04,27101991,IT,BE,4196.0,1.61,2.6062,no
2024-04,27101991,IT,CZ,6.0,0.001,6.0,no
2024-04,27101991,IT,DE,368144.0,116.911,3.1489,no
2024-04,27101991,IT,ES,13120.0,8.321,1.5767,no
2024-04,27101991,IT,FR,217810.0,62.211,3.5011,no
2024-04,27101991,IT,GB,225896.0,107.06,2.11,no
2024-04,27101991,IT,MX,27572.0,5.378,5.1268,no
2024-04,27101991,IT,SE,4694.0,0.799,5.8748,no
2024-04,27101991,IT,TR,2709.0,1.638,1.6538,no
2024-04,27101993,IT,BE,184199.0,117.906,1.5623,no
2024-04,27101993,IT,CH,4655.0,0.9,5.1722,no
2024-04,27101993,IT,DE,33634.0,26.027,1.2923,no
2024-04,27101993,IT,FR,342585.0,259.74,1.319,no
2024-04,27101993,IT,GB,212506.0,60.2,3.53,no
2024-04,27101993,IT,NL,57.0,0.006,9.5,no
2024-04,27101999,IT,AL,28435.0,23.5,1.21,no
2024-04,27101999,IT,AT,72868.0,49.378,1.4757,no
2024-04,27101999,IT,AZ,18190.0,20.9,0.8703,no
2024-04,27101999,IT,BE,7703359.0,6456.063,1.1932,no
2024-04,27101999,IT,BG,1113.0,0.81,1.3741,no
2024-04,27101999,IT,CH,129336.0,27.396,4.721,no
2024-04,27101999,IT,CZ,16403.0,7.046,2.328,no
2024-04,27101999,IT,DE,3141108.0,2181.614,1.4398,no
2024-04,27101999,IT,DK,1454.0,1.03,1.4117,no
2024-04,27101999,IT,EE,815.0,0.61,1.3361,no
2024-04,27101999,IT,EG,309479.0,390.62,0.7923,no
2024-04,27101999,IT,ES,20146204.0,14048.204,1.4341,no
2024-04,27101999,IT,FR,1162044.0,684.321,1.6981,no
2024-04,27101999,IT,GB,67998.0,12.157,5.5933,no
2024-04,27101999,IT,GR,6734497.0,14235.964,0.4731,no
2024-04,27101999,IT,HR,4852.0,4.35,1.1154,no
2024-04,27101999,IT,HU,597704.0,702.39,0.851,no
2024-04,27101999,IT,JP,27487.0,2.582,10.6456,no
2024-04,27101999,IT,LV,2450.0,1.23,1.9919,no
2024-04,27101999,IT,NL,6941605.0,6584.072,1.0543,no
2024-04,27101999,IT,PL,1437582.0,1663.731,0.8641,no
2024-04,27101999,IT,PT,86705.0,8.551,10.1397,no
2024-04,27101999,IT,RO,1448.0,1.135,1.2758,no
2024-04,27101999,IT,SE,85247.0,57.224,1.4897,no
2024-04,27101999,IT,SI,110223.0,32.631,3.3779,no
2024-04,27101999,IT,TR,13627.0,5.382,2.532,no
2024-04,27101999,IT,US,1040283.0,992.812,1.0478,no
2024-04,27101999,IT,UZ,166189.0,213.257,0.7793,no
2024-05,27101971,IT,BE,474.0,0.023,20.6087,no
2024-05,27101971,IT,DE,5835.0,0.841,6.9382,no
2024-05,27101971,IT,FR,4003.0,0.047,85.1702,no
2024-05,27101971,IT,PT,66228.0,0.989,66.9646,no
2024-05,27101971,IT,TW,359220.0,301.09,1.1931,no
2024-05,27101971,IT,US,344162.0,364.836,0.9433,no
2024-05,27101981,IT,AE,51107.0,26.808,1.9064,no
2024-05,27101981,IT,AL,97129.0,37.28,2.6054,no
2024-05,27101981,IT,AT,519278.0,45.456,11.4238,no
2024-05,27101981,IT,BE,5077813.0,1892.864,2.6826,no
2024-05,27101981,IT,CZ,134334.0,24.442,5.496,no
2024-05,27101981,IT,DE,2997396.0,872.18,3.4367,no
2024-05,27101981,IT,ES,2476556.0,854.741,2.8974,no
2024-05,27101981,IT,FR,4681366.0,1459.904,3.2066,no
2024-05,27101981,IT,GB,25908.0,6.91,3.7493,no
2024-05,27101981,IT,GR,21252.0,9.009,2.359,no
2024-05,27101981,IT,HR,64034.0,19.189,3.337,no
2024-05,27101981,IT,HU,197307.0,103.326,1.9096,no
2024-05,27101981,IT,LT,102596.0,17.331,5.9198,no
2024-05,27101981,IT,MT,34.0,0.01,3.4,no
2024-05,27101981,IT,NL,1862538.0,615.003,3.0285,no
2024-05,27101981,IT,PL,64932.0,13.829,4.6954,no
2024-05,27101981,IT,QV,40.0,0.019,2.1053,no
2024-05,27101981,IT,SE,227168.0,70.902,3.204,no
2024-05,27101981,IT,SI,77594.0,10.378,7.4768,no
2024-05,27101981,IT,SK,1581.0,0.247,6.4008,no
2024-05,27101981,IT,TR,52989.0,18.348,2.888,no
2024-05,27101981,IT,UA,6340.0,2.592,2.446,no
2024-05,27101981,IT,US,76721.0,15.709,4.8839,no
2024-05,27101983,IT,AL,2402.0,1.36,1.7662,no
2024-05,27101983,IT,AT,10374.0,2.225,4.6625,no
2024-05,27101983,IT,BE,264008.0,97.776,2.7001,no
2024-05,27101983,IT,BG,8427.0,1.832,4.5999,no
2024-05,27101983,IT,CH,4000.0,0.422,9.4787,no
2024-05,27101983,IT,CZ,35375.0,8.29,4.2672,no
2024-05,27101983,IT,DE,663431.0,231.424,2.8667,no
2024-05,27101983,IT,DK,2837.0,0.417,6.8034,no
2024-05,27101983,IT,ES,490115.0,191.933,2.5536,no
2024-05,27101983,IT,FR,150201.0,55.116,2.7252,no
2024-05,27101983,IT,GB,2981.0,0.767,3.8866,no
2024-05,27101983,IT,GR,9798.0,4.339,2.2581,no
2024-05,27101983,IT,HR,5156.0,2.143,2.406,no
2024-05,27101983,IT,HU,162405.0,109.901,1.4777,no
2024-05,27101983,IT,LT,4311.0,0.938,4.5959,no
2024-05,27101983,IT,NL,72885.0,30.024,2.4276,no
2024-05,27101983,IT,NO,2462.0,0.624,3.9455,no
2024-05,27101983,IT,PL,21512.0,4.713,4.5644,no
2024-05,27101983,IT,SE,24573.0,8.491,2.894,no
2024-05,27101983,IT,SI,2195.0,1.296,1.6937,no
2024-05,27101985,IT,AT,1791.0,0.229,7.821,no
2024-05,27101985,IT,BE,127099.0,73.25,1.7351,no
2024-05,27101985,IT,CZ,62.0,0.001,62.0,no
2024-05,27101985,IT,DE,267010.0,143.902,1.8555,no
2024-05,27101985,IT,ES,181056.0,135.444,1.3368,no
2024-05,27101985,IT,FR,360083.0,177.788,2.0254,no
2024-05,27101985,IT,GB,1658.0,0.062,26.7419,no
2024-05,27101985,IT,HU,1856.0,0.85,2.1835,no
2024-05,27101985,IT,IN,766833.0,571.07,1.3428,no
2024-05,27101985,IT,LU,3425.0,0.1,34.25,no
2024-05,27101985,IT,NL,309579.0,151.727,2.0404,no
2024-05,27101985,IT,PT,3585.0,0.8,4.4813,no
2024-05,27101985,IT,SE,10010.0,0.078,128.3333,no
2024-05,27101987,IT,AL,5246.0,2.096,2.5029,no
2024-05,27101987,IT,AT,18698.0,2.566,7.2868,no
2024-05,27101987,IT,BE,285628.0,105.578,2.7054,no
2024-05,27101987,IT,CZ,21114.0,3.311,6.3769,no
2024-05,27101987,IT,DE,488694.0,99.536,4.9097,no
2024-05,27101987,IT,ES,112484.0,39.016,2.883,no
2024-05,27101987,IT,FR,672301.0,169.024,3.9775,no
2024-05,27101987,IT,GB,1737.0,0.362,4.7983,no
2024-05,27101987,IT,GR,3248.0,1.445,2.2478,no
2024-05,27101987,IT,HR,1040.0,0.372,2.7957,no
2024-05,27101987,IT,HU,47350.0,5.803,8.1596,no
2024-05,27101987,IT,KR,13202.0,0.432,30.5602,no
2024-05,27101987,IT,LT,1530.0,0.203,7.5369,no
2024-05,27101987,IT,NL,356935.0,63.157,5.6516,no
2024-05,27101987,IT,PL,12332.0,1.525,8.0866,no
2024-05,27101987,IT,SE,32667.0,5.957,5.4838,no
2024-05,27101987,IT,SI,1071.0,0.142,7.5423,no
2024-05,27101987,IT,TR,17775.0,4.539,3.9161,no
2024-05,27101987,IT,US,12311.0,1.222,10.0745,no
2024-05,27101991,IT,BE,4196.0,1.61,2.6062,no
2024-05,27101991,IT,DE,357432.0,109.656,3.2596,no
2024-05,27101991,IT,ES,14804.0,3.211,4.6104,no
2024-05,27101991,IT,FR,209524.0,58.663,3.5717,no
2024-05,27101991,IT,GB,170741.0,80.92,2.11,no
2024-05,27101991,IT,HR,52.0,0.018,2.8889,no
2024-05,27101991,IT,MX,30935.0,6.34,4.8793,no
2024-05,27101991,IT,NL,10450.0,2.664,3.9227,no
2024-05,27101991,IT,SE,1545.0,0.263,5.8745,no
2024-05,27101991,IT,US,2742.0,0.17,16.1294,no
2024-05,27101993,IT,BE,188926.0,113.534,1.664,no
2024-05,27101993,IT,DE,205176.0,162.374,1.2636,no
2024-05,27101993,IT,ES,240642.0,86.777,2.7731,no
2024-05,27101993,IT,FR,191416.0,68.363,2.8,no
2024-05,27101993,IT,GB,268775.0,76.14,3.53,no
2024-05,27101993,IT,NL,85.0,0.009,9.4444,no
2024-05,27101999,IT,AL,28435.0,23.5,1.21,no
2024-05,27101999,IT,AT,45885.0,32.285,1.4212,no
2024-05,27101999,IT,AZ,42454.0,40.66,1.0441,no
2024-05,27101999,IT,BE,8958931.0,7337.41,1.221,no
2024-05,27101999,IT,BR,7151.0,0.816,8.7635,no
2024-05,27101999,IT,CA,19202.0,1.344,14.2872,no
2024-05,27101999,IT,CH,172053.0,35.138,4.8965,no
2024-05,27101999,IT,CZ,25218.0,17.677,1.4266,no
2024-05,27101999,IT,DE,3344184.0,2382.64,1.4036,no
2024-05,27101999,IT,DK,66.0,0.03,2.2,no
2024-05,27101999,IT,EE,49291.0,45.42,1.0852,no
2024-05,27101999,IT,EG,290442.0,371.745,0.7813,no
2024-05,27101999,IT,ES,9949834.0,8251.536,1.2058,no
2024-05,27101999,IT,FI,49.0,0.1,0.49,no
2024-05,27101999,IT,FR,1442598.0,876.265,1.6463,no
2024-05,27101999,IT,GB,7582.0,1.133,6.692,no
2024-05,27101999,IT,GR,7271066.0,14179.678,0.5128,no
2024-05,27101999,IT,HR,11816.0,2.531,4.6685,no
2024-05,27101999,IT,HU,865124.0,913.911,0.9466,no
2024-05,27101999,IT,IN,45805.0,39.83,1.15,no
2024-05,27101999,IT,JP,60069.0,9.08,6.6155,no
2024-05,27101999,IT,LU,72.0,0.1,0.72,no
2024-05,27101999,IT,LV,2064.0,1.03,2.0039,no
2024-05,27101999,IT,MY,5095216.0,4083.354,1.2478,no
2024-05,27101999,IT,NL,13570622.0,7714.016,1.7592,no
2024-05,27101999,IT,NO,3034.0,0.024,126.4167,no
2024-05,27101999,IT,PL,1706395.0,1904.821,0.8958,no
2024-05,27101999,IT,PT,128057.0,119.65,1.0703,no
2024-05,27101999,IT,RO,1972.0,0.65,3.0338,no
2024-05,27101999,IT,SE,75979.0,40.68,1.8677,no
2024-05,27101999,IT,SI,172905.0,195.378,0.885,no
2024-05,27101999,IT,SK,77813.0,51.63,1.5071,no
2024-05,27101999,IT,TR,10052.0,3.575,2.8117,no
2024-05,27101999,IT,US,1262606.0,1084.231,1.1645,no
2024-05,27101999,IT,UZ,843691.0,1078.265,0.7825,no
2024-06,27101971,IT,DE,10177.0,3.649,2.789,no
2024-06,27101971,IT,FR,3094.0,0.005,618.8,no
2024-06,27101971,IT,IN,44301.0,39.78,1.1137,no
2024-06,27101971,IT,NL,111.0,0.005,22.2,no
2024-06,27101971,IT,TW,237376.0,200.61,1.1833,no
2024-06,27101971,IT,US,680656.0,727.359,0.9358,no
2024-06,27101981,IT,AL,18785.0,5.952,3.1561,no
2024-06,27101981,IT,AT,530037.0,142.54,3.7185,no
2024-06,27101981,IT,BE,3120099.0,1010.848,3.0866,no
2024-06,27101981,IT,CZ,50343.0,8.216,6.1274,no
2024-06,27101981,IT,DE,3405554.0,971.232,3.5064,no
2024-06,27101981,IT,ES,2839810.0,987.683,2.8752,no
2024-06,27101981,IT,FR,3836217.0,1351.08,2.8394,no
2024-06,27101981,IT,GB,17461.0,4.284,4.0759,no
2024-06,27101981,IT,HR,205900.0,69.874,2.9467,no
2024-06,27101981,IT,HU,170943.0,75.457,2.2654,no
2024-06,27101981,IT,IE,160.0,0.01,16.0,no
2024-06,27101981,IT,LT,83462.0,14.052,5.9395,no
2024-06,27101981,IT,NL,2192295.0,790.654,2.7728,no
2024-06,27101981,IT,PL,92231.0,19.807,4.6565,no
2024-06,27101981,IT,QV,15667.0,4.224,3.709,no
2024-06,27101981,IT,SE,327769.0,127.26,2.5756,no
2024-06,27101981,IT,SI,63443.0,8.392,7.5599,no
2024-06,27101981,IT,SK,2688.0,1.011,2.6588,no
2024-06,27101981,IT,TR,29189.0,10.986,2.6569,no
2024-06,27101981,IT,US,41228.0,6.986,5.9015,no
2024-06,27101983,IT,AT,71878.0,14.787,4.8609,no
2024-06,27101983,IT,BE,133900.0,34.706,3.8581,no
2024-06,27101983,IT,CZ,20550.0,5.28,3.892,no
2024-06,27101983,IT,DE,528832.0,207.187,2.5524,no
2024-06,27101983,IT,EG,119670.0,105.6,1.1332,no
2024-06,27101983,IT,ES,223283.0,111.054,2.0106,no
2024-06,27101983,IT,FR,148112.0,62.116,2.3844,no
2024-06,27101983,IT,GB,4294.0,0.082,52.3659,no
2024-06,27101983,IT,HR,19210.0,8.531,2.2518,no
2024-06,27101983,IT,HU,169021.0,99.759,1.6943,no
2024-06,27101983,IT,LT,3435.0,0.721,4.7642,no
2024-06,27101983,IT,LU,247.0,0.041,6.0244,no
2024-06,27101983,IT,NL,176606.0,86.998,2.03,no
2024-06,27101983,IT,PL,3151.0,0.777,4.0553,no
2024-06,27101983,IT,QV,5623.0,2.862,1.9647,no
2024-06,27101983,IT,SE,52972.0,21.673,2.4441,no
2024-06,27101983,IT,SI,3062.0,1.602,1.9114,no
2024-06,27101983,IT,US,4768.0,0.04,119.2,no
2024-06,27101985,IT,AT,5155.0,1.547,3.3323,no
2024-06,27101985,IT,BE,116689.0,73.774,1.5817,no
2024-06,27101985,IT,CN,5838.0,0.943,6.1909,no
2024-06,27101985,IT,CZ,18.0,0.001,18.0,no
2024-06,27101985,IT,DE,345821.0,194.729,1.7759,no
2024-06,27101985,IT,ES,24858.0,9.646,2.577,no
2024-06,27101985,IT,FR,282764.0,203.595,1.3889,no
2024-06,27101985,IT,GB,2650.0,0.174,15.2299,no
2024-06,27101985,IT,HU,1572.0,0.723,2.1743,no
2024-06,27101985,IT,IN,385237.0,339.66,1.1342,no
2024-06,27101985,IT,LU,31.0,0.001,31.0,no
2024-06,27101985,IT,NL,253297.0,106.731,2.3732,no
2024-06,27101985,IT,PT,864.0,0.12,7.2,no
2024-06,27101985,IT,TR,1936.0,0.202,9.5842,no
2024-06,27101987,IT,AT,37465.0,4.481,8.3609,no
2024-06,27101987,IT,BE,153838.0,44.444,3.4614,no
2024-06,27101987,IT,CA,2655.0,0.131,20.2672,no
2024-06,27101987,IT,CN,3346.0,0.302,11.0795,no
2024-06,27101987,IT,CZ,8239.0,1.447,5.6938,no
2024-06,27101987,IT,DE,547787.0,90.349,6.063,no
2024-06,27101987,IT,ES,105879.0,35.678,2.9676,no
2024-06,27101987,IT,FR,664079.0,134.489,4.9378,no
2024-06,27101987,IT,GB,67713.0,4.646,14.5745,no
2024-06,27101987,IT,GR,4160.0,1.288,3.2298,no
2024-06,27101987,IT,HR,1664.0,0.552,3.0145,no
2024-06,27101987,IT,HU,12330.0,4.117,2.9949,no
2024-06,27101987,IT,LT,11806.0,1.54,7.6662,no
2024-06,27101987,IT,NL,226538.0,58.347,3.8826,no
2024-06,27101987,IT,PL,18128.0,2.342,7.7404,no
2024-06,27101987,IT,SE,50983.0,11.172,4.5635,no
2024-06,27101987,IT,TR,2506.0,1.156,2.1678,no
2024-06,27101987,IT,US,13950.0,1.617,8.6271,no
2024-06,27101991,IT,AT,7565.0,1.766,4.2837,no
2024-06,27101991,IT,BE,4126.0,0.847,4.8713,no
2024-06,27101991,IT,DE,274451.0,94.694,2.8983,no
2024-06,27101991,IT,ES,28804.0,11.672,2.4678,no
2024-06,27101991,IT,FR,224990.0,64.089,3.5106,no
2024-06,27101991,IT,GB,326418.0,154.7,2.11,no
2024-06,27101991,IT,HR,260.0,0.088,2.9545,no
2024-06,27101991,IT,MX,26411.0,4.81,5.4909,no
2024-06,27101991,IT,NL,6863.0,0.997,6.8837,no
2024-06,27101991,IT,SE,3695.0,0.629,5.8744,no
2024-06,27101993,IT,AT,8710.0,1.6,5.4437,no
2024-06,27101993,IT,BE,252951.0,135.362,1.8687,no
2024-06,27101993,IT,DE,81799.0,56.384,1.4507,no
2024-06,27101993,IT,ES,961.0,0.515,1.866,no
2024-06,27101993,IT,FR,198629.0,150.26,1.3219,no
2024-06,27101993,IT,GB,536279.0,151.92,3.53,no
2024-06,27101993,IT,NL,56.0,0.006,9.3333,no
2024-06,27101993,IT,US,1676.0,0.062,27.0323,no
2024-06,27101999,IT,AL,27965.0,23.5,1.19,no
2024-06,27101999,IT,AT,140012.0,117.82,1.1884,no
2024-06,27101999,IT,BE,8078100.0,6533.649,1.2364,no
2024-06,27101999,IT,BG,27730.0,18.626,1.4888,no
2024-06,27101999,IT,CA,7622.0,0.665,11.4617,no
2024-06,27101999,IT,CH,133877.0,24.589,5.4446,no
2024-06,27101999,IT,CN,10454.0,0.455,22.9758,no
2024-06,27101999,IT,CZ,20222.0,13.508,1.497,no
2024-06,27101999,IT,DE,4065282.0,2473.01,1.6439,no
2024-06,27101999,IT,DK,72.0,0.1,0.72,no
2024-06,27101999,IT,EE,1412.0,0.141,10.0142,no
2024-06,27101999,IT,EG,189018.0,243.27,0.777,no
2024-06,27101999,IT,ES,10242791.0,8207.108,1.248,no
2024-06,27101999,IT,FR,989280.0,629.999,1.5703,no
2024-06,27101999,IT,GB,6921198.0,6532.113,1.0596,no
2024-06,27101999,IT,GR,11552476.0,19000.337,0.608,no
2024-06,27101999,IT,HR,11867.0,3.155,3.7613,no
2024-06,27101999,IT,HU,702284.0,709.321,0.9901,no
2024-06,27101999,IT,IN,25485.0,20.0,1.2743,no
2024-06,27101999,IT,JP,13642.0,0.39,34.9795,no
2024-06,27101999,IT,LU,8.0,0.001,8.0,no
2024-06,27101999,IT,LV,2657.0,1.33,1.9977,no
2024-06,27101999,IT,NL,11900186.0,10658.047,1.1165,no
2024-06,27101999,IT,PL,2174583.0,2219.873,0.9796,no
2024-06,27101999,IT,PT,128057.0,119.65,1.0703,no
2024-06,27101999,IT,RO,186.0,0.041,4.5366,no
2024-06,27101999,IT,SE,142461.0,96.156,1.4816,no
2024-06,27101999,IT,SI,59763.0,9.853,6.0655,no
2024-06,27101999,IT,SK,9120.0,1.632,5.5882,no
2024-06,27101999,IT,TR,8545.0,3.168,2.6973,no
2024-06,27101999,IT,US,1998419.0,1926.511,1.0373,no
2024-07,27101971,IT,BE,1136.0,0.054,21.037,no
2024-07,27101971,IT,DE,4266.0,1.67,2.5545,no
2024-07,27101971,IT,FR,2826.0,0.006,471.0,no
2024-07,27101971,IT,PL,202.0,0.009,22.4444,no
2024-07,27101971,IT,TW,251024.0,200.81,1.2501,no
2024-07,27101971,IT,US,708011.0,707.646,1.0005,no
2024-07,27101981,IT,AL,148722.0,57.108,2.6042,no
2024-07,27101981,IT,AT,890026.0,331.093,2.6881,no
2024-07,27101981,IT,BE,6625847.0,2301.217,2.8793,no
2024-07,27101981,IT,CZ,82743.0,15.918,5.1981,no
2024-07,27101981,IT,DE,3409937.0,906.014,3.7637,no
2024-07,27101981,IT,ES,3261613.0,1173.883,2.7785,no
2024-07,27101981,IT,FR,4375798.0,1567.128,2.7922,no
2024-07,27101981,IT,GB,165810.0,42.477,3.9035,no
2024-07,27101981,IT,GR,51426.0,12.933,3.9763,no
2024-07,27101981,IT,HR,155642.0,53.461,2.9113,no
2024-07,27101981,IT,HU,39898.0,23.12,1.7257,no
2024-07,27101981,IT,LT,65041.0,10.859,5.9896,no
2024-07,27101981,IT,NL,2804557.0,921.695,3.0428,no
2024-07,27101981,IT,PL,74604.0,13.888,5.3718,no
2024-07,27101981,IT,QV,57790.0,22.734,2.542,no
2024-07,27101981,IT,SE,236791.0,79.34,2.9845,no
2024-07,27101981,IT,SI,296655.0,42.634,6.9582,no
2024-07,27101981,IT,SK,2716.0,1.015,2.6759,no
2024-07,27101981,IT,TR,113386.0,49.897,2.2724,no
2024-07,27101981,IT,US,93912.0,28.099,3.3422,no
2024-07,27101981,IT,XS,2084.0,0.4,5.21,no
2024-07,27101983,IT,AT,73350.0,47.68,1.5384,no
2024-07,27101983,IT,BE,215585.0,61.092,3.5289,no
2024-07,27101983,IT,CZ,43722.0,12.143,3.6006,no
2024-07,27101983,IT,DE,576312.0,274.731,2.0977,no
2024-07,27101983,IT,DK,11094.0,1.225,9.0563,no
2024-07,27101983,IT,EG,75356.0,66.0,1.1418,no
2024-07,27101983,IT,ES,454989.0,244.342,1.8621,no
2024-07,27101983,IT,FR,222865.0,97.166,2.2937,no
2024-07,27101983,IT,GB,5484.0,1.018,5.387,no
2024-07,27101983,IT,HR,7683.0,3.313,2.319,no
2024-07,27101983,IT,HU,128626.0,87.304,1.4733,no
2024-07,27101983,IT,LT,6955.0,1.496,4.6491,no
2024-07,27101983,IT,MT,2051.0,0.449,4.5679,no
2024-07,27101983,IT,NL,109725.0,54.666,2.0072,no
2024-07,27101983,IT,PL,28953.0,6.231,4.6466,no
2024-07,27101983,IT,QV,3163.0,1.61,1.9646,no
2024-07,27101983,IT,SE,52293.0,16.793,3.114,no
2024-07,27101983,IT,SI,4208.0,1.933,2.1769,no
2024-07,27101983,IT,TR,3756.0,1.688,2.2251,no
2024-07,27101985,IT,AT,17.0,0.004,4.25,no
2024-07,27101985,IT,BE,120891.0,76.498,1.5803,no
2024-07,27101985,IT,CN,4610.0,0.725,6.3586,no
2024-07,27101985,IT,DE,268270.0,113.311,2.3676,no
2024-07,27101985,IT,ES,681276.0,551.85,1.2345,no
2024-07,27101985,IT,FR,378353.0,135.665,2.7889,no
2024-07,27101985,IT,GB,1411.0,0.035,40.3143,no
2024-07,27101985,IT,HU,1440.0,0.68,2.1176,no
2024-07,27101985,IT,IN,405212.0,355.94,1.1384,no
2024-07,27101985,IT,NL,283847.0,131.694,2.1554,no
2024-07,27101987,IT,AL,4444.0,1.9,2.3389,no
2024-07,27101987,IT,AT,46750.0,9.888,4.728,no
2024-07,27101987,IT,BE,278881.0,90.899,3.068,no
2024-07,27101987,IT,CZ,16957.0,2.338,7.2528,no
2024-07,27101987,IT,DE,557035.0,109.457,5.0891,no
2024-07,27101987,IT,DK,36492.0,2.738,13.328,no
2024-07,27101987,IT,ES,86739.0,26.706,3.2479,no
2024-07,27101987,IT,FR,586673.0,124.263,4.7212,no
2024-07,27101987,IT,GB,26951.0,1.406,19.1686,no
2024-07,27101987,IT,GR,1557.0,0.182,8.5549,no
2024-07,27101987,IT,HR,1040.0,0.372,2.7957,no
2024-07,27101987,IT,HU,8800.0,2.995,2.9382,no
2024-07,27101987,IT,LT,3026.0,0.4,7.565,no
2024-07,27101987,IT,MT,32018.0,5.714,5.6034,no
2024-07,27101987,IT,NL,635540.0,108.96,5.8328,no
2024-07,27101987,IT,PL,14937.0,1.939,7.7035,no
2024-07,27101987,IT,SE,44344.0,11.099,3.9953,no
2024-07,27101987,IT,SI,6528.0,0.863,7.5643,no
2024-07,27101987,IT,TR,38773.0,20.601,1.8821,no
2024-07,27101987,IT,US,12502.0,1.274,9.8132,no
2024-07,27101991,IT,AT,19989.0,5.491,3.6403,no
2024-07,27101991,IT,BE,1268.0,0.22,5.7636,no
2024-07,27101991,IT,DE,616848.0,176.004,3.5047,no
2024-07,27101991,IT,ES,124899.0,21.696,5.7568,no
2024-07,27101991,IT,FR,321306.0,82.429,3.898,no
2024-07,27101991,IT,GB,388810.0,184.27,2.11,no
2024-07,27101991,IT,HR,624.0,0.128,4.875,no
2024-07,27101991,IT,MX,53365.0,10.66,5.0061,no
2024-07,27101991,IT,NL,13871.0,1.624,8.5413,no
2024-07,27101991,IT,NO,1125.0,0.142,7.9225,no
2024-07,27101991,IT,PL,6.0,0.001,6.0,no
2024-07,27101991,IT,SE,3936.0,0.67,5.8746,no
2024-07,27101991,IT,US,1691.0,0.03,56.3667,no
2024-07,27101993,IT,BE,202906.0,107.938,1.8798,no
2024-07,27101993,IT,CH,1205.0,0.357,3.3754,no
2024-07,27101993,IT,DE,180922.0,132.246,1.3681,no
2024-07,27101993,IT,ES,203.0,0.113,1.7965,no
2024-07,27101993,IT,FR,166678.0,51.857,3.2142,no
2024-07,27101993,IT,GB,673210.0,227.72,2.9563,no
2024-07,27101999,IT,AE,79523.0,59.87,1.3283,no
2024-07,27101999,IT,AL,6458.0,5.088,1.2693,no
2024-07,27101999,IT,AT,286503.0,218.831,1.3092,no
2024-07,27101999,IT,AZ,237851.0,224.38,1.06,no
2024-07,27101999,IT,BE,13315182.0,10427.937,1.2769,no
2024-07,27101999,IT,BG,12.0,0.011,1.0909,no
2024-07,27101999,IT,CH,191953.0,41.855,4.5861,no
2024-07,27101999,IT,CI,3645.0,0.246,14.8171,no
2024-07,27101999,IT,CZ,20977.0,12.079,1.7367,no
2024-07,27101999,IT,DE,4856136.0,2999.284,1.6191,no
2024-07,27101999,IT,DK,535.0,0.33,1.6212,no
2024-07,27101999,IT,EE,808.0,0.61,1.3246,no
2024-07,27101999,IT,EG,200582.0,243.92,0.8223,no
2024-07,27101999,IT,ES,39779549.0,31532.268,1.2616,no
2024-07,27101999,IT,FI,46.0,0.1,0.46,no
2024-07,27101999,IT,FR,1310448.0,764.457,1.7142,no
2024-07,27101999,IT,GB,13582.0,0.728,18.6566,no
2024-07,27101999,IT,GR,7049728.0,14330.719,0.4919,no
2024-07,27101999,IT,HR,14069.0,2.446,5.7518,no
2024-07,27101999,IT,HU,548788.0,574.14,0.9558,no
2024-07,27101999,IT,IN,20590.0,19.5,1.0559,no
2024-07,27101999,IT,JP,15847.0,0.578,27.417,no
2024-07,27101999,IT,KR,15025.0,0.43,34.9419,no
2024-07,27101999,IT,LU,955.0,0.724,1.3191,no
2024-07,27101999,IT,LV,4712.0,2.37,1.9882,no
2024-07,27101999,IT,MY,5620159.0,4596.996,1.2226,no
2024-07,27101999,IT,NL,13900412.0,7525.529,1.8471,no
2024-07,27101999,IT,PL,2136694.0,2183.735,0.9785,no
2024-07,27101999,IT,PT,53895.0,5.295,10.1785,no
2024-07,27101999,IT,RO,3665.0,1.04,3.524,no
2024-07,27101999,IT,SE,67868.0,35.986,1.886,no
2024-07,27101999,IT,SG,3656.0,0.03,121.8667,no
2024-07,27101999,IT,SI,166428.0,26.489,6.2829,no
2024-07,27101999,IT,SK,42.0,0.008,5.25,no
2024-07,27101999,IT,TR,19131.0,7.517,2.545,no
2024-07,27101999,IT,US,1293212.0,1197.765,1.0797,no
2024-07,27101999,IT,UZ,19268.0,17.76,1.0849,no
2024-08,27101971,IT,DE,10875.0,3.352,3.2443,no
2024-08,27101971,IT,US,1061789.0,1092.877,0.9716,no
2024-08,27101981,IT,AT,209997.0,34.063,6.165,no
2024-08,27101981,IT,BE,1336087.0,394.878,3.3835,no
2024-08,27101981,IT,CH,2350.0,0.037,63.5135,no
2024-08,27101981,IT,CZ,14164.0,2.479,5.7136,no
2024-08,27101981,IT,DE,2300111.0,655.551,3.5087,no
2024-08,27101981,IT,ES,1896500.0,693.504,2.7347,no
2024-08,27101981,IT,FR,2249718.0,1007.049,2.234,no
2024-08,27101981,IT,GB,6954.0,0.001,6954.0,no
2024-08,27101981,IT,GR,139450.0,64.985,2.1459,no
2024-08,27101981,IT,HU,196016.0,92.927,2.1094,no
2024-08,27101981,IT,IE,543.0,0.12,4.525,no
2024-08,27101981,IT,LT,73420.0,12.238,5.9993,no
2024-08,27101981,IT,NL,1512419.0,610.767,2.4763,no
2024-08,27101981,IT,PL,83221.0,14.81,5.6192,no
2024-08,27101981,IT,QV,400.0,0.115,3.4783,no
2024-08,27101981,IT,RO,271.0,0.052,5.2115,no
2024-08,27101981,IT,SE,159902.0,83.864,1.9067,no
2024-08,27101981,IT,SI,49847.0,6.74,7.3957,no
2024-08,27101981,IT,SK,85.0,0.01,8.5,no
2024-08,27101981,IT,TR,24972.0,8.705,2.8687,no
2024-08,27101981,IT,UA,5840.0,2.618,2.2307,no
2024-08,27101981,IT,US,12847.0,0.543,23.6593,no
2024-08,27101983,IT,AT,26165.0,4.839,5.4071,no
2024-08,27101983,IT,BE,146765.0,34.264,4.2834,no
2024-08,27101983,IT,CN,19663.0,1.039,18.9249,no
2024-08,27101983,IT,CZ,20563.0,6.225,3.3033,no
2024-08,27101983,IT,DE,341953.0,145.248,2.3543,no
2024-08,27101983,IT,DK,6576.0,0.919,7.1556,no
2024-08,27101983,IT,ES,132753.0,66.725,1.9896,no
2024-08,27101983,IT,FI,1557.0,0.454,3.4295,no
2024-08,27101983,IT,FR,141415.0,84.794,1.6677,no
2024-08,27101983,IT,GR,1513.0,0.732,2.0669,no
2024-08,27101983,IT,HU,197113.0,130.536,1.51,no
2024-08,27101983,IT,LT,4536.0,0.932,4.867,no
2024-08,27101983,IT,NL,210805.0,126.685,1.664,no
2024-08,27101983,IT,PL,4666.0,1.115,4.1848,no
2024-08,27101983,IT,SE,57206.0,24.419,2.3427,no
2024-08,27101983,IT,SI,435.0,0.27,1.6111,no
2024-08,27101983,IT,TR,5899.0,2.596,2.2723,no
2024-08,27101985,IT,AT,2287.0,0.807,2.834,no
2024-08,27101985,IT,BE,104081.0,55.641,1.8706,no
2024-08,27101985,IT,DE,674072.0,389.655,1.7299,no
2024-08,27101985,IT,ES,44368.0,31.24,1.4202,no
2024-08,27101985,IT,FR,173552.0,111.703,1.5537,no
2024-08,27101985,IT,HU,1451.0,0.68,2.1338,no
2024-08,27101985,IT,IN,22883.0,20.1,1.1385,no
2024-08,27101985,IT,NL,161595.0,86.93,1.8589,no
2024-08,27101985,IT,SE,269.0,0.004,67.25,no
2024-08,27101985,IT,SI,1505.0,0.1,15.05,no
2024-08,27101987,IT,AT,7882.0,1.215,6.4872,no
2024-08,27101987,IT,BE,125984.0,40.877,3.082,no
2024-08,27101987,IT,CZ,7106.0,0.77,9.2286,no
2024-08,27101987,IT,DE,390496.0,80.365,4.859,no
2024-08,27101987,IT,DK,6753.0,0.504,13.3988,no
2024-08,27101987,IT,ES,44607.0,20.249,2.2029,no
2024-08,27101987,IT,FR,530355.0,133.121,3.984,no
2024-08,27101987,IT,GB,3879.0,0.595,6.5193,no
2024-08,27101987,IT,GR,1545.0,0.74,2.0878,no
2024-08,27101987,IT,HU,20861.0,8.61,2.4229,no
2024-08,27101987,IT,LT,9090.0,1.204,7.5498,no
2024-08,27101987,IT,NL,321877.0,73.553,4.3761,no
2024-08,27101987,IT,PL,6874.0,0.686,10.0204,no
2024-08,27101987,IT,RO,17.0,0.002,8.5,no
2024-08,27101987,IT,SE,57694.0,14.417,4.0018,no
2024-08,27101987,IT,SI,5437.0,0.7,7.7671,no
2024-08,27101987,IT,TR,39457.0,20.897,1.8882,no
2024-08,27101991,IT,AT,8455.0,1.911,4.4244,no
2024-08,27101991,IT,CZ,28.0,0.006,4.6667,no
2024-08,27101991,IT,DE,271091.0,79.264,3.4201,no
2024-08,27101991,IT,ES,49749.0,8.472,5.8722,no
2024-08,27101991,IT,FR,229122.0,72.027,3.1811,no
2024-08,27101991,IT,GB,116092.0,55.02,2.11,no
2024-08,27101991,IT,MX,22811.0,5.02,4.544,no
2024-08,27101991,IT,US,1570.0,0.337,4.6588,no
2024-08,27101993,IT,BE,117158.0,54.204,2.1614,no
2024-08,27101993,IT,DE,147313.0,110.939,1.3279,no
2024-08,27101993,IT,FR,155590.0,117.0,1.3298,no
2024-08,27101993,IT,GB,142044.0,55.02,2.5817,no
2024-08,27101999,IT,AT,82019.0,51.858,1.5816,no
2024-08,27101999,IT,AZ,123084.0,121.34,1.0144,no
2024-08,27101999,IT,BE,3681822.0,2808.689,1.3109,no
2024-08,27101999,IT,BG,31699.0,21.314,1.4872,no
2024-08,27101999,IT,CA,3433.0,0.234,14.6709,no
2024-08,27101999,IT,CH,55591.0,14.338,3.8772,no
2024-08,27101999,IT,CN,4509.0,0.317,14.224,no
2024-08,27101999,IT,CZ,7557.0,4.284,1.764,no
2024-08,27101999,IT,DE,1974959.0,1064.793,1.8548,no
2024-08,27101999,IT,DK,3179.0,2.5,1.2716,no
2024-08,27101999,IT,EG,258753.0,303.93,0.8514,no
2024-08,27101999,IT,ES,7160028.0,5344.073,1.3398,no
2024-08,27101999,IT,FR,1268827.0,730.001,1.7381,no
2024-08,27101999,IT,GB,3207074.0,2708.447,1.1841,no
2024-08,27101999,IT,GR,7124510.0,4234.259,1.6826,no
2024-08,27101999,IT,HU,254774.0,267.065,0.954,no
2024-08,27101999,IT,JP,28291.0,7.045,4.0158,no
2024-08,27101999,IT,LU,4404.0,0.433,10.1709,no
2024-08,27101999,IT,LV,157.0,0.08,1.9625,no
2024-08,27101999,IT,NL,11265868.0,10034.832,1.1227,no
2024-08,27101999,IT,PL,1494865.0,1514.629,0.987,no
2024-08,27101999,IT,PT,435688.0,41.894,10.3998,no
2024-08,27101999,IT,SA,17010.0,21.0,0.81,no
2024-08,27101999,IT,SE,61682.0,42.152,1.4633,no
2024-08,27101999,IT,SI,104584.0,45.387,2.3043,no
2024-08,27101999,IT,TM,42895.0,43.067,0.996,no
2024-08,27101999,IT,TR,14486.0,5.955,2.4326,no
2024-08,27101999,IT,US,1752633.0,1606.027,1.0913,no
2024-09,27101971,IT,BE,665.0,0.001,665.0,no
2024-09,27101971,IT,DE,4266.0,1.67,2.5545,no
2024-09,27101971,IT,FR,4329.0,0.089,48.6404,no
2024-09,27101971,IT,US,1179676.0,1088.972,1.0833,no
2024-09,27101981,IT,AT,738612.0,163.292,4.5233,no
2024-09,27101981,IT,BE,5170785.0,1837.919,2.8134,no
2024-09,27101981,IT,CZ,29173.0,4.402,6.6272,no
2024-09,27101981,IT,DE,4659091.0,1354.11,3.4407,no
2024-09,27101981,IT,ES,2656659.0,961.306,2.7636,no
2024-09,27101981,IT,FR,4859599.0,1868.76,2.6004,no
2024-09,27101981,IT,GB,103724.0,31.404,3.3029,no
2024-09,27101981,IT,GR,220429.0,81.11,2.7177,no
2024-09,27101981,IT,HR,41134.0,12.402,3.3167,no
2024-09,27101981,IT,HU,122356.0,64.82,1.8876,no
2024-09,27101981,IT,IE,123.0,0.025,4.92,no
2024-09,27101981,IT,IN,1194.0,0.433,2.7575,no
2024-09,27101981,IT,LT,30700.0,5.017,6.1192,no
2024-09,27101981,IT,NL,1804502.0,671.187,2.6885,no
2024-09,27101981,IT,PL,57760.0,14.383,4.0159,no
2024-09,27101981,IT,QV,14483.0,3.162,4.5803,no
2024-09,27101981,IT,RO,1396.0,0.223,6.2601,no
2024-09,27101981,IT,SE,123682.0,61.506,2.0109,no
2024-09,27101981,IT,SI,217924.0,31.09,7.0095,no
2024-09,27101981,IT,SK,1552.0,0.4,3.88,no
2024-09,27101981,IT,TR,30967.0,15.382,2.0132,no
2024-09,27101981,IT,UA,1227.0,0.525,2.3371,no
2024-09,27101981,IT,US,20958.0,1.297,16.1588,no
2024-09,27101983,IT,AT,19202.0,3.689,5.2052,no
2024-09,27101983,IT,BE,306567.0,136.502,2.2459,no
2024-09,27101983,IT,CZ,24374.0,5.065,4.8122,no
2024-09,27101983,IT,DE,427403.0,180.873,2.363,no
2024-09,27101983,IT,DK,230328.0,127.78,1.8025,no
2024-09,27101983,IT,ES,284329.0,133.35,2.1322,no
2024-09,27101983,IT,FR,145410.0,55.46,2.6219,no
2024-09,27101983,IT,GB,28244.0,8.085,3.4934,no
2024-09,27101983,IT,HR,6879.0,3.031,2.2695,no
2024-09,27101983,IT,HU,55274.0,42.416,1.3031,no
2024-09,27101983,IT,LT,4439.0,0.836,5.3098,no
2024-09,27101983,IT,NL,72030.0,27.756,2.5951,no
2024-09,27101983,IT,PL,20579.0,7.232,2.8455,no
2024-09,27101983,IT,RO,280.0,0.057,4.9123,no
2024-09,27101983,IT,SE,31272.0,10.18,3.0719,no
2024-09,27101983,IT,SI,2358.0,0.635,3.7134,no
2024-09,27101985,IT,AT,3621.0,0.723,5.0083,no
2024-09,27101985,IT,BE,81344.0,50.032,1.6258,no
2024-09,27101985,IT,CZ,63.0,0.009,7.0,no
2024-09,27101985,IT,DE,374725.0,176.249,2.1261,no
2024-09,27101985,IT,ES,287865.0,213.272,1.3498,no
2024-09,27101985,IT,FR,233660.0,151.357,1.5438,no
2024-09,27101985,IT,IN,46525.0,36.65,1.2694,no
2024-09,27101985,IT,NL,241532.0,126.507,1.9092,no
2024-09,27101985,IT,PL,2.0,0.001,2.0,no
2024-09,27101985,IT,SE,610.0,0.004,152.5,no
2024-09,27101987,IT,AT,11207.0,1.427,7.8535,no
2024-09,27101987,IT,BE,189850.0,63.192,3.0043,no
2024-09,27101987,IT,CH,1521.0,0.36,4.225,no
2024-09,27101987,IT,CZ,9802.0,1.148,8.5383,no
2024-09,27101987,IT,DE,802234.0,137.432,5.8373,no
2024-09,27101987,IT,DK,797.0,0.072,11.0694,no
2024-09,27101987,IT,ES,132130.0,43.098,3.0658,no
2024-09,27101987,IT,FI,200.0,0.05,4.0,no
2024-09,27101987,IT,FR,822473.0,210.105,3.9146,no
2024-09,27101987,IT,GB,42410.0,2.451,17.3031,no
2024-09,27101987,IT,GR,1725.0,0.899,1.9188,no
2024-09,27101987,IT,HR,1734.0,0.59,2.939,no
2024-09,27101987,IT,HU,6198.0,2.334,2.6555,no
2024-09,27101987,IT,KR,12222.0,0.496,24.6411,no
2024-09,27101987,IT,LT,3449.0,0.454,7.5969,no
2024-09,27101987,IT,NL,335367.0,77.389,4.3335,no
2024-09,27101987,IT,PL,35269.0,8.768,4.0225,no
2024-09,27101987,IT,SE,31771.0,4.41,7.2043,no
2024-09,27101987,IT,SI,9390.0,1.236,7.5971,no
2024-09,27101987,IT,US,15989.0,1.527,10.4709,no
2024-09,27101991,IT,AT,19641.0,3.181,6.1745,no
2024-09,27101991,IT,BE,27920.0,7.146,3.9071,no
2024-09,27101991,IT,CZ,12.0,0.002,6.0,no
2024-09,27101991,IT,DE,314497.0,104.247,3.0168,no
2024-09,27101991,IT,DK,19.0,0.002,9.5,no
2024-09,27101991,IT,ES,133060.0,22.861,5.8204,no
2024-09,27101991,IT,FR,291727.0,75.438,3.8671,no
2024-09,27101991,IT,GB,220826.0,103.712,2.1292,no
2024-09,27101991,IT,MX,58236.0,11.636,5.0048,no
2024-09,27101991,IT,NL,4656.0,0.51,9.1294,no
2024-09,27101991,IT,SE,1986.0,0.338,5.8757,no
2024-09,27101993,IT,AT,780.0,0.6,1.3,no
2024-09,27101993,IT,BE,128520.0,83.436,1.5403,no
2024-09,27101993,IT,CH,2624.0,0.757,3.4663,no
2024-09,27101993,IT,DE,71284.0,52.826,1.3494,no
2024-09,27101993,IT,FR,306089.0,233.18,1.3127,no
2024-09,27101993,IT,GB,549693.0,194.191,2.8307,no
2024-09,27101993,IT,TR,12302.0,8.614,1.4281,no
2024-09,27101999,IT,AL,51984.0,43.35,1.1992,no
2024-09,27101999,IT,AT,55847.0,36.731,1.5204,no
2024-09,27101999,IT,BE,11351309.0,8792.797,1.291,no
2024-09,27101999,IT,BG,5158.0,1.677,3.0757,no
2024-09,27101999,IT,CH,99123.0,22.391,4.4269,no
2024-09,27101999,IT,CN,8231.0,0.585,14.0701,no
2024-09,27101999,IT,CZ,22327.0,12.818,1.7418,no
2024-09,27101999,IT,DE,3910772.0,2116.304,1.8479,no
2024-09,27101999,IT,DK,20719.0,9.162,2.2614,no
2024-09,27101999,IT,EG,249331.0,326.02,0.7648,no
2024-09,27101999,IT,ES,12181459.0,8642.305,1.4095,no
2024-09,27101999,IT,FR,1143827.0,583.488,1.9603,no
2024-09,27101999,IT,GB,26905.0,2.777,9.6885,no
2024-09,27101999,IT,GR,402578.0,274.362,1.4673,no
2024-09,27101999,IT,HR,6126.0,1.414,4.3324,no
2024-09,27101999,IT,HU,456452.0,463.626,0.9845,no
2024-09,27101999,IT,JP,1353.0,0.045,30.0667,no
2024-09,27101999,IT,LT,374.0,0.25,1.496,no
2024-09,27101999,IT,LU,108.0,0.082,1.3171,no
2024-09,27101999,IT,LV,778.0,0.4,1.945,no
2024-09,27101999,IT,MY,1153.0,0.057,20.2281,no
2024-09,27101999,IT,NL,16244857.0,14473.426,1.1224,no
2024-09,27101999,IT,PL,2660990.0,2727.134,0.9757,no
2024-09,27101999,IT,PT,273480.0,245.03,1.1161,no
2024-09,27101999,IT,SE,41309.0,23.14,1.7852,no
2024-09,27101999,IT,SI,48682.0,7.664,6.352,no
2024-09,27101999,IT,US,1368198.0,1136.456,1.2039,no
2024-10,27101971,IT,DE,4912.0,1.678,2.9273,no
2024-10,27101971,IT,FR,243.0,0.004,60.75,no
2024-10,27101981,IT,AL,41295.0,17.81,2.3186,no
2024-10,27101981,IT,AT,573441.0,70.289,8.1583,no
2024-10,27101981,IT,BE,5535393.0,1976.124,2.8011,no
2024-10,27101981,IT,BG,7301.0,1.156,6.3157,no
2024-10,27101981,IT,CZ,57487.0,10.894,5.2769,no
2024-10,27101981,IT,DE,3070235.0,778.433,3.9441,no
2024-10,27101981,IT,DK,176409.0,22.002,8.0179,no
2024-10,27101981,IT,ES,3892736.0,1380.743,2.8193,no
2024-10,27101981,IT,FR,4603172.0,1770.382,2.6001,no
2024-10,27101981,IT,GB,71664.0,21.99,3.2589,no
2024-10,27101981,IT,GR,177507.0,31.526,5.6305,no
2024-10,27101981,IT,HR,143650.0,54.249,2.648,no
2024-10,27101981,IT,HU,162869.0,89.919,1.8113,no
2024-10,27101981,IT,LT,32076.0,5.076,6.3191,no
2024-10,27101981,IT,NL,2003298.0,722.47,2.7728,no
2024-10,27101981,IT,PL,86185.0,18.767,4.5924,no
2024-10,27101981,IT,QV,37290.0,15.663,2.3808,no
2024-10,27101981,IT,RO,648.0,0.099,6.5455,no
2024-10,27101981,IT,SE,287739.0,102.356,2.8112,no
2024-10,27101981,IT,SI,434260.0,56.325,7.7099,no
2024-10,27101981,IT,SK,11729.0,3.062,3.8305,no
2024-10,27101981,IT,TR,33475.0,14.725,2.2733,no
2024-10,27101981,IT,US,30089.0,7.323,4.1088,no
2024-10,27101983,IT,AT,76495.0,55.666,1.3742,no
2024-10,27101983,IT,BE,117637.0,38.576,3.0495,no
2024-10,27101983,IT,BG,4206.0,0.782,5.3785,no
2024-10,27101983,IT,CZ,17780.0,5.538,3.2105,no
2024-10,27101983,IT,DE,367366.0,160.424,2.29,no
2024-10,27101983,IT,DK,6157.0,0.946,6.5085,no
2024-10,27101983,IT,ES,284748.0,131.465,2.166,no
2024-10,27101983,IT,FR,107655.0,46.398,2.3203,no
2024-10,27101983,IT,HR,9394.0,4.152,2.2625,no
2024-10,27101983,IT,HU,115824.0,100.448,1.1531,no
2024-10,27101983,IT,JP,2693.0,0.056,48.0893,no
2024-10,27101983,IT,MT,845.0,0.192,4.401,no
2024-10,27101983,IT,NL,88086.0,38.525,2.2865,no
2024-10,27101983,IT,PL,27576.0,5.209,5.2939,no
2024-10,27101983,IT,QV,1524.0,0.716,2.1285,no
2024-10,27101983,IT,RO,229.0,0.055,4.1636,no
2024-10,27101983,IT,SE,52756.0,17.29,3.0512,no
2024-10,27101983,IT,SI,1867.0,1.053,1.773,no
2024-10,27101985,IT,AT,178.0,0.034,5.2353,no
2024-10,27101985,IT,BE,157008.0,101.501,1.5469,no
2024-10,27101985,IT,DE,515714.0,234.716,2.1972,no
2024-10,27101985,IT,ES,219978.0,157.99,1.3924,no
2024-10,27101985,IT,FR,245433.0,173.811,1.4121,no
2024-10,27101985,IT,HU,3611.0,1.702,2.1216,no
2024-10,27101985,IT,IN,353722.0,298.73,1.1841,no
2024-10,27101985,IT,NL,223591.0,92.424,2.4192,no
2024-10,27101985,IT,PT,220.0,0.04,5.5,no
2024-10,27101987,IT,AT,31298.0,11.146,2.808,no
2024-10,27101987,IT,BE,216941.0,67.603,3.209,no
2024-10,27101987,IT,CA,4068.0,0.202,20.1386,no
2024-10,27101987,IT,CZ,17284.0,2.552,6.7727,no
2024-10,27101987,IT,DE,540168.0,96.802,5.5801,no
2024-10,27101987,IT,DK,186.0,0.072,2.5833,no
2024-10,27101987,IT,ES,281334.0,112.173,2.508,no
2024-10,27101987,IT,FI,450.0,0.02,22.5,no
2024-10,27101987,IT,FR,578650.0,120.32,4.8093,no
2024-10,27101987,IT,GB,27201.0,1.44,18.8896,no
2024-10,27101987,IT,HR,2654.0,0.838,3.1671,no
2024-10,27101987,IT,HU,27823.0,6.799,4.0922,no
2024-10,27101987,IT,KR,7769.0,0.344,22.5843,no
2024-10,27101987,IT,LT,1749.0,0.231,7.5714,no
2024-10,27101987,IT,MT,12138.0,2.328,5.2139,no
2024-10,27101987,IT,NL,244203.0,66.538,3.6701,no
2024-10,27101987,IT,PL,17517.0,1.975,8.8694,no
2024-10,27101987,IT,SE,72838.0,13.364,5.4503,no
2024-10,27101987,IT,SI,9848.0,1.21,8.1388,no
2024-10,27101987,IT,TR,10334.0,4.172,2.477,no
2024-10,27101991,IT,AT,4104.0,1.328,3.0904,no
2024-10,27101991,IT,BE,4715.0,1.812,2.6021,no
2024-10,27101991,IT,CZ,15.0,0.002,7.5,no
2024-10,27101991,IT,DE,391855.0,120.394,3.2548,no
2024-10,27101991,IT,ES,90475.0,17.806,5.0812,no
2024-10,27101991,IT,FR,306663.0,81.341,3.7701,no
2024-10,27101991,IT,GB,390180.0,184.92,2.11,no
2024-10,27101991,IT,HR,618.0,0.19,3.2526,no
2024-10,27101991,IT,MX,44535.0,8.62,5.1665,no
2024-10,27101991,IT,NL,5264.0,1.556,3.383,no
2024-10,27101991,IT,NO,3052.0,0.104,29.3462,no
2024-10,27101991,IT,SE,11703.0,1.992,5.875,no
2024-10,27101991,IT,US,3127.0,0.09,34.7444,no
2024-10,27101993,IT,BE,288946.0,186.324,1.5508,no
2024-10,27101993,IT,DE,188152.0,167.604,1.1226,no
2024-10,27101993,IT,FR,292710.0,217.58,1.3453,no
2024-10,27101993,IT,GB,571075.0,185.12,3.0849,no
2024-10,27101993,IT,NL,692.0,0.333,2.0781,no
2024-10,27101999,IT,AE,51148.0,39.928,1.281,no
2024-10,27101999,IT,AT,107956.0,88.656,1.2177,no
2024-10,27101999,IT,BA,56279.0,54.12,1.0399,no
2024-10,27101999,IT,BE,13798148.0,11372.922,1.2132,no
2024-10,27101999,IT,CA,12368.0,1.061,11.6569,no
2024-10,27101999,IT,CH,87640.0,17.204,5.0942,no
2024-10,27101999,IT,CN,7122.0,0.758,9.3958,no
2024-10,27101999,IT,CY,128641.0,108.99,1.1803,no
2024-10,27101999,IT,CZ,22891.0,12.232,1.8714,no
2024-10,27101999,IT,DE,4641265.0,2944.802,1.5761,no
2024-10,27101999,IT,DK,4948.0,2.098,2.3584,no
2024-10,27101999,IT,EG,209560.0,263.79,0.7944,no
2024-10,27101999,IT,ES,10239812.0,7243.467,1.4137,no
2024-10,27101999,IT,ET,1407.0,0.048,29.3125,no
2024-10,27101999,IT,FR,1419677.0,766.606,1.8519,no
2024-10,27101999,IT,GB,3205814.0,2804.219,1.1432,no
2024-10,27101999,IT,GR,12074655.0,8269.115,1.4602,no
2024-10,27101999,IT,HR,7714.0,2.224,3.4685,no
2024-10,27101999,IT,HU,511889.0,550.124,0.9305,no
2024-10,27101999,IT,ID,15302.0,3.564,4.2935,no
2024-10,27101999,IT,JP,42170.0,1.936,21.782,no
2024-10,27101999,IT,LV,3906.0,1.95,2.0031,no
2024-10,27101999,IT,MY,4697613.0,4099.52,1.1459,no
2024-10,27101999,IT,NL,10217368.0,8484.221,1.2043,no
2024-10,27101999,IT,PL,2119103.0,2199.027,0.9637,no
2024-10,27101999,IT,PT,105588.0,94.7,1.115,no
2024-10,27101999,IT,RO,61.0,0.01,6.1,no
2024-10,27101999,IT,SE,82961.0,44.551,1.8622,no
2024-10,27101999,IT,SI,1251546.0,1876.571,0.6669,no
2024-10,27101999,IT,TR,11754.0,4.815,2.4411,no
2024-10,27101999,IT,US,709717.0,620.521,1.1437,no
2024-10,27101999,IT,UZ,178800.0,180.0,0.9933,no
2024-11,27101971,IT,DE,6255.0,2.219,2.8188,no
2024-11,27101971,IT,FR,38.0,0.001,38.0,no
2024-11,27101971,IT,US,945377.0,990.281,0.9547,no
2024-11,27101981,IT,AL,63616.0,25.46,2.4987,no
2024-11,27101981,IT,AT,572016.0,47.04,12.1602,no
2024-11,27101981,IT,BE,3891197.0,1329.317,2.9272,no
2024-11,27101981,IT,CZ,73694.0,14.96,4.9261,no
2024-11,27101981,IT,DE,2798708.0,760.335,3.6809,no
2024-11,27101981,IT,ES,1686422.0,608.01,2.7737,no
2024-11,27101981,IT,FR,3718509.0,1194.173,3.1139,no
2024-11,27101981,IT,GB,39389.0,12.339,3.1922,no
2024-11,27101981,IT,GR,30064.0,12.519,2.4015,no
2024-11,27101981,IT,HR,60627.0,20.22,2.9984,no
2024-11,27101981,IT,HU,164843.0,89.106,1.85,no
2024-11,27101981,IT,LT,38190.0,5.977,6.3895,no
2024-11,27101981,IT,NL,2071096.0,739.248,2.8016,no
2024-11,27101981,IT,PL,60464.0,9.497,6.3666,no
2024-11,27101981,IT,QV,12.0,0.003,4.0,no
2024-11,27101981,IT,RO,8613.0,1.307,6.5899,no
2024-11,27101981,IT,SE,259991.0,106.791,2.4346,no
2024-11,27101981,IT,SI,106251.0,15.775,6.7354,no
2024-11,27101981,IT,SK,255.0,0.02,12.75,no
2024-11,27101981,IT,TR,30115.0,11.653,2.5843,no
2024-11,27101981,IT,US,45016.0,9.86,4.5655,no
2024-11,27101983,IT,AT,12658.0,2.254,5.6158,no
2024-11,27101983,IT,BE,181515.0,55.643,3.2621,no
2024-11,27101983,IT,BG,3478.0,0.624,5.5737,no
2024-11,27101983,IT,CH,10200.0,1.1,9.2727,no
2024-11,27101983,IT,CZ,29908.0,6.29,4.7548,no
2024-11,27101983,IT,DE,434170.0,153.391,2.8305,no
2024-11,27101983,IT,DK,3972.0,0.864,4.5972,no
2024-11,27101983,IT,ES,200443.0,96.538,2.0763,no
2024-11,27101983,IT,FR,79556.0,33.2,2.3963,no
2024-11,27101983,IT,GB,4045.0,0.526,7.6901,no
2024-11,27101983,IT,GR,3454.0,1.436,2.4053,no
2024-11,27101983,IT,HR,2248.0,0.904,2.4867,no
2024-11,27101983,IT,HU,122047.0,84.436,1.4454,no
2024-11,27101983,IT,LT,1129.0,0.203,5.5616,no
2024-11,27101983,IT,NL,139758.0,73.619,1.8984,no
2024-11,27101983,IT,PL,946.0,0.198,4.7778,no
2024-11,27101983,IT,QV,2297.0,1.326,1.7323,no
2024-11,27101983,IT,RO,101.0,0.037,2.7297,no
2024-11,27101983,IT,SE,25271.0,10.947,2.3085,no
2024-11,27101983,IT,SI,1712.0,0.538,3.1822,no
2024-11,27101983,IT,SK,47767.0,22.2,2.1517,no
2024-11,27101983,IT,TR,3314.0,1.848,1.7933,no
2024-11,27101983,IT,US,6565.0,0.398,16.495,no
2024-11,27101985,IT,AT,105.0,0.014,7.5,no
2024-11,27101985,IT,BE,187671.0,120.206,1.5612,no
2024-11,27101985,IT,CZ,26.0,0.003,8.6667,no
2024-11,27101985,IT,DE,749455.0,526.465,1.4236,no
2024-11,27101985,IT,ES,156849.0,116.099,1.351,no
2024-11,27101985,IT,FR,425362.0,292.924,1.4521,no
2024-11,27101985,IT,HU,1359.0,0.68,1.9985,no
2024-11,27101985,IT,IN,207900.0,177.98,1.1681,no
2024-11,27101985,IT,NL,294591.0,136.587,2.1568,no
2024-11,27101985,IT,PL,4.0,0.001,4.0,no
2024-11,27101985,IT,PT,3200.0,2.96,1.0811,no
2024-11,27101987,IT,AT,24142.0,3.222,7.4929,no
2024-11,27101987,IT,BE,373350.0,117.571,3.1755,no
2024-11,27101987,IT,CZ,15873.0,2.225,7.1339,no
2024-11,27101987,IT,DE,418752.0,74.642,5.6101,no
2024-11,27101987,IT,DK,18928.0,3.898,4.8558,no
2024-11,27101987,IT,ES,72205.0,29.766,2.4258,no
2024-11,27101987,IT,FI,294.0,0.03,9.8,no
2024-11,27101987,IT,FR,516239.0,105.597,4.8888,no
2024-11,27101987,IT,GB,31748.0,1.935,16.4072,no
2024-11,27101987,IT,GR,1590.0,0.74,2.1486,no
2024-11,27101987,IT,HR,305.0,0.088,3.4659,no
2024-11,27101987,IT,HU,35991.0,10.661,3.3759,no
2024-11,27101987,IT,KR,3271.0,0.144,22.7153,no
2024-11,27101987,IT,LT,1343.0,0.178,7.5449,no
2024-11,27101987,IT,NL,414834.0,101.819,4.0742,no
2024-11,27101987,IT,PL,24461.0,3.057,8.0016,no
2024-11,27101987,IT,SE,46465.0,11.93,3.8948,no
2024-11,27101987,IT,SI,3246.0,0.441,7.3605,no
2024-11,27101987,IT,TR,4528.0,1.889,2.397,no
2024-11,27101987,IT,US,20841.0,2.352,8.861,no
2024-11,27101991,IT,AT,12128.0,2.589,4.6844,no
2024-11,27101991,IT,CZ,2.0,0.001,2.0,no
2024-11,27101991,IT,DE,342307.0,125.397,2.7298,no
2024-11,27101991,IT,ES,54992.0,10.313,5.3323,no
2024-11,27101991,IT,FR,174367.0,52.284,3.335,no
2024-11,27101991,IT,GB,116557.0,55.24,2.11,no
2024-11,27101991,IT,MX,35950.0,6.63,5.4223,no
2024-11,27101991,IT,NL,7137.0,1.731,4.1231,no
2024-11,27101991,IT,SE,10246.0,1.744,5.875,no
2024-11,27101991,IT,SI,21735.0,7.55,2.8788,no
2024-11,27101993,IT,AT,1584.0,1.14,1.3895,no
2024-11,27101993,IT,BE,221306.0,135.344,1.6351,no
2024-11,27101993,IT,DE,203759.0,136.751,1.49,no
2024-11,27101993,IT,FR,335541.0,244.78,1.3708,no
2024-11,27101993,IT,GB,399332.0,152.98,2.6104,no
2024-11,27101999,IT,AT,159145.0,112.862,1.4101,no
2024-11,27101999,IT,AZ,465976.0,455.94,1.022,no
2024-11,27101999,IT,BA,129468.0,135.28,0.957,no
2024-11,27101999,IT,BE,13621244.0,11400.677,1.1948,no
2024-11,27101999,IT,BG,2572.0,1.121,2.2944,no
2024-11,27101999,IT,BR,11124.0,1.185,9.3873,no
2024-11,27101999,IT,CH,121079.0,30.336,3.9913,no
2024-11,27101999,IT,CZ,20344.0,2.148,9.4711,no
2024-11,27101999,IT,DE,4019191.0,1585.564,2.5349,no
2024-11,27101999,IT,DK,3805.0,0.22,17.2955,no
2024-11,27101999,IT,EG,403059.0,442.85,0.9101,no
2024-11,27101999,IT,ES,4320643.0,3105.322,1.3914,no
2024-11,27101999,IT,FR,1483110.0,529.729,2.7998,no
2024-11,27101999,IT,GB,3565203.0,3072.127,1.1605,no
2024-11,27101999,IT,GR,6627708.0,13105.914,0.5057,no
2024-11,27101999,IT,HR,3593.0,0.964,3.7272,no
2024-11,27101999,IT,HU,726157.0,786.208,0.9236,no
2024-11,27101999,IT,IE,64979.0,47.42,1.3703,no
2024-11,27101999,IT,IN,165413.0,138.92,1.1907,no
2024-11,27101999,IT,JP,11567.0,0.932,12.4109,no
2024-11,27101999,IT,LV,4695.0,0.234,20.0641,no
2024-11,27101999,IT,MY,20846.0,18.0,1.1581,no
2024-11,27101999,IT,NL,12589646.0,11194.309,1.1246,no
2024-11,27101999,IT,PL,1511921.0,1040.952,1.4524,no
2024-11,27101999,IT,PT,254371.0,23.011,11.0543,no
2024-11,27101999,IT,RO,4359.0,0.272,16.0257,no
2024-11,27101999,IT,SA,85244.0,104.98,0.812,no
2024-11,27101999,IT,SE,126535.0,84.685,1.4942,no
2024-11,27101999,IT,SI,52216.0,8.653,6.0344,no
2024-11,27101999,IT,TR,16397.0,6.8,2.4113,no
2024-11,27101999,IT,US,861773.0,704.955,1.2225,no
2024-11,27101999,IT,UZ,89400.0,89.4,1.0,no
2024-12,27101971,IT,BE,380.0,0.1,3.8,no
2024-12,27101971,IT,FR,1024.0,0.3,3.4133,no
2024-12,27101971,IT,US,1669147.0,1856.9,0.8989,no
2024-12,27101981,IT,AL,30746.0,11.757,2.6151,no
2024-12,27101981,IT,AT,511693.0,145.737,3.5111,no
2024-12,27101981,IT,BE,4208471.0,1533.41,2.7445,no
2024-12,27101981,IT,CZ,62709.0,11.914,5.2635,no
2024-12,27101981,IT,DE,2436280.0,693.26,3.5142,no
2024-12,27101981,IT,EE,101197.0,15.815,6.3988,no
2024-12,27101981,IT,ES,2226324.0,786.125,2.832,no
2024-12,27101981,IT,FI,11742.0,1.835,6.3989,no
2024-12,27101981,IT,FR,2439004.0,799.489,3.0507,no
2024-12,27101981,IT,GB,21634.0,7.242,2.9873,no
2024-12,27101981,IT,GR,97037.0,47.52,2.042,no
2024-12,27101981,IT,HR,51444.0,20.492,2.5104,no
2024-12,27101981,IT,HU,235900.0,107.681,2.1907,no
2024-12,27101981,IT,LT,41774.0,6.528,6.3992,no
2024-12,27101981,IT,LV,7896.0,1.234,6.3987,no
2024-12,27101981,IT,NL,1459196.0,550.86,2.6489,no
2024-12,27101981,IT,OM,1923.0,0.096,20.0312,no
2024-12,27101981,IT,PL,66179.0,10.334,6.404,no
2024-12,27101981,IT,RO,4313.0,0.7,6.1614,no
2024-12,27101981,IT,SE,140412.0,53.4,2.6294,no
2024-12,27101981,IT,SI,243576.0,31.35,7.7696,no
2024-12,27101981,IT,SK,2487.0,0.69,3.6043,no
2024-12,27101981,IT,TR,9377.0,4.09,2.2927,no
2024-12,27101981,IT,UA,2680.0,1.262,2.1236,no
2024-12,27101981,IT,US,25874.0,2.197,11.777,no
2024-12,27101983,IT,AE,6823.0,0.04,170.575,no
2024-12,27101983,IT,AT,18842.0,3.192,5.9029,no
2024-12,27101983,IT,BE,174293.0,55.102,3.1631,no
2024-12,27101983,IT,CZ,14754.0,3.791,3.8918,no
2024-12,27101983,IT,DE,382907.0,140.594,2.7235,no
2024-12,27101983,IT,DK,4441.0,1.292,3.4373,no
2024-12,27101983,IT,ES,230580.0,107.42,2.1465,no
2024-12,27101983,IT,FR,116773.0,53.984,2.1631,no
2024-12,27101983,IT,GB,17846.0,2.567,6.9521,no
2024-12,27101983,IT,HR,63630.0,38.634,1.647,no
2024-12,27101983,IT,HU,202112.0,137.898,1.4657,no
2024-12,27101983,IT,LT,2177.0,0.373,5.8365,no
2024-12,27101983,IT,NL,183464.0,53.491,3.4298,no
2024-12,27101983,IT,PL,38259.0,6.656,5.748,no
2024-12,27101983,IT,RO,293.0,0.166,1.7651,no
2024-12,27101983,IT,SE,28496.0,10.177,2.8,no
2024-12,27101983,IT,SI,1778.0,0.99,1.796,no
2024-12,27101983,IT,SK,97860.0,56.921,1.7192,no
2024-12,27101983,IT,UA,1477.0,0.716,2.0628,no
2024-12,27101985,IT,AT,276.0,0.071,3.8873,no
2024-12,27101985,IT,BE,107630.0,73.851,1.4574,no
2024-12,27101985,IT,DE,347353.0,188.985,1.838,no
2024-12,27101985,IT,ES,181264.0,138.248,1.3112,no
2024-12,27101985,IT,FI,302.0,0.003,100.6667,no
2024-12,27101985,IT,FR,358972.0,91.08,3.9413,no
2024-12,27101985,IT,GB,2703.0,0.18,15.0167,no
2024-12,27101985,IT,HU,375.0,0.17,2.2059,no
2024-12,27101985,IT,IN,108956.0,100.42,1.085,no
2024-12,27101985,IT,NL,267485.0,126.415,2.1159,no
2024-12,27101985,IT,PT,5879.0,2.61,2.2525,no
2024-12,27101987,IT,AT,13941.0,1.806,7.7193,no
2024-12,27101987,IT,BE,250660.0,78.958,3.1746,no
2024-12,27101987,IT,CA,5684.0,0.282,20.156,no
2024-12,27101987,IT,CN,2754.0,0.263,10.4715,no
2024-12,27101987,IT,CZ,14445.0,1.966,7.3474,no
2024-12,27101987,IT,DE,601128.0,111.055,5.4129,no
2024-12,27101987,IT,DK,526.0,0.144,3.6528,no
2024-12,27101987,IT,ES,336568.0,115.756,2.9076,no
2024-12,27101987,IT,FI,126.0,0.007,18.0,no
2024-12,27101987,IT,FR,576621.0,126.138,4.5714,no
2024-12,27101987,IT,GB,8923.0,0.801,11.1398,no
2024-12,27101987,IT,HR,70.0,0.007,10.0,no
2024-12,27101987,IT,HU,35520.0,15.51,2.2901,no
2024-12,27101987,IT,NL,200912.0,39.833,5.0439,no
2024-12,27101987,IT,PL,22344.0,2.775,8.0519,no
2024-12,27101987,IT,SE,29358.0,3.284,8.9397,no
2024-12,27101987,IT,SI,538.0,0.054,9.963,no
2024-12,27101991,IT,AT,448.0,0.068,6.5882,no
2024-12,27101991,IT,BE,4661.0,1.142,4.0814,no
2024-12,27101991,IT,CZ,21.0,0.003,7.0,no
2024-12,27101991,IT,DE,244991.0,77.113,3.177,no
2024-12,27101991,IT,ES,12892.0,4.105,3.1406,no
2024-12,27101991,IT,FR,238456.0,72.864,3.2726,no
2024-12,27101991,IT,GB,169381.0,78.818,2.149,no
2024-12,27101991,IT,HR,1581.0,0.733,2.1569,no
2024-12,27101991,IT,MX,30034.0,5.588,5.3747,no
2024-12,27101991,IT,NL,297.0,0.024,12.375,no
2024-12,27101991,IT,PL,20.0,0.001,20.0,no
2024-12,27101991,IT,SE,3149.0,0.536,5.875,no
2024-12,27101993,IT,BE,182224.0,107.121,1.7011,no
2024-12,27101993,IT,CN,57261.0,17.43,3.2852,no
2024-12,27101993,IT,DE,115441.0,91.127,1.2668,no
2024-12,27101993,IT,FR,60413.0,33.51,1.8028,no
2024-12,27101993,IT,GB,689079.0,218.02,3.1606,no
2024-12,27101993,IT,IQ,1650.0,0.005,330.0,no
2024-12,27101993,IT,NL,4780.0,1.48,3.2297,no
2024-12,27101999,IT,AE,51735.0,40.115,1.2897,no
2024-12,27101999,IT,AL,9853.0,8.63,1.1417,no
2024-12,27101999,IT,AT,51751.0,23.244,2.2264,no
2024-12,27101999,IT,AZ,259978.0,271.6,0.9572,no
2024-12,27101999,IT,BA,103082.0,108.5,0.9501,no
2024-12,27101999,IT,BE,6361228.0,4959.307,1.2827,no
2024-12,27101999,IT,BG,1611.0,0.055,29.2909,no
2024-12,27101999,IT,CA,3013.0,0.095,31.7158,no
2024-12,27101999,IT,CH,86245.0,24.522,3.517,no
2024-12,27101999,IT,CY,60175.0,72.5,0.83,no
2024-12,27101999,IT,CZ,10219.0,1.334,7.6604,no
2024-12,27101999,IT,DE,2898583.0,1352.12,2.1437,no
2024-12,27101999,IT,DK,6799.0,0.355,19.1521,no
2024-12,27101999,IT,EG,289305.0,324.24,0.8923,no
2024-12,27101999,IT,ES,3216311.0,2477.67,1.2981,no
2024-12,27101999,IT,ET,3564.0,0.176,20.25,no
2024-12,27101999,IT,FR,1452703.0,800.647,1.8144,no
2024-12,27101999,IT,GB,3033470.0,2503.321,1.2118,no
2024-12,27101999,IT,GR,291018.0,207.869,1.4,no
2024-12,27101999,IT,HR,3700.0,1.059,3.4939,no
2024-12,27101999,IT,HU,638004.0,628.619,1.0149,no
2024-12,27101999,IT,JO,19364.0,22.0,0.8802,no
2024-12,27101999,IT,JP,4233.0,0.335,12.6358,no
2024-12,27101999,IT,LT,311.0,0.058,5.3621,no
2024-12,27101999,IT,NL,2854722.0,2151.525,1.3268,no
2024-12,27101999,IT,NO,1131.0,0.01,113.1,no
2024-12,27101999,IT,PL,853374.0,600.611,1.4208,no
2024-12,27101999,IT,PT,183611.0,17.487,10.4999,no
2024-12,27101999,IT,RO,25.0,0.001,25.0,no
2024-12,27101999,IT,SA,17745.0,21.0,0.845,no
2024-12,27101999,IT,SE,4476.0,0.26,17.2154,no
2024-12,27101999,IT,SI,37448.0,7.331,5.1082,no
2024-12,27101999,IT,SK,14.0,0.017,0.8235,no
2024-12,27101999,IT,TR,2913934.0,3005.282,0.9696,no
2024-12,27101999,IT,TW,10691.0,1.15,9.2965,no
2024-12,27101999,IT,US,134344.0,26.885,4.997,no
2024-12,27101999,IT,UZ,127540.0,126.0,1.0122,no
2025-01,27101971,IT,BE,1105.0,0.002,552.5,no
2025-01,27101971,IT,DE,10165.0,3.707,2.7421,no
2025-01,27101971,IT,TW,149893.0,120.55,1.2434,no
2025-01,27101971,IT,US,1368871.0,1452.535,0.9424,no
2025-01,27101981,IT,AL,96868.0,39.677,2.4414,no
2025-01,27101981,IT,AT,464694.0,131.537,3.5328,no
2025-01,27101981,IT,BE,2419461.0,794.272,3.0461,no
2025-01,27101981,IT,CN,2447.0,0.228,10.7325,no
2025-01,27101981,IT,CZ,36377.0,5.815,6.2557,no
2025-01,27101981,IT,DE,2355730.0,623.35,3.7791,no
2025-01,27101981,IT,EE,145098.0,59.968,2.4196,no
2025-01,27101981,IT,ES,1950744.0,736.088,2.6502,no
2025-01,27101981,IT,FR,5154793.0,2053.289,2.5105,no
2025-01,27101981,IT,GB,108838.0,30.775,3.5366,no
2025-01,27101981,IT,GR,65753.0,24.427,2.6918,no
2025-01,27101981,IT,HR,172665.0,66.411,2.5999,no
2025-01,27101981,IT,HU,35470.0,23.32,1.521,no
2025-01,27101981,IT,LT,30918.0,5.359,5.7694,no
2025-01,27101981,IT,NL,2844210.0,966.158,2.9438,no
2025-01,27101981,IT,PL,62792.0,23.806,2.6377,no
2025-01,27101981,IT,RO,38146.0,21.432,1.7799,no
2025-01,27101981,IT,SE,172971.0,57.674,2.9991,no
2025-01,27101981,IT,SI,302023.0,44.461,6.793,no
2025-01,27101981,IT,TR,17819.0,6.883,2.5888,no
2025-01,27101981,IT,UA,7028.0,3.515,1.9994,no
2025-01,27101981,IT,US,28316.0,2.868,9.8731,no
2025-01,27101983,IT,AT,1346.0,0.209,6.4402,no
2025-01,27101983,IT,BE,216367.0,69.332,3.1207,no
2025-01,27101983,IT,CZ,23428.0,5.445,4.3027,no
2025-01,27101983,IT,DE,284300.0,114.712,2.4784,no
2025-01,27101983,IT,DK,9535.0,1.323,7.2071,no
2025-01,27101983,IT,ES,274787.0,134.48,2.0433,no
2025-01,27101983,IT,FR,111770.0,53.629,2.0841,no
2025-01,27101983,IT,GB,14808.0,3.119,4.7477,no
2025-01,27101983,IT,GR,21234.0,9.521,2.2302,no
2025-01,27101983,IT,HR,24717.0,14.721,1.679,no
2025-01,27101983,IT,HU,22.0,0.001,22.0,no
2025-01,27101983,IT,LT,5283.0,4.038,1.3083,no
2025-01,27101983,IT,NL,54335.0,146.168,0.3717,no
2025-01,27101983,IT,PL,1198.0,0.027,44.3704,no
2025-01,27101983,IT,RO,31830.0,20.42,1.5588,no
2025-01,27101983,IT,SE,13181.0,4.409,2.9896,no
2025-01,27101983,IT,SI,1625.0,0.972,1.6718,no
2025-01,27101983,IT,SK,74194.0,13.063,5.6797,no
2025-01,27101983,IT,TR,1421.0,0.199,7.1407,no
2025-01,27101983,IT,UA,9373.0,4.361,2.1493,no
2025-01,27101983,IT,US,2758.0,0.135,20.4296,no
2025-01,27101985,IT,AT,4967.0,1.502,3.3069,no
2025-01,27101985,IT,BE,179894.0,103.487,1.7383,no
2025-01,27101985,IT,CZ,5.0,0.001,5.0,no
2025-01,27101985,IT,DE,405887.0,193.839,2.0939,no
2025-01,27101985,IT,ES,471576.0,370.703,1.2721,no
2025-01,27101985,IT,FR,194850.0,132.219,1.4737,no
2025-01,27101985,IT,GB,2509.0,0.096,26.1354,no
2025-01,27101985,IT,HU,5.0,0.001,5.0,no
2025-01,27101985,IT,IN,416250.0,379.8,1.096,no
2025-01,27101985,IT,NL,345272.0,178.591,1.9333,no
2025-01,27101985,IT,PL,6.0,0.002,3.0,no
2025-01,27101987,IT,AL,4625.0,2.136,2.1653,no
2025-01,27101987,IT,AT,3112.0,0.329,9.459,no
2025-01,27101987,IT,BE,175044.0,74.005,2.3653,no
2025-01,27101987,IT,CZ,13468.0,1.334,10.096,no
2025-01,27101987,IT,DE,513739.0,102.092,5.0321,no
2025-01,27101987,IT,DK,145324.0,8.09,17.9634,no
2025-01,27101987,IT,ES,231228.0,90.604,2.5521,no
2025-01,27101987,IT,FR,473699.0,128.578,3.6841,no
2025-01,27101987,IT,GB,4647.0,1.137,4.0871,no
2025-01,27101987,IT,GR,2959.0,0.949,3.118,no
2025-01,27101987,IT,HR,1444.0,0.456,3.1667,no
2025-01,27101987,IT,HU,71.0,0.007,10.1429,no
2025-01,27101987,IT,KR,14065.0,0.583,24.1252,no
2025-01,27101987,IT,LT,1657.0,0.216,7.6713,no
2025-01,27101987,IT,NL,166802.0,70.206,2.3759,no
2025-01,27101987,IT,PL,8566.0,1.133,7.5605,no
2025-01,27101987,IT,RO,48.0,0.004,12.0,no
2025-01,27101987,IT,SE,31482.0,4.256,7.3971,no
2025-01,27101987,IT,SI,627.0,0.072,8.7083,no
2025-01,27101987,IT,TR,52193.0,19.258,2.7102,no
2025-01,27101987,IT,US,31601.0,3.061,10.3238,no
2025-01,27101991,IT,AT,5938.0,1.5,3.9587,no
2025-01,27101991,IT,BG,2960.0,0.4,7.4,no
2025-01,27101991,IT,DE,318858.0,101.535,3.1404,no
2025-01,27101991,IT,ES,20715.0,9.022,2.2961,no
2025-01,27101991,IT,FR,297372.0,103.289,2.879,no
2025-01,27101991,IT,GB,382121.0,181.1,2.11,no
2025-01,27101991,IT,MX,24561.0,4.96,4.9518,no
2025-01,27101991,IT,NL,1086.0,0.377,2.8806,no
2025-01,27101993,IT,BE,219504.0,152.792,1.4366,no
2025-01,27101993,IT,DE,108525.0,62.46,1.7375,no
2025-01,27101993,IT,ES,7436.0,4.23,1.7579,no
2025-01,27101993,IT,FR,350424.0,264.292,1.3259,no
2025-01,27101993,IT,GB,408169.0,56.81,7.1848,no
2025-01,27101993,IT,SE,38225.0,0.459,83.2789,no
2025-01,27101999,IT,AL,25920.0,24.0,1.08,no
2025-01,27101999,IT,AT,12452.0,2.405,5.1775,no
2025-01,27101999,IT,AZ,545242.0,554.4,0.9835,no
2025-01,27101999,IT,BE,9746476.0,7964.268,1.2238,no
2025-01,27101999,IT,BG,5230.0,2.135,2.4496,no
2025-01,27101999,IT,CA,37466.0,1.2,31.2217,no
2025-01,27101999,IT,CH,72509.0,14.001,5.1788,no
2025-01,27101999,IT,CN,28746.0,18.41,1.5614,no
2025-01,27101999,IT,CY,40020.0,14.863,2.6926,no
2025-01,27101999,IT,CZ,50158.0,12.014,4.175,no
2025-01,27101999,IT,DE,3578657.0,1570.099,2.2793,no
2025-01,27101999,IT,DK,18355.0,1.136,16.1576,no
2025-01,27101999,IT,EE,559.0,0.043,13.0,no
2025-01,27101999,IT,EG,31517.0,41.35,0.7622,no
2025-01,27101999,IT,ES,1900578.0,1126.616,1.687,no
2025-01,27101999,IT,FR,842222.0,321.657,2.6184,no
2025-01,27101999,IT,GB,1863140.0,1800.356,1.0349,no
2025-01,27101999,IT,GR,6556219.0,4361.606,1.5032,no
2025-01,27101999,IT,HR,5833.0,1.445,4.0367,no
2025-01,27101999,IT,HU,639185.0,583.456,1.0955,no
2025-01,27101999,IT,IN,133684.0,118.83,1.125,no
2025-01,27101999,IT,IQ,6959.0,2.895,2.4038,no
2025-01,27101999,IT,JP,57177.0,7.798,7.3323,no
2025-01,27101999,IT,LU,2203.0,0.208,10.5913,no
2025-01,27101999,IT,LV,7601.0,1.429,5.3191,no
2025-01,27101999,IT,MX,1454.0,0.105,13.8476,no
2025-01,27101999,IT,NL,22235679.0,20335.489,1.0934,no
2025-01,27101999,IT,PL,1225414.0,1112.307,1.1017,no
2025-01,27101999,IT,PT,283800.0,26.648,10.65,no
2025-01,27101999,IT,SE,87668.0,47.338,1.852,no
2025-01,27101999,IT,SI,57622.0,12.601,4.5728,no
2025-01,27101999,IT,SK,9.0,0.002,4.5,no
2025-01,27101999,IT,TR,39145.0,9.986,3.92,no
2025-01,27101999,IT,TW,18445.0,20.01,0.9218,no
2025-01,27101999,IT,US,108756.0,12.01,9.0555,no
2025-01,27101999,IT,UZ,54660.0,54.0,1.0122,no
2025-01,27101999,IT,VN,2275.0,0.788,2.8871,no
2025-02,27101971,IT,BE,760.0,0.001,760.0,no
2025-02,27101971,IT,DE,2821.0,1.019,2.7684,no
2025-02,27101971,IT,FR,69.0,0.001,69.0,no
2025-02,27101971,IT,PL,592.0,0.026,22.7692,no
2025-02,27101971,IT,US,947504.0,893.37,1.0606,no
2025-02,27101981,IT,AL,5812.0,3.822,1.5207,no
2025-02,27101981,IT,AT,519630.0,130.111,3.9937,no
2025-02,27101981,IT,BE,6135022.0,2234.033,2.7462,no
2025-02,27101981,IT,CZ,31695.0,5.71,5.5508,no
2025-02,27101981,IT,DE,4451941.0,1283.295,3.4691,no
2025-02,27101981,IT,DK,474.0,0.2,2.37,no
2025-02,27101981,IT,EE,155017.0,24.184,6.4099,no
2025-02,27101981,IT,ES,2504285.0,989.55,2.5307,no
2025-02,27101981,IT,FR,6398705.0,2275.73,2.8117,no
2025-02,27101981,IT,GB,197011.0,60.458,3.2586,no
2025-02,27101981,IT,GR,55418.0,25.688,2.1573,no
2025-02,27101981,IT,HR,137086.0,49.973,2.7432,no
2025-02,27101981,IT,HU,130386.0,67.957,1.9187,no
2025-02,27101981,IT,NL,2179222.0,753.341,2.8927,no
2025-02,27101981,IT,PL,21221.0,3.983,5.3279,no
2025-02,27101981,IT,QV,4284.0,1.8,2.38,no
2025-02,27101981,IT,SE,145751.0,65.277,2.2328,no
2025-02,27101981,IT,SI,141702.0,20.815,6.8077,no
2025-02,27101981,IT,SK,106084.0,19.938,5.3207,no
2025-02,27101981,IT,TR,30759.0,12.334,2.4938,no
2025-02,27101981,IT,UA,14108.0,5.718,2.4673,no
2025-02,27101981,IT,US,13413.0,1.023,13.1114,no
2025-02,27101983,IT,AT,11717.0,2.664,4.3983,no
2025-02,27101983,IT,BE,267213.0,264.67,1.0096,no
2025-02,27101983,IT,CZ,27660.0,6.684,4.1382,no
2025-02,27101983,IT,DE,402850.0,164.063,2.4555,no
2025-02,27101983,IT,DK,6633.0,2.397,2.7672,no
2025-02,27101983,IT,ES,158324.0,92.875,1.7047,no
2025-02,27101983,IT,FR,83554.0,32.392,2.5795,no
2025-02,27101983,IT,GB,8185.0,1.461,5.6023,no
2025-02,27101983,IT,HR,49516.0,28.611,1.7307,no
2025-02,27101983,IT,HU,88045.0,75.471,1.1666,no
2025-02,27101983,IT,NL,104663.0,51.866,2.018,no
2025-02,27101983,IT,PL,29.0,0.005,5.8,no
2025-02,27101983,IT,RO,550.0,0.036,15.2778,no
2025-02,27101983,IT,SE,22308.0,4.536,4.918,no
2025-02,27101983,IT,SI,1730.0,0.999,1.7317,no
2025-02,27101983,IT,SK,82463.0,17.121,4.8165,no
2025-02,27101983,IT,TR,2667.0,1.478,1.8045,no
2025-02,27101983,IT,UA,1217.0,0.579,2.1019,no
2025-02,27101985,IT,AT,222.0,0.024,9.25,no
2025-02,27101985,IT,BE,208684.0,75.817,2.7525,no
2025-02,27101985,IT,CZ,18.0,0.001,18.0,no
2025-02,27101985,IT,DE,259406.0,121.429,2.1363,no
2025-02,27101985,IT,ES,209261.0,157.544,1.3283,no
2025-02,27101985,IT,FR,434919.0,299.59,1.4517,no
2025-02,27101985,IT,GB,1254.0,0.05,25.08,no
2025-02,27101985,IT,HU,2717.0,1.36,1.9978,no
2025-02,27101985,IT,IN,401362.0,339.325,1.1828,no
2025-02,27101985,IT,LU,3566.0,0.16,22.2875,no
2025-02,27101985,IT,NL,261823.0,138.957,1.8842,no
2025-02,27101985,IT,PT,5636.0,2.55,2.2102,no
2025-02,27101985,IT,SE,1131.0,0.021,53.8571,no
2025-02,27101987,IT,AT,365.0,0.026,14.0385,no
2025-02,27101987,IT,BE,312751.0,489.206,0.6393,no
2025-02,27101987,IT,CN,6153.0,0.639,9.6291,no
2025-02,27101987,IT,CZ,15995.0,2.096,7.6312,no
2025-02,27101987,IT,DE,794707.0,141.208,5.6279,no
2025-02,27101987,IT,DK,118289.0,17.944,6.5921,no
2025-02,27101987,IT,ES,180946.0,65.204,2.7751,no
2025-02,27101987,IT,FI,192.0,0.004,48.0,no
2025-02,27101987,IT,FR,628035.0,150.607,4.17,no
2025-02,27101987,IT,GR,2295.0,1.071,2.1429,no
2025-02,27101987,IT,HR,4998.0,1.666,3.0,no
2025-02,27101987,IT,HU,22608.0,11.017,2.0521,no
2025-02,27101987,IT,KR,8132.0,0.324,25.0988,no
2025-02,27101987,IT,NL,268551.0,124.122,2.1636,no
2025-02,27101987,IT,PL,2253.0,0.128,17.6016,no
2025-02,27101987,IT,SE,57203.0,12.947,4.4182,no
2025-02,27101987,IT,SI,702.0,0.09,7.8,no
2025-02,27101987,IT,TR,2069.0,0.752,2.7513,no
2025-02,27101987,IT,UA,3238.0,1.034,3.1315,no
2025-02,27101987,IT,US,12252.0,1.226,9.9935,no
2025-02,27101991,IT,AT,8119.0,2.635,3.0812,no
2025-02,27101991,IT,BE,6747.0,1.129,5.9761,no
2025-02,27101991,IT,CZ,9.0,0.001,9.0,no
2025-02,27101991,IT,DE,363215.0,127.089,2.858,no
2025-02,27101991,IT,ES,12103.0,3.574,3.3864,no
2025-02,27101991,IT,FR,269507.0,88.712,3.038,no
2025-02,27101991,IT,GB,335532.0,159.02,2.11,no
2025-02,27101991,IT,HR,1240.0,0.378,3.2804,no
2025-02,27101991,IT,MX,46815.0,9.46,4.9487,no
2025-02,27101991,IT,NL,1792.0,0.41,4.3707,no
2025-02,27101991,IT,SE,3966.0,0.675,5.8756,no
2025-02,27101993,IT,AT,3120.0,0.24,13.0,no
2025-02,27101993,IT,BE,251620.0,165.293,1.5223,no
2025-02,27101993,IT,CN,71733.0,21.35,3.3599,no
2025-02,27101993,IT,DE,126549.0,107.0,1.1827,no
2025-02,27101993,IT,ES,1393326.0,1033.585,1.3481,no
2025-02,27101993,IT,FR,94366.0,73.506,1.2838,no
2025-02,27101993,IT,GB,360964.0,109.5,3.2965,no
2025-02,27101993,IT,NL,28.0,0.003,9.3333,no
2025-02,27101999,IT,AL,52713.0,50.66,1.0405,no
2025-02,27101999,IT,AT,250442.0,34.107,7.3428,no
2025-02,27101999,IT,AZ,158721.0,164.92,0.9624,no
2025-02,27101999,IT,BE,7509434.0,6118.341,1.2274,no
2025-02,27101999,IT,BG,2133.0,1.219,1.7498,no
2025-02,27101999,IT,CH,95247.0,23.026,4.1365,no
2025-02,27101999,IT,CN,1084.0,0.186,5.828,no
2025-02,27101999,IT,CY,59708.0,72.884,0.8192,no
2025-02,27101999,IT,CZ,15181.0,1.784,8.5095,no
2025-02,27101999,IT,DE,4099338.0,1908.523,2.1479,no
2025-02,27101999,IT,DK,192.0,0.002,96.0,no
2025-02,27101999,IT,EE,312.0,0.023,13.5652,no
2025-02,27101999,IT,EG,279724.0,305.76,0.9148,no
2025-02,27101999,IT,ES,7408021.0,5370.706,1.3793,no
2025-02,27101999,IT,ET,3104.0,0.144,21.5556,no
2025-02,27101999,IT,FR,1098658.0,465.648,2.3594,no
2025-02,27101999,IT,GB,2798110.0,2424.262,1.1542,no
2025-02,27101999,IT,GR,9934548.0,10709.795,0.9276,no
2025-02,27101999,IT,HR,10025.0,2.226,4.5036,no
2025-02,27101999,IT,HU,957398.0,782.113,1.2241,no
2025-02,27101999,IT,IE,918.0,0.05,18.36,no
2025-02,27101999,IT,JP,8853.0,1.502,5.8941,no
2025-02,27101999,IT,LT,129.0,0.043,3.0,no
2025-02,27101999,IT,LU,424.0,0.013,32.6154,no
2025-02,27101999,IT,LV,7695.0,1.621,4.7471,no
2025-02,27101999,IT,NL,21011998.0,20800.941,1.0101,no
2025-02,27101999,IT,PL,2074118.0,1616.186,1.2833,no
2025-02,27101999,IT,QV,247.0,0.126,1.9603,no
2025-02,27101999,IT,RO,972.0,0.567,1.7143,no
2025-02,27101999,IT,SE,42439.0,20.582,2.0619,no
2025-02,27101999,IT,SI,126139.0,19.733,6.3923,no
2025-02,27101999,IT,TR,10002.0,3.221,3.1052,no
2025-02,27101999,IT,TW,2750.0,0.202,13.6139,no
2025-02,27101999,IT,US,153194.0,12.172,12.5858,no
2025-02,27101999,IT,VN,2337.0,0.806,2.8995,no
2025-03,27101971,IT,BE,1107.0,0.314,3.5255,no
2025-03,27101971,IT,DE,2822.0,0.91,3.1011,no
2025-03,27101971,IT,FR,196.0,0.003,65.3333,no
2025-03,27101971,IT,PL,967.0,0.029,33.3448,no
2025-03,27101981,IT,AL,13018.0,5.484,2.3738,no
2025-03,27101981,IT,AT,519391.0,31.088,16.7071,no
2025-03,27101981,IT,BE,3801506.0,1173.521,3.2394,no
2025-03,27101981,IT,CZ,115761.0,22.043,5.2516,no
2025-03,27101981,IT,DE,5757198.0,1503.555,3.8291,no
2025-03,27101981,IT,ES,3289255.0,1151.827,2.8557,no
2025-03,27101981,IT,FR,5850036.0,2073.234,2.8217,no
2025-03,27101981,IT,GB,114533.0,35.064,3.2664,no
2025-03,27101981,IT,GR,60256.0,28.453,2.1177,no
2025-03,27101981,IT,HR,96861.0,32.424,2.9873,no
2025-03,27101981,IT,HU,144738.0,88.553,1.6345,no
2025-03,27101981,IT,IE,10210.0,1.785,5.7199,no
2025-03,27101981,IT,IN,2664.0,0.968,2.7521,no
2025-03,27101981,IT,NL,2010541.0,683.394,2.942,no
2025-03,27101981,IT,PL,14147.0,3.359,4.2117,no
2025-03,27101981,IT,SE,192340.0,70.592,2.7247,no
2025-03,27101981,IT,SI,266963.0,51.259,5.2081,no
2025-03,27101981,IT,SK,116298.0,16.537,7.0326,no
2025-03,27101981,IT,UA,10770.0,4.142,2.6002,no
2025-03,27101981,IT,US,56090.0,7.656,7.3263,no
2025-03,27101983,IT,AT,38352.0,7.913,4.8467,no
2025-03,27101983,IT,BE,261972.0,84.617,3.096,no
2025-03,27101983,IT,CZ,23424.0,6.174,3.794,no
2025-03,27101983,IT,DE,461723.0,196.087,2.3547,no
2025-03,27101983,IT,DK,7687.0,2.598,2.9588,no
2025-03,27101983,IT,ES,263735.0,150.386,1.7537,no
2025-03,27101983,IT,FR,242026.0,88.49,2.7351,no
2025-03,27101983,IT,GB,21406.0,6.165,3.4722,no
2025-03,27101983,IT,GR,3555.0,1.437,2.4739,no
2025-03,27101983,IT,HR,11245.0,6.361,1.7678,no
2025-03,27101983,IT,HU,101499.0,91.655,1.1074,no
2025-03,27101983,IT,IE,2534.0,0.72,3.5194,no
2025-03,27101983,IT,NL,29259.0,13.185,2.2191,no
2025-03,27101983,IT,PL,403.0,0.009,44.7778,no
2025-03,27101983,IT,SE,18563.0,6.632,2.799,no
2025-03,27101983,IT,SI,828.0,0.459,1.8039,no
2025-03,27101983,IT,SK,483185.0,72.532,6.6617,no
2025-03,27101983,IT,TR,12296.0,4.11,2.9917,no
2025-03,27101983,IT,US,4974.0,0.479,10.3841,no
2025-03,27101985,IT,AT,2017.0,0.32,6.3031,no
2025-03,27101985,IT,BE,180084.0,80.538,2.236,no
2025-03,27101985,IT,CZ,21.0,0.002,10.5,no
2025-03,27101985,IT,DE,427379.0,212.742,2.0089,no
2025-03,27101985,IT,ES,278077.0,221.513,1.2554,no
2025-03,27101985,IT,FR,321315.0,224.044,1.4342,no
2025-03,27101985,IT,GB,9012.0,0.923,9.7638,no
2025-03,27101985,IT,HU,2108.0,1.019,2.0687,no
2025-03,27101985,IT,IN,695303.0,580.06,1.1987,no
2025-03,27101985,IT,NL,551873.0,285.025,1.9362,no
2025-03,27101985,IT,RO,1874.0,0.002,937.0,no
2025-03,27101987,IT,AT,7087.0,0.952,7.4443,no
2025-03,27101987,IT,BE,346850.0,110.24,3.1463,no
2025-03,27101987,IT,CH,28996.0,7.06,4.1071,no
2025-03,27101987,IT,CZ,22077.0,2.909,7.5892,no
2025-03,27101987,IT,DE,635078.0,116.64,5.4448,no
2025-03,27101987,IT,DK,62994.0,11.893,5.2967,no
2025-03,27101987,IT,ES,279558.0,106.3,2.6299,no
2025-03,27101987,IT,FR,759761.0,180.234,4.2154,no
2025-03,27101987,IT,GB,21256.0,2.14,9.9327,no
2025-03,27101987,IT,GR,20590.0,9.625,2.1392,no
2025-03,27101987,IT,HR,3274.0,1.058,3.0945,no
2025-03,27101987,IT,HU,19021.0,13.558,1.4029,no
2025-03,27101987,IT,KR,14673.0,1.021,14.3712,no
2025-03,27101987,IT,MT,16504.0,2.777,5.9431,no
2025-03,27101987,IT,NL,198008.0,125.967,1.5719,no
2025-03,27101987,IT,PL,5340.0,0.039,136.9231,no
2025-03,27101987,IT,SE,57956.0,13.744,4.2168,no
2025-03,27101987,IT,UA,7401.0,2.325,3.1832,no
2025-03,27101991,IT,AT,12203.0,3.271,3.7307,no
2025-03,27101991,IT,BE,1064.0,0.12,8.8667,no
2025-03,27101991,IT,CH,1930.0,0.05,38.6,no
2025-03,27101991,IT,CZ,9.0,0.001,9.0,no
2025-03,27101991,IT,DE,429811.0,114.802,3.7439,no
2025-03,27101991,IT,ES,12725.0,6.47,1.9668,no
2025-03,27101991,IT,FR,330963.0,114.099,2.9007,no
2025-03,27101991,IT,GB,500853.0,237.371,2.11,no
2025-03,27101991,IT,IE,1341.0,0.36,3.725,no
2025-03,27101991,IT,MX,24660.0,4.704,5.2423,no
2025-03,27101991,IT,NL,5219.0,0.628,8.3105,no
2025-03,27101991,IT,SE,2115.0,0.36,5.875,no
2025-03,27101993,IT,BE,136790.0,89.838,1.5226,no
2025-03,27101993,IT,CN,329193.0,71.9,4.5785,no
2025-03,27101993,IT,DE,314380.0,198.593,1.583,no
2025-03,27101993,IT,FR,158335.0,122.695,1.2905,no
2025-03,27101993,IT,GB,399998.0,143.214,2.793,no
2025-03,27101999,IT,AL,22560.0,24.0,0.94,no
2025-03,27101999,IT,AT,33058.0,14.762,2.2394,no
2025-03,27101999,IT,BE,10524276.0,8318.72,1.2651,no
2025-03,27101999,IT,BG,1394.0,0.752,1.8537,no
2025-03,27101999,IT,BR,1554.0,0.172,9.0349,no
2025-03,27101999,IT,CA,10946.0,0.654,16.737,no
2025-03,27101999,IT,CH,225725.0,60.566,3.7269,no
2025-03,27101999,IT,CY,79654.0,97.656,0.8157,no
2025-03,27101999,IT,CZ,14813.0,2.261,6.5515,no
2025-03,27101999,IT,DE,5237204.0,2120.401,2.4699,no
2025-03,27101999,IT,DK,4058.0,0.231,17.5671,no
2025-03,27101999,IT,EE,810.0,0.061,13.2787,no
2025-03,27101999,IT,EG,93261.0,128.1,0.728,no
2025-03,27101999,IT,ES,4525957.0,3657.854,1.2373,no
2025-03,27101999,IT,FR,1407548.0,605.878,2.3232,no
2025-03,27101999,IT,GB,16404.0,0.815,20.1276,no
2025-03,27101999,IT,GR,7318168.0,4690.732,1.5601,no
2025-03,27101999,IT,HR,6856.0,2.093,3.2757,no
2025-03,27101999,IT,HU,1443904.0,912.919,1.5816,no
2025-03,27101999,IT,IN,43638.0,34.29,1.2726,no
2025-03,27101999,IT,JP,13747.0,0.533,25.7917,no
2025-03,27101999,IT,LT,1.0,0.001,1.0,no
2025-03,27101999,IT,LV,990.0,0.05,19.8,no
2025-03,27101999,IT,MY,4814137.0,4905.566,0.9814,no
2025-03,27101999,IT,NL,11980897.0,11262.168,1.0638,no
2025-03,27101999,IT,NO,1234.0,0.004,308.5,no
2025-03,27101999,IT,PL,2579650.0,2965.896,0.8698,no
2025-03,27101999,IT,RO,127.0,0.01,12.7,no
2025-03,27101999,IT,SA,190546.0,258.0,0.7386,no
2025-03,27101999,IT,SE,123533.0,70.02,1.7643,no
2025-03,27101999,IT,SI,127115.0,25.412,5.0022,no
2025-03,27101999,IT,TH,4923.0,0.4,12.3075,no
2025-03,27101999,IT,US,1077834.0,913.977,1.1793,no
2025-03,27101999,IT,UZ,177800.0,180.0,0.9878,no
2025-04,27101971,IT,DE,11701.0,2.04,5.7358,no
2025-04,27101971,IT,FR,40.0,0.001,40.0,no
2025-04,27101971,IT,PL,865.0,0.034,25.4412,no
2025-04,27101971,IT,US,647422.0,589.517,1.0982,no
2025-04,27101981,IT,AL,7132.0,3.291,2.1671,no
2025-04,27101981,IT,AT,487388.0,30.331,16.069,no
2025-04,27101981,IT,BE,6414422.0,2344.026,2.7365,no
2025-04,27101981,IT,CN,6094.0,0.47,12.966,no
2025-04,27101981,IT,CZ,41326.0,6.765,6.1088,no
2025-04,27101981,IT,DE,3107209.0,909.875,3.415,no
2025-04,27101981,IT,ES,1645376.0,645.298,2.5498,no
2025-04,27101981,IT,FR,6409758.0,2256.568,2.8405,no
2025-04,27101981,IT,GB,80375.0,26.879,2.9903,no
2025-04,27101981,IT,GR,44682.0,21.469,2.0812,no
2025-04,27101981,IT,HR,116474.0,41.151,2.8304,no
2025-04,27101981,IT,HU,125261.0,69.779,1.7951,no
2025-04,27101981,IT,LT,92434.0,14.861,6.2199,no
2025-04,27101981,IT,NL,1968131.0,690.8,2.8491,no
2025-04,27101981,IT,PL,23376.0,6.34,3.6871,no
2025-04,27101981,IT,SE,130618.0,61.442,2.1259,no
2025-04,27101981,IT,SI,102199.0,15.039,6.7956,no
2025-04,27101981,IT,SK,59125.0,10.182,5.8068,no
2025-04,27101981,IT,TR,46685.0,21.26,2.1959,no
2025-04,27101981,IT,US,56422.0,10.231,5.5148,no
2025-04,27101983,IT,AT,126.0,0.016,7.875,no
2025-04,27101983,IT,BE,210740.0,87.344,2.4128,no
2025-04,27101983,IT,CH,2851.0,1.5,1.9007,no
2025-04,27101983,IT,CZ,38783.0,6.291,6.1648,no
2025-04,27101983,IT,DE,269922.0,122.773,2.1985,no
2025-04,27101983,IT,DK,223264.0,34.238,6.5209,no
2025-04,27101983,IT,ES,192348.0,104.471,1.8412,no
2025-04,27101983,IT,FR,287215.0,104.32,2.7532,no
2025-04,27101983,IT,GB,5284.0,1.102,4.7949,no
2025-04,27101983,IT,HR,13872.0,6.829,2.0313,no
2025-04,27101983,IT,HU,137909.0,110.899,1.2436,no
2025-04,27101983,IT,LT,13285.0,10.632,1.2495,no
2025-04,27101983,IT,NL,19967.0,7.619,2.6207,no
2025-04,27101983,IT,PL,10704.0,4.522,2.3671,no
2025-04,27101983,IT,SE,5085.0,2.336,2.1768,no
2025-04,27101983,IT,SI,1783.0,1.008,1.7688,no
2025-04,27101983,IT,SK,859894.0,250.172,3.4372,no
2025-04,27101983,IT,TR,5062.0,2.956,1.7124,no
2025-04,27101985,IT,AT,917.0,0.021,43.6667,no
2025-04,27101985,IT,BE,120117.0,58.197,2.064,no
2025-04,27101985,IT,DE,188271.0,89.34,2.1074,no
2025-04,27101985,IT,ES,70781.0,56.524,1.2522,no
2025-04,27101985,IT,FR,237848.0,180.137,1.3204,no
2025-04,27101985,IT,HR,49485.0,25.535,1.9379,no
2025-04,27101985,IT,HU,120.0,0.052,2.3077,no
2025-04,27101985,IT,IN,1247694.0,1058.33,1.1789,no
2025-04,27101985,IT,NL,292965.0,150.101,1.9518,no
2025-04,27101985,IT,PL,16.0,0.001,16.0,no
2025-04,27101985,IT,QV,7427.0,0.875,8.488,no
2025-04,27101985,IT,US,164456.0,140.007,1.1746,no
2025-04,27101987,IT,AT,3735.0,0.436,8.5665,no
2025-04,27101987,IT,BE,377606.0,134.631,2.8047,no
2025-04,27101987,IT,CZ,21526.0,1.971,10.9214,no
2025-04,27101987,IT,DE,611421.0,125.136,4.8861,no
2025-04,27101987,IT,DK,5584.0,2.647,2.1096,no
2025-04,27101987,IT,ES,365370.0,146.756,2.4896,no
2025-04,27101987,IT,FI,144.0,0.003,48.0,no
2025-04,27101987,IT,FR,841326.0,196.826,4.2745,no
2025-04,27101987,IT,GB,25570.0,1.107,23.0985,no
2025-04,27101987,IT,GR,2295.0,1.071,2.1429,no
2025-04,27101987,IT,HR,636.0,0.12,5.3,no
2025-04,27101987,IT,HU,9286.0,1.7,5.4624,no
2025-04,27101987,IT,LT,5867.0,0.78,7.5218,no
2025-04,27101987,IT,NL,205354.0,69.429,2.9578,no
2025-04,27101987,IT,PL,15921.0,4.868,3.2705,no
2025-04,27101987,IT,SE,39026.0,7.183,5.4331,no
2025-04,27101987,IT,TR,3490.0,1.459,2.392,no
2025-04,27101987,IT,US,6314.0,1.006,6.2763,no
2025-04,27101991,IT,BE,12437.0,3.938,3.1582,no
2025-04,27101991,IT,BG,3095.0,0.413,7.4939,no
2025-04,27101991,IT,CZ,17.0,0.003,5.6667,no
2025-04,27101991,IT,DE,345697.0,162.111,2.1325,no
2025-04,27101991,IT,ES,13781.0,4.977,2.7689,no
2025-04,27101991,IT,FR,294216.0,87.466,3.3638,no
2025-04,27101991,IT,GB,155296.0,73.6,2.11,no
2025-04,27101991,IT,HR,2080.0,0.724,2.8729,no
2025-04,27101991,IT,IE,2963.0,0.182,16.2802,no
2025-04,27101991,IT,MX,47586.0,8.64,5.5076,no
2025-04,27101991,IT,NL,8570.0,1.015,8.4433,no
2025-04,27101991,IT,SE,552.0,0.094,5.8723,no
2025-04,27101991,IT,SI,22080.0,16.27,1.3571,no
2025-04,27101993,IT,AT,260.0,1.2,0.2167,no
2025-04,27101993,IT,BE,245520.0,194.4,1.263,no
2025-04,27101993,IT,DE,3110.0,0.03,103.6667,no
2025-04,27101993,IT,ES,15021.0,8.46,1.7755,no
2025-04,27101993,IT,FR,63234.0,49.438,1.2791,no
2025-04,27101993,IT,GB,721608.0,219.24,3.2914,no
2025-04,27101993,IT,HR,546.0,0.112,4.875,no
2025-04,27101993,IT,NL,28.0,0.003,9.3333,no
2025-04,27101999,IT,AT,16490.0,4.076,4.0456,no
2025-04,27101999,IT,AZ,23440.0,20.0,1.172,no
2025-04,27101999,IT,BE,10685697.0,9621.237,1.1106,no
2025-04,27101999,IT,CA,4731.0,0.2,23.655,no
2025-04,27101999,IT,CH,123880.0,25.72,4.8165,no
2025-04,27101999,IT,CY,46779.0,47.12,0.9928,no
2025-04,27101999,IT,CZ,34779.0,4.468,7.784,no
2025-04,27101999,IT,DE,3828375.0,1408.714,2.7176,no
2025-04,27101999,IT,DK,334.0,0.1,3.34,no
2025-04,27101999,IT,EG,214470.0,245.29,0.8744,no
2025-04,27101999,IT,ES,2922287.0,2232.971,1.3087,no
2025-04,27101999,IT,FI,211.0,0.019,11.1053,no
2025-04,27101999,IT,FR,1280929.0,559.596,2.289,no
2025-04,27101999,IT,GB,7256881.0,7595.588,0.9554,no
2025-04,27101999,IT,GR,9172111.0,7385.011,1.242,no
2025-04,27101999,IT,HR,7651.0,1.834,4.1718,no
2025-04,27101999,IT,HU,772806.0,669.837,1.1537,no
2025-04,27101999,IT,ID,24609.0,7.211,3.4127,no
2025-04,27101999,IT,IN,191654.0,199.64,0.96,no
2025-04,27101999,IT,JP,20967.0,2.681,7.8206,no
2025-04,27101999,IT,KR,3893.0,0.115,33.8522,no
2025-04,27101999,IT,LV,8758.0,1.744,5.0218,no
2025-04,27101999,IT,NL,13988738.0,14645.465,0.9552,no
2025-04,27101999,IT,PL,1255637.0,1400.285,0.8967,no
2025-04,27101999,IT,RO,4149.0,0.06,69.15,no
2025-04,27101999,IT,SE,1813.0,0.051,35.549,no
2025-04,27101999,IT,SI,76063.0,16.78,4.533,no
2025-04,27101999,IT,TR,35540.0,13.954,2.5469,no
2025-04,27101999,IT,TW,5231.0,0.457,11.4464,no
2025-04,27101999,IT,US,443550.0,312.731,1.4183,no
2025-04,27101999,IT,UZ,844344.0,906.122,0.9318,no
2025-05,27101971,IT,CZ,452.0,0.001,452.0,no
2025-05,27101971,IT,DE,6928.0,1.94,3.5711,no
2025-05,27101971,IT,FR,18.0,0.001,18.0,no
2025-05,27101971,IT,IN,21429.0,20.1,1.0661,no
2025-05,27101971,IT,PL,340.0,0.013,26.1538,no
2025-05,27101971,IT,US,1453268.0,1659.48,0.8757,no
2025-05,27101981,IT,AL,50248.0,19.891,2.5262,no
2025-05,27101981,IT,AT,734551.0,155.606,4.7206,no
2025-05,27101981,IT,BE,5455907.0,2001.726,2.7256,no
2025-05,27101981,IT,BG,223962.0,28.27,7.9222,no
2025-05,27101981,IT,CH,5132.0,0.369,13.9079,no
2025-05,27101981,IT,CZ,118238.0,21.104,5.6026,no
2025-05,27101981,IT,DE,3731177.0,914.572,4.0797,no
2025-05,27101981,IT,ES,2888512.0,1107.521,2.6081,no
2025-05,27101981,IT,FR,4738063.0,1835.01,2.582,no
2025-05,27101981,IT,GB,108591.0,39.786,2.7294,no
2025-05,27101981,IT,GR,938.0,0.313,2.9968,no
2025-05,27101981,IT,HR,222444.0,71.557,3.1086,no
2025-05,27101981,IT,HU,127160.0,66.08,1.9243,no
2025-05,27101981,IT,IE,2011.0,0.585,3.4376,no
2025-05,27101981,IT,IN,3808.0,1.347,2.827,no
2025-05,27101981,IT,JP,8168.0,0.066,123.7576,no
2025-05,27101981,IT,NL,1997293.0,657.869,3.036,no
2025-05,27101981,IT,PL,25283.0,12.288,2.0575,no
2025-05,27101981,IT,SE,152034.0,58.316,2.6071,no
2025-05,27101981,IT,SI,31427.0,3.934,7.9886,no
2025-05,27101981,IT,SK,48367.0,9.438,5.1247,no
2025-05,27101981,IT,TR,49711.0,22.324,2.2268,no
2025-05,27101981,IT,US,86455.0,28.793,3.0026,no
2025-05,27101983,IT,AT,55307.0,31.406,1.761,no
2025-05,27101983,IT,BE,160865.0,65.911,2.4406,no
2025-05,27101983,IT,BG,107706.0,57.026,1.8887,no
2025-05,27101983,IT,CH,4646.0,0.592,7.848,no
2025-05,27101983,IT,CZ,31364.0,8.429,3.721,no
2025-05,27101983,IT,DE,408412.0,138.86,2.9412,no
2025-05,27101983,IT,DK,5042.0,1.246,4.0465,no
2025-05,27101983,IT,ES,264351.0,121.487,2.176,no
2025-05,27101983,IT,FI,1557.0,0.389,4.0026,no
2025-05,27101983,IT,FR,152326.0,53.821,2.8302,no
2025-05,27101983,IT,GB,19530.0,3.411,5.7256,no
2025-05,27101983,IT,HR,17288.0,10.211,1.6931,no
2025-05,27101983,IT,HU,229905.0,176.541,1.3023,no
2025-05,27101983,IT,MT,2428752.0,658.0,3.6911,no
2025-05,27101983,IT,NL,153365.0,71.243,2.1527,no
2025-05,27101983,IT,PL,3635.0,2.235,1.6264,no
2025-05,27101983,IT,SE,10778.0,3.811,2.8281,no
2025-05,27101983,IT,SI,1463.0,0.864,1.6933,no
2025-05,27101983,IT,SK,148029.0,48.508,3.0516,no
2025-05,27101983,IT,TR,2345.0,1.478,1.5866,no
2025-05,27101983,IT,US,3960.0,0.363,10.9091,no
2025-05,27101985,IT,AT,1721.0,0.525,3.2781,no
2025-05,27101985,IT,BE,30806.0,6.111,5.0411,no
2025-05,27101985,IT,CH,3151.0,0.18,17.5056,no
2025-05,27101985,IT,CZ,43.0,0.001,43.0,no
2025-05,27101985,IT,DE,271001.0,128.495,2.109,no
2025-05,27101985,IT,DK,2.0,0.001,2.0,no
2025-05,27101985,IT,ES,128116.0,98.004,1.3073,no
2025-05,27101985,IT,FR,159227.0,118.503,1.3437,no
2025-05,27101985,IT,HU,2722.0,1.361,2.0,no
2025-05,27101985,IT,IN,386252.0,320.32,1.2058,no
2025-05,27101985,IT,NL,317233.0,161.507,1.9642,no
2025-05,27101985,IT,PL,13.0,0.002,6.5,no
2025-05,27101985,IT,PT,6494.0,3.4,1.91,no
2025-05,27101985,IT,SI,84.0,0.011,7.6364,no
2025-05,27101987,IT,AT,24549.0,6.298,3.8979,no
2025-05,27101987,IT,BE,281168.0,85.672,3.2819,no
2025-05,27101987,IT,CZ,13774.0,1.421,9.6932,no
2025-05,27101987,IT,DE,662990.0,125.031,5.3026,no
2025-05,27101987,IT,DK,100141.0,10.757,9.3094,no
2025-05,27101987,IT,ES,316601.0,131.928,2.3998,no
2025-05,27101987,IT,FR,443530.0,132.404,3.3498,no
2025-05,27101987,IT,GB,1488.0,0.091,16.3516,no
2025-05,27101987,IT,GR,549.0,0.198,2.7727,no
2025-05,27101987,IT,HR,416.0,0.187,2.2246,no
2025-05,27101987,IT,HU,33059.0,17.798,1.8575,no
2025-05,27101987,IT,KR,9453.0,0.511,18.499,no
2025-05,27101987,IT,NL,154271.0,45.317,3.4043,no
2025-05,27101987,IT,PL,2851.0,0.182,15.6648,no
2025-05,27101987,IT,SE,37386.0,6.341,5.8959,no
2025-05,27101987,IT,SI,211.0,0.022,9.5909,no
2025-05,27101987,IT,TR,13077.0,6.221,2.1021,no
2025-05,27101987,IT,US,27628.0,2.909,9.4974,no
2025-05,27101991,IT,AT,19351.0,3.987,4.8535,no
2025-05,27101991,IT,BE,7848.0,1.574,4.986,no
2025-05,27101991,IT,BG,3095.0,0.4,7.7375,no
2025-05,27101991,IT,CZ,3.0,0.001,3.0,no
2025-05,27101991,IT,DE,344474.0,103.583,3.3256,no
2025-05,27101991,IT,ES,14413.0,5.256,2.7422,no
2025-05,27101991,IT,FR,313635.0,110.077,2.8492,no
2025-05,27101991,IT,GB,163272.0,77.38,2.11,no
2025-05,27101991,IT,MX,36710.0,7.584,4.8405,no
2025-05,27101991,IT,NL,9383.0,1.293,7.2568,no
2025-05,27101991,IT,SE,5205.0,0.886,5.8747,no
2025-05,27101993,IT,BE,333550.0,180.056,1.8525,no
2025-05,27101993,IT,DE,38472.0,40.58,0.9481,no
2025-05,27101993,IT,EG,62644.0,73.892,0.8478,no
2025-05,27101993,IT,FR,149761.0,116.481,1.2857,no
2025-05,27101993,IT,GB,238749.0,94.7,2.5211,no
2025-05,27101993,IT,NL,7573511.0,5824.679,1.3002,no
2025-05,27101999,IT,AE,23121.0,19.994,1.1564,no
2025-05,27101999,IT,AT,42720.0,6.065,7.0437,no
2025-05,27101999,IT,BE,9057708.0,7362.006,1.2303,no
2025-05,27101999,IT,BG,1594.0,0.562,2.8363,no
2025-05,27101999,IT,CA,3069.0,0.183,16.7705,no
2025-05,27101999,IT,CH,82399.0,18.965,4.3448,no
2025-05,27101999,IT,CY,82766.0,55.355,1.4952,no
2025-05,27101999,IT,CZ,58388.0,15.205,3.8401,no
2025-05,27101999,IT,DE,3449590.0,1129.808,3.0533,no
2025-05,27101999,IT,EE,496.0,0.037,13.4054,no
2025-05,27101999,IT,EG,364777.0,505.125,0.7222,no
2025-05,27101999,IT,ES,5498099.0,4192.014,1.3116,no
2025-05,27101999,IT,FI,289.0,0.019,15.2105,no
2025-05,27101999,IT,FR,1134431.0,512.225,2.2147,no
2025-05,27101999,IT,GB,4045927.0,4495.16,0.9001,no
2025-05,27101999,IT,GR,8474980.0,7526.268,1.1261,no
2025-05,27101999,IT,HR,12192.0,2.872,4.2451,no
2025-05,27101999,IT,HU,643055.0,441.438,1.4567,no
2025-05,27101999,IT,IN,18905.0,19.9,0.95,no
2025-05,27101999,IT,JP,3516.0,0.18,19.5333,no
2025-05,27101999,IT,LV,4672.0,0.886,5.2731,no
2025-05,27101999,IT,MT,411982.0,287.35,1.4337,no
2025-05,27101999,IT,MY,3554112.0,3862.548,0.9201,no
2025-05,27101999,IT,NL,12140302.0,12366.738,0.9817,no
2025-05,27101999,IT,PL,2045532.0,2264.631,0.9033,no
2025-05,27101999,IT,RO,4678.0,0.093,50.3011,no
2025-05,27101999,IT,SA,34280.0,43.0,0.7972,no
2025-05,27101999,IT,SE,93325.0,39.106,2.3865,no
2025-05,27101999,IT,SI,83848.0,14.663,5.7183,no
2025-05,27101999,IT,SK,25.0,0.008,3.125,no
2025-05,27101999,IT,TR,20148.0,10.441,1.9297,no
2025-05,27101999,IT,US,3628004.0,1072.419,3.383,no
2025-05,27101999,IT,UZ,356000.0,360.0,0.9889,no
2025-06,27101971,IT,DE,5592.0,2.036,2.7466,no
2025-06,27101971,IT,US,950850.0,1007.316,0.9439,no
2025-06,27101981,IT,AL,69100.0,27.819,2.4839,no
2025-06,27101981,IT,AT,785959.0,320.9,2.4492,no
2025-06,27101981,IT,BE,4156362.0,1498.21,2.7742,no
2025-06,27101981,IT,CZ,153460.0,30.351,5.0562,no
2025-06,27101981,IT,DE,4624346.0,1143.392,4.0444,no
2025-06,27101981,IT,EE,124224.0,42.04,2.9549,no
2025-06,27101981,IT,ES,1799581.0,660.391,2.725,no
2025-06,27101981,IT,FI,110.0,0.008,13.75,no
2025-06,27101981,IT,FR,5329805.0,2123.707,2.5097,no
2025-06,27101981,IT,GB,41871.0,15.19,2.7565,no
2025-06,27101981,IT,GR,96232.0,44.764,2.1498,no
2025-06,27101981,IT,HR,210248.0,73.063,2.8776,no
2025-06,27101981,IT,HU,140878.0,75.05,1.8771,no
2025-06,27101981,IT,IE,1456.0,0.39,3.7333,no
2025-06,27101981,IT,NL,2263816.0,758.959,2.9828,no
2025-06,27101981,IT,PL,10275.0,2.541,4.0437,no
2025-06,27101981,IT,RO,665.0,0.209,3.1818,no
2025-06,27101981,IT,SE,104668.0,47.873,2.1864,no
2025-06,27101981,IT,SI,64127.0,7.93,8.0866,no
2025-06,27101981,IT,TR,2913.0,1.41,2.066,no
2025-06,27101981,IT,UA,16701.0,9.178,1.8197,no
2025-06,27101981,IT,US,20803.0,2.5,8.3212,no
2025-06,27101983,IT,AT,41504.0,32.148,1.291,no
2025-06,27101983,IT,AZ,24449.0,15.004,1.6295,no
2025-06,27101983,IT,BE,177862.0,71.487,2.488,no
2025-06,27101983,IT,CZ,32105.0,8.528,3.7647,no
2025-06,27101983,IT,DE,295990.0,122.772,2.4109,no
2025-06,27101983,IT,DK,7947.0,0.471,16.8726,no
2025-06,27101983,IT,ES,620957.0,335.596,1.8503,no
2025-06,27101983,IT,FR,164461.0,74.611,2.2042,no
2025-06,27101983,IT,GB,16459.0,5.07,3.2464,no
2025-06,27101983,IT,GR,11092.0,5.127,2.1634,no
2025-06,27101983,IT,HR,52130.0,29.921,1.7423,no
2025-06,27101983,IT,HU,241298.0,179.905,1.3413,no
2025-06,27101983,IT,MT,5164467.0,1512.3,3.415,no
2025-06,27101983,IT,NL,78306.0,36.216,2.1622,no
2025-06,27101983,IT,PL,201.0,0.014,14.3571,no
2025-06,27101983,IT,SE,9242.0,5.55,1.6652,no
2025-06,27101983,IT,SI,1437.0,0.792,1.8144,no
2025-06,27101983,IT,SK,65741.0,7.56,8.6959,no
2025-06,27101983,IT,US,2480.0,0.363,6.832,no
2025-06,27101985,IT,AT,1982.0,0.21,9.4381,no
2025-06,27101985,IT,BE,88854.0,14.306,6.211,no
2025-06,27101985,IT,CN,4264.0,0.725,5.8814,no
2025-06,27101985,IT,CZ,5.0,0.001,5.0,no
2025-06,27101985,IT,DE,187558.0,85.41,2.196,no
2025-06,27101985,IT,ES,178065.0,139.913,1.2727,no
2025-06,27101985,IT,FR,433341.0,294.998,1.469,no
2025-06,27101985,IT,HU,1087.0,0.509,2.1356,no
2025-06,27101985,IT,IN,388575.0,321.82,1.2074,no
2025-06,27101985,IT,NL,302551.0,169.302,1.787,no
2025-06,27101985,IT,PT,6494.0,3.4,1.91,no
2025-06,27101987,IT,AL,9948.0,4.573,2.1754,no
2025-06,27101987,IT,AT,23681.0,6.588,3.5946,no
2025-06,27101987,IT,AZ,6740.0,4.037,1.6696,no
2025-06,27101987,IT,BE,254416.0,90.295,2.8176,no
2025-06,27101987,IT,CZ,15024.0,1.967,7.638,no
2025-06,27101987,IT,DE,749406.0,175.574,4.2683,no
2025-06,27101987,IT,DK,2769.0,0.052,53.25,no
2025-06,27101987,IT,ES,497183.0,182.129,2.7298,no
2025-06,27101987,IT,FR,400246.0,100.441,3.9849,no
2025-06,27101987,IT,GB,36950.0,4.492,8.2257,no
2025-06,27101987,IT,GR,17395.0,2.743,6.3416,no
2025-06,27101987,IT,HR,1303.0,0.376,3.4654,no
2025-06,27101987,IT,HU,25726.0,15.478,1.6621,no
2025-06,27101987,IT,KR,4580.0,0.216,21.2037,no
2025-06,27101987,IT,NL,230570.0,127.815,1.8039,no
2025-06,27101987,IT,PL,3468.0,0.066,52.5455,no
2025-06,27101987,IT,RO,234.0,0.02,11.7,no
2025-06,27101987,IT,SE,41644.0,7.152,5.8227,no
2025-06,27101987,IT,US,17441.0,1.849,9.4327,no
2025-06,27101991,IT,AT,10680.0,1.972,5.4158,no
2025-06,27101991,IT,BE,1420.0,0.529,2.6843,no
2025-06,27101991,IT,CH,9745.0,0.343,28.4111,no
2025-06,27101991,IT,CN,1593.0,0.072,22.125,no
2025-06,27101991,IT,CZ,9.0,0.001,9.0,no
2025-06,27101991,IT,DE,390346.0,136.745,2.8546,no
2025-06,27101991,IT,ES,31079.0,13.624,2.2812,no
2025-06,27101991,IT,FR,279424.0,92.296,3.0275,no
2025-06,27101991,IT,GB,280124.0,132.76,2.11,no
2025-06,27101991,IT,IE,2081.0,0.36,5.7806,no
2025-06,27101991,IT,MX,50259.0,10.0,5.0259,no
2025-06,27101991,IT,NL,155.0,0.027,5.7407,no
2025-06,27101991,IT,PL,48.0,0.008,6.0,no
2025-06,27101991,IT,SE,5111.0,0.87,5.8747,no
2025-06,27101991,IT,SI,22080.0,16.27,1.3571,no
2025-06,27101991,IT,US,1040.0,0.076,13.6842,no
2025-06,27101993,IT,BE,151670.0,89.491,1.6948,no
2025-06,27101993,IT,CH,2938.0,0.145,20.2621,no
2025-06,27101993,IT,CN,75000.0,31.5,2.381,no
2025-06,27101993,IT,DE,92377.0,104.738,0.882,no
2025-06,27101993,IT,EG,15210.0,18.2,0.8357,no
2025-06,27101993,IT,FR,105603.0,83.367,1.2667,no
2025-06,27101993,IT,GB,387594.0,109.8,3.53,no
2025-06,27101993,IT,SE,27637.0,4.836,5.7148,no
2025-06,27101999,IT,AT,349435.0,22.451,15.5643,no
2025-06,27101999,IT,BE,8567996.0,7274.239,1.1779,no
2025-06,27101999,IT,CA,4879.0,0.283,17.2403,no
2025-06,27101999,IT,CH,82677.0,18.927,4.3682,no
2025-06,27101999,IT,CY,42438.0,49.385,0.8593,no
2025-06,27101999,IT,CZ,12600.0,1.525,8.2623,no
2025-06,27101999,IT,DE,6111269.0,3111.771,1.9639,no
2025-06,27101999,IT,DK,4671.0,0.266,17.5602,no
2025-06,27101999,IT,EG,345416.0,489.94,0.705,no
2025-06,27101999,IT,ES,4363502.0,3736.99,1.1677,no
2025-06,27101999,IT,FR,790221.0,1302.3,0.6068,no
2025-06,27101999,IT,GB,2358125.0,2510.112,0.9395,no
2025-06,27101999,IT,GR,8744205.0,7634.463,1.1454,no
2025-06,27101999,IT,HR,9063.0,1.992,4.5497,no
2025-06,27101999,IT,HU,373313.0,438.757,0.8508,no
2025-06,27101999,IT,JP,27086.0,1.371,19.7564,no
2025-06,27101999,IT,LT,9.0,0.001,9.0,no
2025-06,27101999,IT,LV,6689.0,1.304,5.1296,no
2025-06,27101999,IT,MY,1043.0,0.136,7.6691,no
2025-06,27101999,IT,NL,16747342.0,19683.718,0.8508,no
2025-06,27101999,IT,PL,2152649.0,2507.244,0.8586,no
2025-06,27101999,IT,PT,143792.0,12.514,11.4905,no
2025-06,27101999,IT,RO,4335.0,0.147,29.4898,no
2025-06,27101999,IT,SA,43292.0,63.24,0.6846,no
2025-06,27101999,IT,SE,31930.0,27.85,1.1465,no
2025-06,27101999,IT,SI,125665.0,21.4,5.8722,no
2025-06,27101999,IT,TR,122667.0,35.385,3.4666,no
2025-06,27101999,IT,TW,2419.0,0.138,17.529,no
2025-06,27101999,IT,US,334122.0,286.385,1.1667,no
2025-07,27101971,IT,DE,4929.0,1.853,2.66,no
2025-07,27101971,IT,GB,2233.0,0.082,27.2317,no
2025-07,27101971,IT,US,2326235.0,2689.938,0.8648,no
2025-07,27101981,IT,AL,26950.0,12.547,2.1479,no
2025-07,27101981,IT,AT,728613.0,160.438,4.5414,no
2025-07,27101981,IT,BE,4584333.0,1645.044,2.7868,no
2025-07,27101981,IT,BG,38811.0,6.105,6.3572,no
2025-07,27101981,IT,CZ,41062.0,7.226,5.6825,no
2025-07,27101981,IT,DE,4092528.0,1204.786,3.3969,no
2025-07,27101981,IT,ES,2658624.0,1111.228,2.3925,no
2025-07,27101981,IT,FR,4517193.0,1623.502,2.7824,no
2025-07,27101981,IT,GB,91690.0,33.202,2.7616,no
2025-07,27101981,IT,GR,5912.0,2.223,2.6595,no
2025-07,27101981,IT,HR,80328.0,27.614,2.909,no
2025-07,27101981,IT,HU,42670.0,27.98,1.525,no
2025-07,27101981,IT,NL,2811535.0,976.864,2.8781,no
2025-07,27101981,IT,PL,81348.0,18.969,4.2885,no
2025-07,27101981,IT,RO,15530.0,2.67,5.8165,no
2025-07,27101981,IT,SE,213666.0,60.122,3.5539,no
2025-07,27101981,IT,SI,373761.0,46.861,7.976,no
2025-07,27101981,IT,SK,663138.0,154.488,4.2925,no
2025-07,27101981,IT,TR,29022.0,8.511,3.4099,no
2025-07,27101981,IT,UA,39768.0,16.426,2.421,no
2025-07,27101981,IT,US,46614.0,7.469,6.241,no
2025-07,27101983,IT,AT,47805.0,27.123,1.7625,no
2025-07,27101983,IT,BE,171743.0,137.779,1.2465,no
2025-07,27101983,IT,BG,22525.0,15.798,1.4258,no
2025-07,27101983,IT,CZ,30277.0,9.339,3.242,no
2025-07,27101983,IT,DE,461360.0,201.701,2.2873,no
2025-07,27101983,IT,DK,3919.0,0.666,5.8844,no
2025-07,27101983,IT,ES,494170.0,238.534,2.0717,no
2025-07,27101983,IT,FR,168643.0,70.448,2.3939,no
2025-07,27101983,IT,GB,1106.0,0.013,85.0769,no
2025-07,27101983,IT,HR,18869.0,9.363,2.0153,no
2025-07,27101983,IT,HU,70768.0,60.121,1.1771,no
2025-07,27101983,IT,IE,632.0,0.291,2.1718,no
2025-07,27101983,IT,MA,2560.0,0.8,3.2,no
2025-07,27101983,IT,NL,111919.0,49.06,2.2813,no
2025-07,27101983,IT,PL,2998.0,1.806,1.66,no
2025-07,27101983,IT,SE,20676.0,4.518,4.5764,no
2025-07,27101983,IT,SG,13025.0,7.904,1.6479,no
2025-07,27101983,IT,SI,3072.0,1.782,1.7239,no
2025-07,27101983,IT,SK,16285.0,0.723,22.5242,no
2025-07,27101983,IT,TR,2060.0,0.242,8.5124,no
2025-07,27101985,IT,AT,1783.0,0.261,6.8314,no
2025-07,27101985,IT,BE,24296.0,4.739,5.1268,no
2025-07,27101985,IT,CN,4225.0,0.725,5.8276,no
2025-07,27101985,IT,CZ,47.0,0.004,11.75,no
2025-07,27101985,IT,DE,379651.0,218.541,1.7372,no
2025-07,27101985,IT,ES,429459.0,352.622,1.2179,no
2025-07,27101985,IT,FR,472901.0,353.323,1.3384,no
2025-07,27101985,IT,GB,1055.0,0.034,31.0294,no
2025-07,27101985,IT,IN,759484.0,718.92,1.0564,no
2025-07,27101985,IT,NL,337609.0,191.096,1.7667,no
2025-07,27101985,IT,PL,5.0,0.001,5.0,no
2025-07,27101987,IT,AT,70385.0,12.835,5.4838,no
2025-07,27101987,IT,BE,311332.0,102.945,3.0243,no
2025-07,27101987,IT,CZ,19685.0,2.296,8.5736,no
2025-07,27101987,IT,DE,724439.0,131.991,5.4885,no
2025-07,27101987,IT,DK,17265.0,1.586,10.8859,no
2025-07,27101987,IT,ES,368016.0,155.764,2.3627,no
2025-07,27101987,IT,FR,743158.0,189.933,3.9127,no
2025-07,27101987,IT,GB,25146.0,1.107,22.7154,no
2025-07,27101987,IT,GR,1811.0,0.891,2.0325,no
2025-07,27101987,IT,HR,1040.0,0.372,2.7957,no
2025-07,27101987,IT,HU,57.0,0.009,6.3333,no
2025-07,27101987,IT,KR,17782.0,0.713,24.9397,no
2025-07,27101987,IT,MT,3086.0,0.481,6.4158,no
2025-07,27101987,IT,NL,284122.0,185.185,1.5343,no
2025-07,27101987,IT,PL,7101.0,0.301,23.5914,no
2025-07,27101987,IT,RO,123.0,0.015,8.2,no
2025-07,27101987,IT,SE,49295.0,9.816,5.0219,no
2025-07,27101987,IT,SK,17.0,0.004,4.25,no
2025-07,27101987,IT,TR,66641.0,33.63,1.9816,no
2025-07,27101987,IT,UA,1649.0,0.512,3.2207,no
2025-07,27101991,IT,AT,5766.0,1.597,3.6105,no
2025-07,27101991,IT,BE,4214.0,0.545,7.7321,no
2025-07,27101991,IT,CZ,6.0,0.001,6.0,no
2025-07,27101991,IT,DE,368177.0,117.454,3.1346,no
2025-07,27101991,IT,ES,19339.0,6.695,2.8886,no
2025-07,27101991,IT,FR,287084.0,101.696,2.823,no
2025-07,27101991,IT,GB,174786.0,82.15,2.1276,no
2025-07,27101991,IT,IE,792.0,0.18,4.4,no
2025-07,27101991,IT,MX,57494.0,11.53,4.9865,no
2025-07,27101991,IT,NL,1573.0,0.413,3.8087,no
2025-07,27101991,IT,PL,5.0,0.001,5.0,no
2025-07,27101991,IT,SE,1810.0,0.308,5.8766,no
2025-07,27101993,IT,BE,180946.0,118.294,1.5296,no
2025-07,27101993,IT,DE,47127.0,52.07,0.9051,no
2025-07,27101993,IT,FI,9570.0,8.7,1.1,no
2025-07,27101993,IT,FR,272372.0,217.532,1.2521,no
2025-07,27101993,IT,GB,65522.0,17.725,3.6966,no
2025-07,27101993,IT,NL,28.0,0.003,9.3333,no
2025-07,27101999,IT,AT,41844.0,9.912,4.2215,no
2025-07,27101999,IT,BE,8016300.0,6348.329,1.2627,no
2025-07,27101999,IT,BG,7512.0,4.265,1.7613,no
2025-07,27101999,IT,CA,12484.0,1.343,9.2956,no
2025-07,27101999,IT,CH,176018.0,34.393,5.1178,no
2025-07,27101999,IT,CI,5920.0,0.489,12.1063,no
2025-07,27101999,IT,CY,27227.0,12.288,2.2157,no
2025-07,27101999,IT,CZ,13752.0,1.903,7.2265,no
2025-07,27101999,IT,DE,4247481.0,1528.641,2.7786,no
2025-07,27101999,IT,DK,6690.0,0.415,16.1205,no
2025-07,27101999,IT,EE,499.0,0.037,13.4865,no
2025-07,27101999,IT,EG,250387.0,351.86,0.7116,no
2025-07,27101999,IT,ES,3706258.0,2133.981,1.7368,no
2025-07,27101999,IT,FI,7200.0,0.557,12.9264,no
2025-07,27101999,IT,FR,1323193.0,573.338,2.3079,no
2025-07,27101999,IT,GB,4525834.0,4983.396,0.9082,no
2025-07,27101999,IT,GR,8730689.0,7516.813,1.1615,no
2025-07,27101999,IT,HR,9163.0,2.569,3.5668,no
2025-07,27101999,IT,HU,376219.0,279.971,1.3438,no
2025-07,27101999,IT,ID,1166.0,0.046,25.3478,no
2025-07,27101999,IT,IL,94272.0,78.673,1.1983,no
2025-07,27101999,IT,IN,17029.0,19.5,0.8733,no
2025-07,27101999,IT,JP,74694.0,10.337,7.2259,no
2025-07,27101999,IT,KR,315614.0,398.124,0.7928,no
2025-07,27101999,IT,LU,100.0,0.01,10.0,no
2025-07,27101999,IT,LV,564.0,0.028,20.1429,no
2025-07,27101999,IT,MA,1875.0,0.5,3.75,no
2025-07,27101999,IT,MY,1645445.0,1739.205,0.9461,no
2025-07,27101999,IT,NL,5034327.0,3719.56,1.3535,no
2025-07,27101999,IT,NO,1184.0,0.01,118.4,no
2025-07,27101999,IT,PL,1558035.0,1789.937,0.8704,no
2025-07,27101999,IT,SA,47956.0,64.1,0.7481,no
2025-07,27101999,IT,SE,84532.0,21.217,3.9842,no
2025-07,27101999,IT,SI,111671.0,22.139,5.0441,no
2025-07,27101999,IT,SK,35.0,0.01,3.5,no
2025-07,27101999,IT,TH,3415.0,0.17,20.0882,no
2025-07,27101999,IT,TR,1628.0,0.319,5.1034,no
2025-07,27101999,IT,TW,13217.0,0.727,18.1802,no
2025-07,27101999,IT,US,370681.0,175.706,2.1097,no
2025-08,27101971,IT,BE,343.0,0.016,21.4375,no
2025-08,27101971,IT,DE,5045.0,1.855,2.7197,no
2025-08,27101971,IT,PL,591.0,0.023,25.6957,no
2025-08,27101971,IT,TW,112707.0,100.1,1.1259,no
2025-08,27101971,IT,US,1148275.0,1226.26,0.9364,no
2025-08,27101981,IT,AT,508019.0,154.316,3.2921,no
2025-08,27101981,IT,BE,2842514.0,1061.994,2.6766,no
2025-08,27101981,IT,CH,1605.0,0.105,15.2857,no
2025-08,27101981,IT,CZ,27455.0,4.654,5.8992,no
2025-08,27101981,IT,DE,3654657.0,1246.997,2.9308,no
2025-08,27101981,IT,DZ,1829.0,0.001,1829.0,no
2025-08,27101981,IT,ES,1965691.0,821.198,2.3937,no
2025-08,27101981,IT,FR,2626822.0,1027.981,2.5553,no
2025-08,27101981,IT,GR,50559.0,24.535,2.0607,no
2025-08,27101981,IT,HR,71573.0,26.469,2.704,no
2025-08,27101981,IT,HU,237101.0,116.408,2.0368,no
2025-08,27101981,IT,ID,1507.0,0.052,28.9808,no
2025-08,27101981,IT,IE,2538.0,0.6,4.23,no
2025-08,27101981,IT,IN,3206.0,1.113,2.8805,no
2025-08,27101981,IT,NL,1801936.0,549.911,3.2768,no
2025-08,27101981,IT,PL,13025.0,0.166,78.4639,no
2025-08,27101981,IT,SE,38433.0,22.077,1.7409,no
2025-08,27101981,IT,SI,664372.0,94.303,7.0451,no
2025-08,27101981,IT,SK,275222.0,81.636,3.3713,no
2025-08,27101981,IT,TR,66559.0,29.971,2.2208,no
2025-08,27101981,IT,UA,41191.0,16.168,2.5477,no
2025-08,27101981,IT,US,17953.0,4.691,3.8271,no
2025-08,27101983,IT,AT,19450.0,11.006,1.7672,no
2025-08,27101983,IT,BE,139762.0,48.612,2.8751,no
2025-08,27101983,IT,CZ,9084.0,2.172,4.1823,no
2025-08,27101983,IT,DE,298130.0,114.373,2.6066,no
2025-08,27101983,IT,DK,1547.0,0.471,3.2845,no
2025-08,27101983,IT,ES,371689.0,176.64,2.1042,no
2025-08,27101983,IT,FR,118992.0,54.568,2.1806,no
2025-08,27101983,IT,HR,23005.0,12.618,1.8232,no
2025-08,27101983,IT,HU,258215.0,201.324,1.2826,no
2025-08,27101983,IT,NL,55734.0,32.924,1.6928,no
2025-08,27101983,IT,PL,132.0,0.013,10.1538,no
2025-08,27101983,IT,QV,23687.0,6.457,3.6684,no
2025-08,27101983,IT,SE,12389.0,3.915,3.1645,no
2025-08,27101983,IT,SI,580.0,0.324,1.7901,no
2025-08,27101983,IT,SK,6175.0,1.21,5.1033,no
2025-08,27101983,IT,UA,1293.0,0.875,1.4777,no
2025-08,27101985,IT,AT,6.0,0.002,3.0,no
2025-08,27101985,IT,BE,11110.0,2.27,4.8943,no
2025-08,27101985,IT,CH,1040.0,0.06,17.3333,no
2025-08,27101985,IT,DE,121392.0,73.69,1.6473,no
2025-08,27101985,IT,DK,17175.0,2.38,7.2164,no
2025-08,27101985,IT,ES,38923.0,30.44,1.2787,no
2025-08,27101985,IT,FR,275840.0,208.744,1.3214,no
2025-08,27101985,IT,HU,501.0,0.154,3.2532,no
2025-08,27101985,IT,IN,21256.0,19.94,1.066,no
2025-08,27101985,IT,NL,98360.0,51.98,1.8923,no
2025-08,27101987,IT,AT,10607.0,2.259,4.6954,no
2025-08,27101987,IT,BE,181924.0,56.832,3.2011,no
2025-08,27101987,IT,CZ,9188.0,0.825,11.137,no
2025-08,27101987,IT,DE,1139121.0,268.285,4.2459,no
2025-08,27101987,IT,DK,1942.0,0.216,8.9907,no
2025-08,27101987,IT,ES,190264.0,69.084,2.7541,no
2025-08,27101987,IT,FR,336917.0,73.221,4.6014,no
2025-08,27101987,IT,HR,1040.0,0.372,2.7957,no
2025-08,27101987,IT,HU,24008.0,10.619,2.2609,no
2025-08,27101987,IT,KR,4113.0,0.175,23.5029,no
2025-08,27101987,IT,NL,114855.0,266.969,0.4302,no
2025-08,27101987,IT,PL,779.0,0.063,12.3651,no
2025-08,27101987,IT,QV,29582.0,8.194,3.6102,no
2025-08,27101987,IT,SE,45931.0,10.343,4.4408,no
2025-08,27101987,IT,SI,143.0,0.018,7.9444,no
2025-08,27101987,IT,SK,34.0,0.007,4.8571,no
2025-08,27101987,IT,TR,6463.0,2.989,2.1623,no
2025-08,27101987,IT,UA,1649.0,0.522,3.159,no
2025-08,27101991,IT,AT,7332.0,1.744,4.2041,no
2025-08,27101991,IT,BE,34889.0,13.743,2.5387,no
2025-08,27101991,IT,CZ,6.0,0.001,6.0,no
2025-08,27101991,IT,DE,255701.0,85.873,2.9777,no
2025-08,27101991,IT,FR,228999.0,75.776,3.0221,no
2025-08,27101991,IT,GB,162834.0,77.54,2.1,no
2025-08,27101991,IT,MX,26248.0,4.824,5.4411,no
2025-08,27101991,IT,NL,187.0,0.009,20.7778,no
2025-08,27101991,IT,SE,1551.0,0.264,5.875,no
2025-08,27101991,IT,SI,20744.0,16.27,1.275,no
2025-08,27101993,IT,BE,174540.0,115.325,1.5135,no
2025-08,27101993,IT,DE,73501.0,71.04,1.0346,no
2025-08,27101993,IT,FR,63929.0,47.361,1.3498,no
2025-08,27101993,IT,GB,314045.0,96.68,3.2483,no
2025-08,27101999,IT,AE,46058.0,39.981,1.152,no
2025-08,27101999,IT,AT,20514.0,2.375,8.6375,no
2025-08,27101999,IT,AZ,21132.0,20.2,1.0461,no
2025-08,27101999,IT,BE,4193821.0,2226.542,1.8836,no
2025-08,27101999,IT,BG,4896.0,2.462,1.9886,no
2025-08,27101999,IT,CH,47563.0,8.368,5.6839,no
2025-08,27101999,IT,CZ,18007.0,1.632,11.0337,no
2025-08,27101999,IT,DE,2534541.0,721.727,3.5118,no
2025-08,27101999,IT,DK,5109.0,0.301,16.9734,no
2025-08,27101999,IT,EG,565207.0,744.21,0.7595,no
2025-08,27101999,IT,ES,1205607.0,715.442,1.6851,no
2025-08,27101999,IT,FR,3002961.0,733.81,4.0923,no
2025-08,27101999,IT,GB,19358.0,0.778,24.8817,no
2025-08,27101999,IT,GR,8249165.0,4461.249,1.8491,no
2025-08,27101999,IT,HR,8326.0,2.41,3.4548,no
2025-08,27101999,IT,HU,314903.0,173.515,1.8148,no
2025-08,27101999,IT,JP,24086.0,1.211,19.8893,no
2025-08,27101999,IT,KR,1344.0,0.09,14.9333,no
2025-08,27101999,IT,LV,7416.0,0.812,9.133,no
2025-08,27101999,IT,MY,4359620.0,4869.387,0.8953,no
2025-08,27101999,IT,NL,8407580.0,2598.335,3.2358,no
2025-08,27101999,IT,PL,1052046.0,134.994,7.7933,no
2025-08,27101999,IT,RO,116.0,0.006,19.3333,no
2025-08,27101999,IT,SA,15199.0,21.11,0.72,no
2025-08,27101999,IT,SE,34229.0,28.075,1.2192,no
2025-08,27101999,IT,SI,96412.0,15.62,6.1723,no
2025-08,27101999,IT,SK,73.0,0.026,2.8077,no
2025-08,27101999,IT,TR,45005.0,21.457,2.0975,no
2025-08,27101999,IT,TW,3313.0,0.242,13.6901,no
2025-08,27101999,IT,US,113590.0,102.837,1.1046,no
2025-08,27101999,IT,UZ,286400.0,288.0,0.9944,no
2025-09,27101971,IT,BE,259559.0,159.468,1.6277,no
2025-09,27101971,IT,DE,5045.0,1.854,2.7211,no
2025-09,27101971,IT,FR,18.0,0.001,18.0,no
2025-09,27101971,IT,PL,753.0,0.037,20.3514,no
2025-09,27101971,IT,US,1829019.0,2235.443,0.8182,no
2025-09,27101981,IT,AL,10284.0,4.491,2.2899,no
2025-09,27101981,IT,AT,506005.0,19.207,26.3448,no
2025-09,27101981,IT,BE,4312347.0,2130.266,2.0243,no
2025-09,27101981,IT,CH,4739.0,0.195,24.3026,no
2025-09,27101981,IT,CN,6076.0,0.67,9.0687,no
2025-09,27101981,IT,CZ,200138.0,38.942,5.1394,no
2025-09,27101981,IT,DE,3021583.0,893.495,3.3818,no
2025-09,27101981,IT,EE,259900.0,40.483,6.42,no
2025-09,27101981,IT,ES,2065146.0,847.299,2.4373,no
2025-09,27101981,IT,FR,5021195.0,2208.24,2.2738,no
2025-09,27101981,IT,GB,77511.0,30.657,2.5283,no
2025-09,27101981,IT,GR,28275.0,7.42,3.8106,no
2025-09,27101981,IT,HR,38113.0,14.323,2.661,no
2025-09,27101981,IT,HU,182382.0,93.893,1.9424,no
2025-09,27101981,IT,JP,1365.0,0.102,13.3824,no
2025-09,27101981,IT,LT,99290.0,15.466,6.4199,no
2025-09,27101981,IT,NL,1997761.0,787.668,2.5363,no
2025-09,27101981,IT,PL,98007.0,25.879,3.7871,no
2025-09,27101981,IT,SE,127221.0,40.029,3.1782,no
2025-09,27101981,IT,SI,181330.0,28.543,6.3529,no
2025-09,27101981,IT,SK,538401.0,411.154,1.3095,no
2025-09,27101981,IT,TR,31026.0,11.892,2.609,no
2025-09,27101981,IT,US,46640.0,8.103,5.7559,no
2025-09,27101983,IT,AT,15994.0,9.691,1.6504,no
2025-09,27101983,IT,BE,294031.0,102.949,2.8561,no
2025-09,27101983,IT,CZ,31772.0,9.39,3.3836,no
2025-09,27101983,IT,DE,365757.0,172.808,2.1166,no
2025-09,27101983,IT,DK,316.0,0.112,2.8214,no
2025-09,27101983,IT,ES,505957.0,222.587,2.2731,no
2025-09,27101983,IT,FR,287635.0,146.142,1.9682,no
2025-09,27101983,IT,GR,5091.0,2.199,2.3151,no
2025-09,27101983,IT,HR,11773.0,6.57,1.7919,no
2025-09,27101983,IT,HU,228441.0,175.275,1.3033,no
2025-09,27101983,IT,LT,7253.0,5.734,1.2649,no
2025-09,27101983,IT,NL,94001.0,35.296,2.6632,no
2025-09,27101983,IT,PL,13286.0,8.074,1.6455,no
2025-09,27101983,IT,SE,16921.0,6.711,2.5214,no
2025-09,27101983,IT,SI,1055.0,0.594,1.7761,no
2025-09,27101983,IT,SK,14642.0,2.747,5.3302,no
2025-09,27101985,IT,AT,851.0,0.218,3.9037,no
2025-09,27101985,IT,BE,38694.0,13.183,2.9351,no
2025-09,27101985,IT,DE,254863.0,138.449,1.8408,no
2025-09,27101985,IT,ES,241828.0,179.148,1.3499,no
2025-09,27101985,IT,FR,806262.0,583.775,1.3811,no
2025-09,27101985,IT,GB,2668.0,0.054,49.4074,no
2025-09,27101985,IT,HU,1316.0,0.68,1.9353,no
2025-09,27101985,IT,IN,401100.0,379.97,1.0556,no
2025-09,27101985,IT,NL,228705.0,133.184,1.7172,no
2025-09,27101985,IT,PT,6494.0,3.4,1.91,no
2025-09,27101985,IT,US,505576.0,452.081,1.1183,no
2025-09,27101987,IT,AT,19037.0,5.348,3.5596,no
2025-09,27101987,IT,BE,244242.0,483.2,0.5055,no
2025-09,27101987,IT,CZ,22623.0,3.112,7.2696,no
2025-09,27101987,IT,DE,553123.0,125.823,4.396,no
2025-09,27101987,IT,DK,2249.0,0.056,40.1607,no
2025-09,27101987,IT,ES,379501.0,138.721,2.7357,no
2025-09,27101987,IT,FR,767552.0,208.113,3.6882,no
2025-09,27101987,IT,GR,1452.0,0.539,2.6939,no
2025-09,27101987,IT,HU,23846.0,11.859,2.0108,no
2025-09,27101987,IT,LT,8569.0,1.16,7.3871,no
2025-09,27101987,IT,NL,68677.0,23.671,2.9013,no
2025-09,27101987,IT,PL,10873.0,2.704,4.0211,no
2025-09,27101987,IT,SE,67918.0,15.377,4.4169,no
2025-09,27101987,IT,SI,2397.0,0.306,7.8333,no
2025-09,27101987,IT,SK,5.0,0.001,5.0,no
2025-09,27101987,IT,TR,28770.0,13.71,2.0985,no
2025-09,27101987,IT,US,19468.0,1.989,9.7878,no
2025-09,27101991,IT,AT,1355.0,0.587,2.3083,no
2025-09,27101991,IT,BE,6695.0,1.022,6.5509,no
2025-09,27101991,IT,BG,3095.0,0.403,7.6799,no
2025-09,27101991,IT,CZ,30.0,0.004,7.5,no
2025-09,27101991,IT,DE,403265.0,127.96,3.1515,no
2025-09,27101991,IT,ES,26080.0,9.142,2.8528,no
2025-09,27101991,IT,FR,196009.0,72.978,2.6859,no
2025-09,27101991,IT,GB,224406.0,106.86,2.1,no
2025-09,27101991,IT,IE,7969.0,1.895,4.2053,no
2025-09,27101991,IT,MX,38740.0,7.58,5.1108,no
2025-09,27101991,IT,NL,31321.0,4.784,6.547,no
2025-09,27101991,IT,PL,75.0,0.012,6.25,no
2025-09,27101991,IT,SE,3114.0,0.53,5.8755,no
2025-09,27101991,IT,SI,21420.0,16.27,1.3165,no
2025-09,27101993,IT,BE,221699.0,168.437,1.3162,no
2025-09,27101993,IT,CN,131788.0,25.3,5.209,no
2025-09,27101993,IT,DE,130077.0,106.341,1.2232,no
2025-09,27101993,IT,FR,135571.0,111.727,1.2134,no
2025-09,27101993,IT,GB,857428.0,270.24,3.1728,no
2025-09,27101999,IT,AT,20760.0,3.381,6.1402,no
2025-09,27101999,IT,AZ,244848.0,239.72,1.0214,no
2025-09,27101999,IT,BE,7580723.0,5068.02,1.4958,no
2025-09,27101999,IT,CH,75104.0,15.582,4.8199,no
2025-09,27101999,IT,CY,57131.0,47.39,1.2055,no
2025-09,27101999,IT,CZ,17058.0,2.556,6.6737,no
2025-09,27101999,IT,DE,5078612.0,2184.209,2.3251,no
2025-09,27101999,IT,DK,1102.0,0.063,17.4921,no
2025-09,27101999,IT,EG,428447.0,582.14,0.736,no
2025-09,27101999,IT,ES,4184057.0,2754.722,1.5189,no
2025-09,27101999,IT,FI,633.0,0.019,33.3158,no
2025-09,27101999,IT,FR,805556.0,312.956,2.574,no
2025-09,27101999,IT,GB,2124350.0,2518.228,0.8436,no
2025-09,27101999,IT,GR,5468487.0,1609.558,3.3975,no
2025-09,27101999,IT,HR,4316.0,0.99,4.3596,no
2025-09,27101999,IT,HU,323469.0,132.24,2.4461,no
2025-09,27101999,IT,IE,7.0,0.001,7.0,no
2025-09,27101999,IT,LV,1848.0,0.929,1.9892,no
2025-09,27101999,IT,NL,4242067.0,2856.537,1.485,no
2025-09,27101999,IT,PL,1617854.0,232.492,6.9588,no
2025-09,27101999,IT,SA,326984.0,434.33,0.7528,no
2025-09,27101999,IT,SE,82327.0,52.246,1.5758,no
2025-09,27101999,IT,SI,140395.0,25.487,5.5085,no
2025-09,27101999,IT,SK,93.0,0.028,3.3214,no
2025-09,27101999,IT,TR,86955.0,89.856,0.9677,no
2025-09,27101999,IT,US,506429.0,348.241,1.4542,no
2025-09,27101999,IT,UZ,89500.0,90.0,0.9944,no
2025-10,27101971,IT,BE,1505.0,0.451,3.337,no
2025-10,27101971,IT,DE,4266.0,1.67,2.5545,no
2025-10,27101971,IT,US,64088.0,59.266,1.0814,no
2025-10,27101981,IT,AT,480365.0,45.247,10.6165,no
2025-10,27101981,IT,BE,5244400.0,1863.728,2.8139,no
2025-10,27101981,IT,BG,28618.0,4.602,6.2186,no
2025-10,27101981,IT,CZ,78744.0,12.217,6.4454,no
2025-10,27101981,IT,DE,4737686.0,1263.286,3.7503,no
2025-10,27101981,IT,ES,2672053.0,1056.591,2.5289,no
2025-10,27101981,IT,FI,226804.0,72.204,3.1412,no
2025-10,27101981,IT,FR,4019807.0,1457.349,2.7583,no
2025-10,27101981,IT,GB,66478.0,19.293,3.4457,no
2025-10,27101981,IT,GR,2294.0,0.997,2.3009,no
2025-10,27101981,IT,HR,40428.0,13.65,2.9618,no
2025-10,27101981,IT,HU,162215.0,91.798,1.7671,no
2025-10,27101981,IT,IN,2752.0,1.01,2.7248,no
2025-10,27101981,IT,LT,30004.0,4.801,6.2495,no
2025-10,27101981,IT,NL,1706887.0,645.57,2.644,no
2025-10,27101981,IT,PL,51690.0,15.601,3.3132,no
2025-10,27101981,IT,RO,1369.0,0.789,1.7351,no
2025-10,27101981,IT,SE,289693.0,101.027,2.8675,no
2025-10,27101981,IT,SI,587010.0,117.502,4.9957,no
2025-10,27101981,IT,SK,69520.0,58.376,1.1909,no
2025-10,27101981,IT,TR,6321.0,3.577,1.7671,no
2025-10,27101981,IT,UA,44688.0,18.552,2.4088,no
2025-10,27101981,IT,US,31801.0,3.025,10.5127,no
2025-10,27101983,IT,AT,25957.0,14.559,1.7829,no
2025-10,27101983,IT,BE,211782.0,94.593,2.2389,no
2025-10,27101983,IT,BG,11345.0,5.938,1.9106,no
2025-10,27101983,IT,CZ,27787.0,7.486,3.7119,no
2025-10,27101983,IT,DE,359168.0,144.174,2.4912,no
2025-10,27101983,IT,DK,3641.0,1.195,3.0469,no
2025-10,27101983,IT,ES,224150.0,125.186,1.7905,no
2025-10,27101983,IT,FR,154438.0,61.558,2.5088,no
2025-10,27101983,IT,GB,25929.0,7.869,3.2951,no
2025-10,27101983,IT,HR,4347.0,2.042,2.1288,no
2025-10,27101983,IT,HU,155372.0,135.036,1.1506,no
2025-10,27101983,IT,IE,3696.0,1.76,2.1,no
2025-10,27101983,IT,LT,4310.0,2.489,1.7316,no
2025-10,27101983,IT,NL,136132.0,64.603,2.1072,no
2025-10,27101983,IT,PL,2746.0,0.544,5.0478,no
2025-10,27101983,IT,RO,1763.0,0.085,20.7412,no
2025-10,27101983,IT,SE,22253.0,6.636,3.3534,no
2025-10,27101983,IT,SI,2869.0,1.685,1.7027,no
2025-10,27101983,IT,SK,4488.0,0.243,18.4691,no
2025-10,27101983,IT,US,2229.0,0.041,54.3659,no
2025-10,27101985,IT,AT,3317.0,1.076,3.0827,no
2025-10,27101985,IT,BE,35334.0,9.131,3.8697,no
2025-10,27101985,IT,CH,1039.0,0.06,17.3167,no
2025-10,27101985,IT,CZ,4.0,0.001,4.0,no
2025-10,27101985,IT,DE,173396.0,49.925,3.4731,no
2025-10,27101985,IT,DK,10.0,0.03,0.3333,no
2025-10,27101985,IT,ES,307682.0,238.333,1.291,no
2025-10,27101985,IT,FR,313600.0,246.17,1.2739,no
2025-10,27101985,IT,GB,1280.0,0.019,67.3684,no
2025-10,27101985,IT,HR,5779.0,2.722,2.1231,no
2025-10,27101985,IT,HU,1081.0,0.509,2.1238,no
2025-10,27101985,IT,IN,339731.0,318.85,1.0655,no
2025-10,27101985,IT,NL,331808.0,180.295,1.8404,no
2025-10,27101985,IT,SI,76.0,0.012,6.3333,no
2025-10,27101985,IT,US,182161.0,164.581,1.1068,no
2025-10,27101987,IT,AT,16875.0,5.41,3.1192,no
2025-10,27101987,IT,BE,344036.0,130.546,2.6354,no
2025-10,27101987,IT,CN,1179.0,0.075,15.72,no
2025-10,27101987,IT,CZ,31458.0,4.417,7.122,no
2025-10,27101987,IT,DE,511613.0,108.226,4.7273,no
2025-10,27101987,IT,DK,7112.0,1.637,4.3445,no
2025-10,27101987,IT,ES,277754.0,109.339,2.5403,no
2025-10,27101987,IT,FR,644000.0,188.654,3.4137,no
2025-10,27101987,IT,GB,24795.0,1.107,22.3984,no
2025-10,27101987,IT,GR,1962.0,0.909,2.1584,no
2025-10,27101987,IT,HR,2912.0,1.118,2.6047,no
2025-10,27101987,IT,HU,31616.0,13.682,2.3108,no
2025-10,27101987,IT,KR,3657.0,0.15,24.38,no
2025-10,27101987,IT,LT,2290.0,0.31,7.3871,no
2025-10,27101987,IT,NL,247151.0,76.426,3.2339,no
2025-10,27101987,IT,PL,7712.0,2.46,3.135,no
2025-10,27101987,IT,RO,191.0,0.032,5.9688,no
2025-10,27101987,IT,SE,54177.0,7.993,6.7781,no
2025-10,27101987,IT,SI,6248.0,0.841,7.4293,no
2025-10,27101987,IT,SK,5.0,0.001,5.0,no
2025-10,27101987,IT,US,17349.0,1.806,9.6063,no
2025-10,27101991,IT,AT,15401.0,4.786,3.2179,no
2025-10,27101991,IT,BE,5703.0,1.647,3.4627,no
2025-10,27101991,IT,BG,6191.0,0.797,7.7679,no
2025-10,27101991,IT,CZ,6.0,0.001,6.0,no
2025-10,27101991,IT,DE,361639.0,118.653,3.0479,no
2025-10,27101991,IT,ES,27942.0,9.986,2.7981,no
2025-10,27101991,IT,FR,360900.0,117.393,3.0743,no
2025-10,27101991,IT,GB,278628.0,132.68,2.1,no
2025-10,27101991,IT,HR,390.0,0.08,4.875,no
2025-10,27101991,IT,IE,1040.0,0.85,1.2235,no
2025-10,27101991,IT,MX,33996.0,6.98,4.8705,no
2025-10,27101991,IT,RO,63.0,0.001,63.0,no
2025-10,27101991,IT,SE,9500.0,1.617,5.8751,no
2025-10,27101993,IT,BE,239519.0,170.938,1.4012,no
2025-10,27101993,IT,CN,873396.0,135.6,6.441,no
2025-10,27101993,IT,DE,143747.0,52.212,2.7531,no
2025-10,27101993,IT,FR,195163.0,166.898,1.1694,no
2025-10,27101993,IT,GB,422680.0,152.44,2.7728,no
2025-10,27101993,IT,SE,14060.0,0.003,4686.6667,no
2025-10,27101999,IT,AT,21807.0,2.805,7.7743,no
2025-10,27101999,IT,AZ,21038.0,20.22,1.0405,no
2025-10,27101999,IT,BE,8094351.0,7316.78,1.1063,no
2025-10,27101999,IT,BG,9374.0,2.446,3.8324,no
2025-10,27101999,IT,CA,2866.0,0.155,18.4903,no
2025-10,27101999,IT,CH,93439.0,20.356,4.5902,no
2025-10,27101999,IT,CY,30317.0,24.85,1.22,no
2025-10,27101999,IT,CZ,15149.0,2.203,6.8765,no
2025-10,27101999,IT,DE,4564148.0,1785.55,2.5562,no
2025-10,27101999,IT,DK,4793.0,0.283,16.9364,no
2025-10,27101999,IT,EE,812.0,0.061,13.3115,no
2025-10,27101999,IT,EG,577770.0,808.92,0.7142,no
2025-10,27101999,IT,ES,5670337.0,4046.796,1.4012,no
2025-10,27101999,IT,FI,7473.0,0.535,13.9682,no
2025-10,27101999,IT,FR,3592168.0,3901.383,0.9207,no
2025-10,27101999,IT,GB,55507.0,9.77,5.6814,no
2025-10,27101999,IT,GR,12149692.0,10634.085,1.1425,no
2025-10,27101999,IT,HR,7126.0,1.62,4.3988,no
2025-10,27101999,IT,HU,466894.0,250.506,1.8638,no
2025-10,27101999,IT,IN,38582.0,39.9,0.967,no
2025-10,27101999,IT,JP,60418.0,8.05,7.5053,no
2025-10,27101999,IT,LU,432.0,0.02,21.6,no
2025-10,27101999,IT,LV,5686.0,1.125,5.0542,no
2025-10,27101999,IT,MY,140225.0,108.7,1.29,no
2025-10,27101999,IT,NL,24126579.0,24596.3,0.9809,no
2025-10,27101999,IT,PL,1860668.0,869.875,2.139,no
2025-10,27101999,IT,RO,7272.0,0.137,53.0803,no
2025-10,27101999,IT,SA,386064.0,564.71,0.6837,no
2025-10,27101999,IT,SE,103109.0,65.249,1.5802,no
2025-10,27101999,IT,SI,153950.0,29.454,5.2268,no
2025-10,27101999,IT,SK,106.0,0.031,3.4194,no
2025-10,27101999,IT,TR,2076.0,0.475,4.3705,no
2025-10,27101999,IT,TW,2315.0,0.163,14.2025,no
2025-10,27101999,IT,US,428980.0,291.493,1.4717,no
2025-11,27101971,IT,DE,6776.0,2.221,3.0509,no
2025-11,27101971,IT,FR,1578.0,0.072,21.9167,no
2025-11,27101971,IT,US,6580.0,0.376,17.5,no
2025-11,27101981,IT,AE,52628.0,25.06,2.1001,no
2025-11,27101981,IT,AL,22870.0,10.737,2.13,no
2025-11,27101981,IT,AT,842230.0,260.62,3.2316,no
2025-11,27101981,IT,BE,4077378.0,1394.482,2.9239,no
2025-11,27101981,IT,CH,14018.0,3.166,4.4277,no
2025-11,27101981,IT,CZ,27067.0,5.477,4.9419,no
2025-11,27101981,IT,DE,4666716.0,1673.275,2.789,no
2025-11,27101981,IT,DK,75539.0,9.133,8.271,no
2025-11,27101981,IT,ES,2053614.0,875.597,2.3454,no
2025-11,27101981,IT,FI,269274.0,87.737,3.0691,no
2025-11,27101981,IT,FR,2924408.0,886.432,3.2991,no
2025-11,27101981,IT,GB,31648.0,11.634,2.7203,no
2025-11,27101981,IT,GR,185473.0,73.538,2.5221,no
2025-11,27101981,IT,HR,118224.0,34.81,3.3963,no
2025-11,27101981,IT,HU,111625.0,55.452,2.013,no
2025-11,27101981,IT,IE,3384.0,0.8,4.23,no
2025-11,27101981,IT,IN,1379.0,0.521,2.6468,no
2025-11,27101981,IT,LT,80344.0,20.141,3.9891,no
2025-11,27101981,IT,NL,2290522.0,818.407,2.7988,no
2025-11,27101981,IT,PL,101956.0,31.977,3.1884,no
2025-11,27101981,IT,QV,59581.0,17.236,3.4568,no
2025-11,27101981,IT,RO,665.0,0.289,2.301,no
2025-11,27101981,IT,SE,290430.0,105.065,2.7643,no
2025-11,27101981,IT,SI,615159.0,118.006,5.2129,no
2025-11,27101981,IT,SK,123255.0,24.286,5.0751,no
2025-11,27101981,IT,TR,105476.0,43.625,2.4178,no
2025-11,27101981,IT,US,59306.0,7.793,7.6102,no
2025-11,27101983,IT,AT,45010.0,27.055,1.6636,no
2025-11,27101983,IT,BE,240411.0,98.613,2.4379,no
2025-11,27101983,IT,CZ,20792.0,5.245,3.9642,no
2025-11,27101983,IT,DE,416077.0,194.548,2.1387,no
2025-11,27101983,IT,DK,655.0,0.243,2.6955,no
2025-11,27101983,IT,ES,538524.0,278.076,1.9366,no
2025-11,27101983,IT,FR,108835.0,53.712,2.0263,no
2025-11,27101983,IT,GB,19365.0,3.196,6.0591,no
2025-11,27101983,IT,HR,11032.0,6.357,1.7354,no
2025-11,27101983,IT,HU,93373.0,55.008,1.6974,no
2025-11,27101983,IT,NL,150310.0,84.775,1.773,no
2025-11,27101983,IT,PL,4685.0,2.304,2.0334,no
2025-11,27101983,IT,QV,1218.0,0.256,4.7578,no
2025-11,27101983,IT,RO,15.0,0.003,5.0,no
2025-11,27101983,IT,SE,21488.0,7.682,2.7972,no
2025-11,27101983,IT,SI,2270.0,1.044,2.1743,no
2025-11,27101983,IT,SK,1333.0,0.21,6.3476,no
2025-11,27101983,IT,TR,5042.0,3.267,1.5433,no
2025-11,27101985,IT,AT,3212.0,0.306,10.4967,no
2025-11,27101985,IT,BE,5790.0,2.272,2.5484,no
2025-11,27101985,IT,CN,2112.0,0.363,5.8182,no
2025-11,27101985,IT,DE,217543.0,148.774,1.4622,no
2025-11,27101985,IT,DK,12.0,0.06,0.2,no
2025-11,27101985,IT,ES,537708.0,428.812,1.2539,no
2025-11,27101985,IT,FR,394172.0,312.001,1.2634,no
2025-11,27101985,IT,IN,515694.0,516.31,0.9988,no
2025-11,27101985,IT,LU,5390.0,0.473,11.3953,no
2025-11,27101985,IT,NL,400280.0,227.648,1.7583,no
2025-11,27101985,IT,PT,31986.0,17.85,1.7919,no
2025-11,27101985,IT,SI,51.0,0.006,8.5,no
2025-11,27101985,IT,US,593775.0,712.453,0.8334,no
2025-11,27101987,IT,AT,37740.0,11.88,3.1768,no
2025-11,27101987,IT,BE,249622.0,485.017,0.5147,no
2025-11,27101987,IT,CH,38037.0,9.284,4.097,no
2025-11,27101987,IT,CZ,24452.0,4.109,5.9508,no
2025-11,27101987,IT,DE,585699.0,100.375,5.8351,no
2025-11,27101987,IT,DK,2492.0,0.092,27.087,no
2025-11,27101987,IT,ES,406945.0,163.682,2.4862,no
2025-11,27101987,IT,FI,192.0,0.005,38.4,no
2025-11,27101987,IT,FR,565826.0,118.679,4.7677,no
2025-11,27101987,IT,GB,19192.0,1.02,18.8157,no
2025-11,27101987,IT,GR,2829.0,0.577,4.9029,no
2025-11,27101987,IT,HU,6267.0,3.093,2.0262,no
2025-11,27101987,IT,NL,169830.0,49.763,3.4128,no
2025-11,27101987,IT,PL,15395.0,0.701,21.9615,no
2025-11,27101987,IT,RO,196.0,0.031,6.3226,no
2025-11,27101987,IT,SE,59508.0,13.663,4.3554,no
2025-11,27101987,IT,SI,1358.0,0.18,7.5444,no
2025-11,27101987,IT,TR,14713.0,5.346,2.7522,no
2025-11,27101987,IT,US,17674.0,1.531,11.5441,no
2025-11,27101991,IT,AT,8305.0,2.707,3.068,no
2025-11,27101991,IT,BE,5672.0,0.911,6.2261,no
2025-11,27101991,IT,CZ,8.0,0.001,8.0,no
2025-11,27101991,IT,DE,334721.0,114.983,2.911,no
2025-11,27101991,IT,DK,7.0,0.001,7.0,no
2025-11,27101991,IT,ES,14489.0,4.808,3.0135,no
2025-11,27101991,IT,FR,436434.0,128.528,3.3956,no
2025-11,27101991,IT,GB,275539.0,130.272,2.1151,no
2025-11,27101991,IT,MX,33517.0,7.11,4.7141,no
2025-11,27101991,IT,NL,7657.0,1.083,7.0702,no
2025-11,27101991,IT,PL,17.0,0.003,5.6667,no
2025-11,27101991,IT,SE,15023.0,2.557,5.8752,no
2025-11,27101991,IT,SI,21420.0,16.27,1.3165,no
2025-11,27101993,IT,BE,157116.0,113.201,1.3879,no
2025-11,27101993,IT,CN,337380.0,59.8,5.6418,no
2025-11,27101993,IT,DE,213882.0,183.214,1.1674,no
2025-11,27101993,IT,ES,7763.0,6.185,1.2551,no
2025-11,27101993,IT,FR,94033.0,76.998,1.2212,no
2025-11,27101993,IT,GB,728264.0,242.4,3.0044,no
2025-11,27101993,IT,JP,3177.0,0.14,22.6929,no
2025-11,27101993,IT,NL,1874554.0,1275.678,1.4695,no
2025-11,27101999,IT,AT,42156.0,6.335,6.6545,no
2025-11,27101999,IT,BE,6882161.0,6159.429,1.1173,no
2025-11,27101999,IT,BG,7279.0,3.988,1.8252,no
2025-11,27101999,IT,BO,1157.0,0.014,82.6429,no
2025-11,27101999,IT,CA,3085.0,0.212,14.5519,no
2025-11,27101999,IT,CH,83779.0,17.968,4.6627,no
2025-11,27101999,IT,CZ,12557.0,1.825,6.8805,no
2025-11,27101999,IT,DE,4078174.0,1601.826,2.546,no
2025-11,27101999,IT,DK,28.0,0.001,28.0,no
2025-11,27101999,IT,EG,690678.0,951.65,0.7258,no
2025-11,27101999,IT,ES,1951232.0,2077.788,0.9391,no
2025-11,27101999,IT,FI,6110.0,1.0,6.11,no
2025-11,27101999,IT,FR,1149398.0,545.234,2.1081,no
2025-11,27101999,IT,GB,67694.0,12.258,5.5224,no
2025-11,27101999,IT,GR,666854.0,489.85,1.3613,no
2025-11,27101999,IT,HR,4908.0,1.385,3.5437,no
2025-11,27101999,IT,HU,331627.0,213.353,1.5544,no
2025-11,27101999,IT,IE,2248.0,0.875,2.5691,no
2025-11,27101999,IT,JP,19557.0,3.939,4.965,no
2025-11,27101999,IT,KR,2386.0,0.21,11.3619,no
2025-11,27101999,IT,LU,953.0,0.07,13.6143,no
2025-11,27101999,IT,MY,2827237.0,3049.2,0.9272,no
2025-11,27101999,IT,NL,9872544.0,11234.151,0.8788,no
2025-11,27101999,IT,NO,1017.0,0.016,63.5625,no
2025-11,27101999,IT,PL,2021559.0,2076.315,0.9736,no
2025-11,27101999,IT,QV,552.0,0.017,32.4706,no
2025-11,27101999,IT,RO,715.0,0.051,14.0196,no
2025-11,27101999,IT,SA,204952.0,302.29,0.678,no
2025-11,27101999,IT,SE,70976.0,48.305,1.4693,no
2025-11,27101999,IT,SG,1629.0,0.002,814.5,no
2025-11,27101999,IT,SI,57123.0,10.771,5.3034,no
2025-11,27101999,IT,SK,149.0,0.035,4.2571,no
2025-11,27101999,IT,TR,14971.0,7.395,2.0245,no
2025-11,27101999,IT,TW,1551.0,0.072,21.5417,no
2025-11,27101999,IT,US,497558.0,439.465,1.1322,no
2025-12,27101971,IT,BE,1615.0,0.222,7.2748,no
2025-12,27101971,IT,CZ,246.0,0.001,246.0,no
2025-12,27101971,IT,DE,2986.0,1.038,2.8767,no
2025-12,27101981,IT,AL,33009.0,20.225,1.6321,no
2025-12,27101981,IT,AT,294940.0,48.442,6.0885,no
2025-12,27101981,IT,BE,4076532.0,1549.299,2.6312,no
2025-12,27101981,IT,CA,2767.0,0.166,16.6687,no
2025-12,27101981,IT,CH,7559.0,0.439,17.2187,no
2025-12,27101981,IT,CY,940.0,0.001,940.0,no
2025-12,27101981,IT,CZ,27057.0,5.619,4.8153,no
2025-12,27101981,IT,DE,2466284.0,730.372,3.3768,no
2025-12,27101981,IT,ES,1391840.0,562.915,2.4726,no
2025-12,27101981,IT,FI,358110.0,116.686,3.069,no
2025-12,27101981,IT,FR,2092143.0,679.82,3.0775,no
2025-12,27101981,IT,GB,30466.0,9.451,3.2236,no
2025-12,27101981,IT,GR,26859.0,6.147,4.3694,no
2025-12,27101981,IT,HR,35790.0,11.707,3.0571,no
2025-12,27101981,IT,HU,51809.0,24.851,2.0848,no
2025-12,27101981,IT,NL,1548801.0,577.109,2.6837,no
2025-12,27101981,IT,PL,9435.0,0.603,15.6468,no
2025-12,27101981,IT,RO,1307.0,0.361,3.6205,no
2025-12,27101981,IT,SE,412977.0,156.579,2.6375,no
2025-12,27101981,IT,SI,198797.0,59.824,3.323,no
2025-12,27101981,IT,SK,218.0,0.049,4.449,no
2025-12,27101981,IT,TR,48632.0,19.992,2.4326,no
2025-12,27101981,IT,UA,37233.0,14.575,2.5546,no
2025-12,27101981,IT,US,93269.0,26.739,3.4881,no
2025-12,27101983,IT,AL,1400.0,0.85,1.6471,no
2025-12,27101983,IT,AT,17016.0,10.668,1.5951,no
2025-12,27101983,IT,BE,182268.0,99.775,1.8268,no
2025-12,27101983,IT,CZ,22125.0,5.2,4.2548,no
2025-12,27101983,IT,DE,295685.0,136.113,2.1723,no
2025-12,27101983,IT,DK,2033.0,0.673,3.0208,no
2025-12,27101983,IT,ES,205500.0,102.598,2.003,no
2025-12,27101983,IT,FI,2649.0,1.756,1.5085,no
2025-12,27101983,IT,FR,102559.0,33.887,3.0265,no
2025-12,27101983,IT,GB,1643.0,0.003,547.6667,no
2025-12,27101983,IT,HU,89451.0,82.407,1.0855,no
2025-12,27101983,IT,MT,9203139.0,2700.0,3.4086,no
2025-12,27101983,IT,NL,109398.0,58.492,1.8703,no
2025-12,27101983,IT,PL,207.0,0.021,9.8571,no
2025-12,27101983,IT,QV,1113.0,0.539,2.0649,no
2025-12,27101983,IT,RO,169.0,0.038,4.4474,no
2025-12,27101983,IT,SE,8167.0,4.079,2.0022,no
2025-12,27101983,IT,SK,280.0,0.02,14.0,no
2025-12,27101983,IT,TR,2573.0,0.83,3.1,no
2025-12,27101983,IT,UA,3876.0,2.022,1.9169,no
2025-12,27101985,IT,AT,41.0,0.009,4.5556,no
2025-12,27101985,IT,BE,16299.0,3.567,4.5694,no
2025-12,27101985,IT,DE,75274.0,15.392,4.8905,no
2025-12,27101985,IT,ES,212057.0,163.627,1.296,no
2025-12,27101985,IT,FR,31756.0,27.473,1.1559,no
2025-12,27101985,IT,GB,4335.0,0.121,35.8264,no
2025-12,27101985,IT,IN,354135.0,339.45,1.0433,no
2025-12,27101985,IT,NL,279303.0,153.791,1.8161,no
2025-12,27101985,IT,PL,39.0,0.005,7.8,no
2025-12,27101985,IT,SI,36.0,0.004,9.0,no
2025-12,27101985,IT,TW,151210.0,140.76,1.0742,no
2025-12,27101985,IT,US,108782.0,99.338,1.0951,no
2025-12,27101987,IT,AT,18888.0,4.539,4.1613,no
2025-12,27101987,IT,BE,282120.0,78.725,3.5836,no
2025-12,27101987,IT,CZ,20048.0,2.171,9.2345,no
2025-12,27101987,IT,DE,563240.0,105.175,5.3553,no
2025-12,27101987,IT,DK,4368.0,0.094,46.4681,no
2025-12,27101987,IT,ES,216216.0,93.337,2.3165,no
2025-12,27101987,IT,FR,381218.0,74.963,5.0854,no
2025-12,27101987,IT,GB,1212.0,0.013,93.2308,no
2025-12,27101987,IT,GR,6235.0,2.961,2.1057,no
2025-12,27101987,IT,HU,4497.0,1.777,2.5307,no
2025-12,27101987,IT,KR,12998.0,0.506,25.6877,no
2025-12,27101987,IT,NL,149716.0,41.316,3.6237,no
2025-12,27101987,IT,PL,6821.0,0.307,22.2182,no
2025-12,27101987,IT,RO,132.0,0.025,5.28,no
2025-12,27101987,IT,SE,50641.0,10.895,4.6481,no
2025-12,27101987,IT,TR,48117.0,25.54,1.884,no
2025-12,27101987,IT,UA,3341.0,1.357,2.462,no
2025-12,27101987,IT,US,22128.0,2.026,10.922,no
2025-12,27101991,IT,AT,2969.0,0.75,3.9587,no
2025-12,27101991,IT,BE,38776.0,27.943,1.3877,no
2025-12,27101991,IT,CN,1109.0,0.085,13.0471,no
2025-12,27101991,IT,CZ,12.0,0.002,6.0,no
2025-12,27101991,IT,DE,335446.0,118.718,2.8256,no
2025-12,27101991,IT,ES,7501.0,3.076,2.4386,no
2025-12,27101991,IT,FR,161801.0,69.759,2.3194,no
2025-12,27101991,IT,GB,115836.0,55.16,2.1,no
2025-12,27101991,IT,MX,36755.0,7.46,4.9269,no
2025-12,27101991,IT,NL,296.0,0.09,3.2889,no
2025-12,27101991,IT,PL,27.0,0.004,6.75,no
2025-12,27101991,IT,SE,2703.0,0.46,5.8761,no
2025-12,27101991,IT,SI,21420.0,16.27,1.3165,no
2025-12,27101993,IT,BE,144503.0,106.787,1.3532,no
2025-12,27101993,IT,DE,34326.0,28.88,1.1886,no
2025-12,27101993,IT,GB,320154.0,113.72,2.8153,no
2025-12,27101993,IT,NL,6196550.0,5326.695,1.1633,no
2025-12,27101993,IT,TR,77570.0,73.2,1.0597,no
2025-12,27101999,IT,AT,14750.0,4.167,3.5397,no
2025-12,27101999,IT,AZ,20635.0,19.9,1.0369,no
2025-12,27101999,IT,BE,5517707.0,4927.806,1.1197,no
2025-12,27101999,IT,BG,19451.0,9.864,1.9719,no
2025-12,27101999,IT,BO,1299.0,0.032,40.5938,no
2025-12,27101999,IT,CA,7714.0,0.595,12.9647,no
2025-12,27101999,IT,CH,117348.0,25.734,4.56,no
2025-12,27101999,IT,CN,2756.0,0.101,27.2871,no
2025-12,27101999,IT,CZ,11195.0,1.532,7.3074,no
2025-12,27101999,IT,DE,3915848.0,1806.675,2.1674,no
2025-12,27101999,IT,DK,339.0,0.016,21.1875,no
2025-12,27101999,IT,EG,28660.0,44.56,0.6432,no
2025-12,27101999,IT,ES,5271689.0,4564.848,1.1548,no
2025-12,27101999,IT,FI,1172.0,0.019,61.6842,no
2025-12,27101999,IT,FR,559959.0,602.463,0.9294,no
2025-12,27101999,IT,GB,1892200.0,2420.419,0.7818,no
2025-12,27101999,IT,GR,9836188.0,13524.66,0.7273,no
2025-12,27101999,IT,HR,8984.0,1.386,6.482,no
2025-12,27101999,IT,HU,80883.0,138.736,0.583,no
2025-12,27101999,IT,JP,4822.0,0.128,37.6719,no
2025-12,27101999,IT,LT,174.0,0.016,10.875,no
2025-12,27101999,IT,NL,9536548.0,11009.859,0.8662,no
2025-12,27101999,IT,PL,1030993.0,1388.862,0.7423,no
2025-12,27101999,IT,RO,1411.0,0.329,4.2888,no
2025-12,27101999,IT,SA,452428.0,665.81,0.6795,no
2025-12,27101999,IT,SE,6476.0,0.238,27.2101,no
2025-12,27101999,IT,SI,38758.0,6.453,6.0062,no
2025-12,27101999,IT,SK,50.0,0.015,3.3333,no
2025-12,27101999,IT,TH,4997.0,0.38,13.15,no
2025-12,27101999,IT,TR,25420.0,8.595,2.9575,no
2025-12,27101999,IT,US,144846.0,110.599,1.3097,no
2026-01,27101971,IT,BE,2211.0,0.004,552.75,no
2026-01,27101971,IT,DE,2958.0,0.979,3.0215,no
2026-01,27101971,IT,ES,3818.0,0.78,4.8949,no
2026-01,27101971,IT,FR,4445.0,0.315,14.1111,no
2026-01,27101971,IT,PL,729.0,0.021,34.7143,no
2026-01,27101981,IT,AE,52529.0,25.02,2.0995,no
2026-01,27101981,IT,AL,22460.0,12.635,1.7776,no
2026-01,27101981,IT,AT,303757.0,9.355,32.47,no
2026-01,27101981,IT,BE,2576112.0,815.593,3.1586,no
2026-01,27101981,IT,CZ,64109.0,13.418,4.7778,no
2026-01,27101981,IT,DE,3182408.0,947.209,3.3598,no
2026-01,27101981,IT,ES,1816030.0,660.519,2.7494,no
2026-01,27101981,IT,FI,181434.0,56.796,3.1945,no
2026-01,27101981,IT,FR,1942175.0,641.651,3.0268,no
2026-01,27101981,IT,GB,49942.0,15.748,3.1713,no
2026-01,27101981,IT,GR,151218.0,72.763,2.0782,no
2026-01,27101981,IT,HR,58073.0,10.875,5.34,no
2026-01,27101981,IT,HU,162606.0,42.151,3.8577,no
2026-01,27101981,IT,LT,54071.0,15.414,3.5079,no
2026-01,27101981,IT,NL,1976300.0,626.419,3.1549,no
2026-01,27101981,IT,PL,88198.0,18.862,4.676,no
2026-01,27101981,IT,RO,73249.0,12.772,5.7351,no
2026-01,27101981,IT,SE,246307.0,88.98,2.7681,no
2026-01,27101981,IT,SI,561404.0,95.552,5.8754,no
2026-01,27101981,IT,SK,981.0,0.079,12.4177,no
2026-01,27101981,IT,TR,23859.0,10.824,2.2043,no
2026-01,27101981,IT,US,26420.0,7.213,3.6628,no
2026-01,27101983,IT,AT,14011.0,8.471,1.654,no
2026-01,27101983,IT,BE,223171.0,101.611,2.1963,no
2026-01,27101983,IT,CZ,28758.0,7.54,3.8141,no
2026-01,27101983,IT,DE,459537.0,169.958,2.7038,no
2026-01,27101983,IT,DK,14986.0,2.578,5.813,no
2026-01,27101983,IT,EE,30.0,0.003,10.0,no
2026-01,27101983,IT,ES,191444.0,99.629,1.9216,no
2026-01,27101983,IT,FR,114476.0,46.327,2.471,no
2026-01,27101983,IT,GB,6187.0,1.009,6.1318,no
2026-01,27101983,IT,HR,1600.0,0.612,2.6144,no
2026-01,27101983,IT,HU,120205.0,105.839,1.1357,no
2026-01,27101983,IT,IE,1894.0,0.35,5.4114,no
2026-01,27101983,IT,LT,13834.0,10.305,1.3425,no
2026-01,27101983,IT,NL,111501.0,55.594,2.0056,no
2026-01,27101983,IT,PL,3066.0,0.797,3.8469,no
2026-01,27101983,IT,RO,2415.0,1.366,1.7679,no
2026-01,27101983,IT,SE,15181.0,4.686,3.2397,no
2026-01,27101983,IT,SI,4152.0,2.382,1.7431,no
2026-01,27101983,IT,SK,11822.0,0.003,3940.6667,no
2026-01,27101983,IT,TR,1488.0,0.739,2.0135,no
2026-01,27101985,IT,AT,54.0,0.012,4.5,no
2026-01,27101985,IT,BE,49214.0,33.72,1.4595,no
2026-01,27101985,IT,CN,4117.0,0.725,5.6786,no
2026-01,27101985,IT,CZ,1039.0,0.367,2.8311,no
2026-01,27101985,IT,DE,250385.0,118.129,2.1196,no
2026-01,27101985,IT,DK,1286.0,0.073,17.6164,no
2026-01,27101985,IT,ES,175571.0,123.631,1.4201,no
2026-01,27101985,IT,FR,59475.0,53.84,1.1047,no
2026-01,27101985,IT,HU,55.0,0.022,2.5,no
2026-01,27101985,IT,IN,34148.0,40.25,0.8484,no
2026-01,27101985,IT,NL,140176.0,92.672,1.5126,no
2026-01,27101985,IT,PL,422.0,0.041,10.2927,no
2026-01,27101985,IT,SE,11647.0,0.66,17.647,no
2026-01,27101985,IT,SI,9.0,0.001,9.0,no
2026-01,27101985,IT,US,107466.0,101.806,1.0556,no
2026-01,27101987,IT,AL,3618.0,1.305,2.7724,no
2026-01,27101987,IT,AT,16050.0,3.973,4.0398,no
2026-01,27101987,IT,BE,182793.0,59.0,3.0982,no
2026-01,27101987,IT,CZ,24086.0,3.185,7.5623,no
2026-01,27101987,IT,DE,492029.0,109.757,4.4829,no
2026-01,27101987,IT,DK,234.0,0.001,234.0,no
2026-01,27101987,IT,EE,398.0,0.028,14.2143,no
2026-01,27101987,IT,ES,330981.0,117.533,2.8161,no
2026-01,27101987,IT,FI,1039.0,0.364,2.8544,no
2026-01,27101987,IT,FR,438573.0,103.469,4.2387,no
2026-01,27101987,IT,GR,2613.0,0.8,3.2662,no
2026-01,27101987,IT,HU,24424.0,10.422,2.3435,no
2026-01,27101987,IT,KR,22310.0,0.911,24.4896,no
2026-01,27101987,IT,LT,2910.0,1.275,2.2824,no
2026-01,27101987,IT,NL,189685.0,52.935,3.5834,no
2026-01,27101987,IT,PL,22406.0,3.099,7.2301,no
2026-01,27101987,IT,RO,898.0,0.096,9.3542,no
2026-01,27101987,IT,SE,57574.0,7.423,7.7562,no
2026-01,27101987,IT,SI,5984.0,1.211,4.9414,no
2026-01,27101987,IT,SK,69.0,0.003,23.0,no
2026-01,27101987,IT,TR,27799.0,14.897,1.8661,no
2026-01,27101987,IT,US,2562.0,0.144,17.7917,no
2026-01,27101991,IT,AT,2970.0,0.701,4.2368,no
2026-01,27101991,IT,BE,282451.0,118.979,2.374,no
2026-01,27101991,IT,BG,3095.0,0.425,7.2824,no
2026-01,27101991,IT,CZ,6.0,0.001,6.0,no
2026-01,27101991,IT,DE,274693.0,85.011,3.2313,no
2026-01,27101991,IT,ES,47691.0,27.499,1.7343,no
2026-01,27101991,IT,FR,195507.0,73.145,2.6729,no
2026-01,27101991,IT,GB,7392.0,3.52,2.1,no
2026-01,27101991,IT,IE,5205.0,0.887,5.8681,no
2026-01,27101991,IT,LT,1248.0,3.201,0.3899,no
2026-01,27101991,IT,MX,69943.0,13.62,5.1353,no
2026-01,27101991,IT,NL,2170.0,0.567,3.8272,no
2026-01,27101991,IT,PL,328.0,0.086,3.814,no
2026-01,27101991,IT,SI,23979.0,18.091,1.3255,no
2026-01,27101993,IT,AT,2349.0,0.035,67.1143,no
2026-01,27101993,IT,BE,286213.0,218.867,1.3077,no
2026-01,27101993,IT,DE,71250.0,72.91,0.9772,no
2026-01,27101993,IT,FR,148.0,0.115,1.287,no
2026-01,27101993,IT,GB,219762.0,83.5,2.6319,no
2026-01,27101993,IT,NL,28.0,0.003,9.3333,no
2026-01,27101999,IT,AE,46256.0,39.98,1.157,no
2026-01,27101999,IT,AT,26255.0,4.274,6.143,no
2026-01,27101999,IT,AZ,83226.0,80.34,1.0359,no
2026-01,27101999,IT,BE,5248407.0,4513.581,1.1628,no
2026-01,27101999,IT,CH,137183.0,29.839,4.5974,no
2026-01,27101999,IT,CZ,32036.0,2.71,11.8214,no
2026-01,27101999,IT,DE,3801926.0,1839.37,2.067,no
2026-01,27101999,IT,DK,17667.0,1.407,12.5565,no
2026-01,27101999,IT,EE,4544.0,0.247,18.3968,no
2026-01,27101999,IT,EG,304270.0,413.9,0.7351,no
2026-01,27101999,IT,ES,3110698.0,2594.589,1.1989,no
2026-01,27101999,IT,FI,704.0,0.15,4.6933,no
2026-01,27101999,IT,FR,471440.0,259.671,1.8155,no
2026-01,27101999,IT,GB,2882882.0,3997.515,0.7212,no
2026-01,27101999,IT,GR,6987589.0,13447.338,0.5196,no
2026-01,27101999,IT,HR,5946.0,1.661,3.5798,no
2026-01,27101999,IT,HU,172186.0,211.229,0.8152,no
2026-01,27101999,IT,IE,117.0,0.079,1.481,no
2026-01,27101999,IT,IN,46563.0,49.8,0.935,no
2026-01,27101999,IT,JP,35434.0,2.24,15.8187,no
2026-01,27101999,IT,LV,4516.0,0.258,17.5039,no
2026-01,27101999,IT,MY,161539.0,156.07,1.035,no
2026-01,27101999,IT,NL,10704006.0,13912.985,0.7694,no
2026-01,27101999,IT,NO,1168.0,0.004,292.0,no
2026-01,27101999,IT,PL,1906616.0,1059.888,1.7989,no
2026-01,27101999,IT,PT,95276.0,8.521,11.1813,no
2026-01,27101999,IT,QV,947.0,0.04,23.675,no
2026-01,27101999,IT,RO,4384.0,0.072,60.8889,no
2026-01,27101999,IT,SA,30610.0,44.0,0.6957,no
2026-01,27101999,IT,SE,104085.0,63.091,1.6498,no
2026-01,27101999,IT,SI,88860.0,17.323,5.1296,no
2026-01,27101999,IT,SK,32501.0,5.499,5.9103,no
2026-01,27101999,IT,TR,9375.0,3.672,2.5531,no
2026-01,27101999,IT,US,1205545.0,1281.983,0.9404,no
2026-02,27101971,IT,DE,5663.0,1.025,5.5249,no
2026-02,27101971,IT,ES,3003.0,1.07,2.8065,no
2026-02,27101971,IT,FR,1179.0,0.22,5.3591,no
2026-02,27101971,IT,PL,50.0,0.001,50.0,no
2026-02,27101981,IT,AT,303803.0,41.687,7.2877,no
2026-02,27101981,IT,BE,3716577.0,1284.738,2.8929,no
2026-02,27101981,IT,CH,2825.0,0.35,8.0714,no
2026-02,27101981,IT,CZ,25915.0,5.438,4.7655,no
2026-02,27101981,IT,DE,4858299.0,1557.14,3.12,no
2026-02,27101981,IT,ES,2364641.0,996.847,2.3721,no
2026-02,27101981,IT,FI,224279.0,75.604,2.9665,no
2026-02,27101981,IT,FR,4227943.0,1280.127,3.3028,no
2026-02,27101981,IT,GB,180041.0,69.942,2.5741,no
2026-02,27101981,IT,GR,190259.0,52.652,3.6135,no
2026-02,27101981,IT,HR,90794.0,34.554,2.6276,no
2026-02,27101981,IT,HU,178948.0,27.117,6.5991,no
2026-02,27101981,IT,IN,2757.0,1.059,2.6034,no
2026-02,27101981,IT,LT,52949.0,10.436,5.0737,no
2026-02,27101981,IT,LU,599.0,0.06,9.9833,no
2026-02,27101981,IT,LV,3339.0,0.507,6.5858,no
2026-02,27101981,IT,NL,2408935.0,718.559,3.3525,no
2026-02,27101981,IT,PL,169640.0,50.129,3.3841,no
2026-02,27101981,IT,RO,49375.0,8.338,5.9217,no
2026-02,27101981,IT,SE,204381.0,84.001,2.4331,no
2026-02,27101981,IT,SI,479234.0,86.763,5.5235,no
2026-02,27101981,IT,SK,71365.0,8.607,8.2915,no
2026-02,27101981,IT,TR,176271.0,72.68,2.4253,no
2026-02,27101981,IT,UA,38645.0,16.984,2.2754,no
2026-02,27101981,IT,US,1349.0,0.072,18.7361,no
2026-02,27101983,IT,AT,14013.0,7.217,1.9417,no
2026-02,27101983,IT,AZ,25997.0,18.026,1.4422,no
2026-02,27101983,IT,BE,188446.0,84.734,2.224,no
2026-02,27101983,IT,CZ,20022.0,5.1,3.9259,no
2026-02,27101983,IT,DE,423017.0,173.647,2.4361,no
2026-02,27101983,IT,DK,12320.0,1.807,6.8179,no
2026-02,27101983,IT,ES,365938.0,171.151,2.1381,no
2026-02,27101983,IT,FI,2661.0,1.457,1.8264,no
2026-02,27101983,IT,FR,169133.0,59.578,2.8388,no
2026-02,27101983,IT,GB,5525.0,0.352,15.696,no
2026-02,27101983,IT,GR,9717.0,4.395,2.2109,no
2026-02,27101983,IT,HR,389.0,0.192,2.026,no
2026-02,27101983,IT,HU,110242.0,92.883,1.1869,no
2026-02,27101983,IT,IE,882.0,0.42,2.1,no
2026-02,27101983,IT,NL,108476.0,53.066,2.0442,no
2026-02,27101983,IT,PL,6310.0,3.619,1.7436,no
2026-02,27101983,IT,RO,86.0,0.019,4.5263,no
2026-02,27101983,IT,SE,15059.0,6.561,2.2952,no
2026-02,27101983,IT,SI,2426.0,1.143,2.1225,no
2026-02,27101983,IT,SK,730.0,0.1,7.3,no
2026-02,27101983,IT,TR,2332.0,1.478,1.5778,no
2026-02,27101983,IT,UA,4825.0,1.541,3.1311,no
2026-02,27101983,IT,US,12744.0,1.632,7.8088,no
2026-02,27101985,IT,AT,165.0,0.018,9.1667,no
2026-02,27101985,IT,BE,26564.0,5.305,5.0074,no
2026-02,27101985,IT,DE,323140.0,213.919,1.5106,no
2026-02,27101985,IT,DK,3.0,0.03,0.1,no
2026-02,27101985,IT,ES,226702.0,173.765,1.3046,no
2026-02,27101985,IT,FR,145739.0,103.738,1.4049,no
2026-02,27101985,IT,GB,1167.0,0.036,32.4167,no
2026-02,27101985,IT,HR,4334.0,2.041,2.1235,no
2026-02,27101985,IT,IN,531086.0,559.84,0.9486,no
2026-02,27101985,IT,NL,169893.0,95.687,1.7755,no
2026-02,27101985,IT,PL,78.0,0.008,9.75,no
2026-02,27101985,IT,PT,6052.0,3.4,1.78,no
2026-02,27101985,IT,SE,20149.0,1.141,17.6591,no
2026-02,27101985,IT,SI,33.0,0.004,8.25,no
2026-02,27101985,IT,TW,84936.0,80.37,1.0568,no
2026-02,27101985,IT,US,349609.0,326.762,1.0699,no
2026-02,27101987,IT,AT,48094.0,7.586,6.3398,no
2026-02,27101987,IT,AZ,5774.0,3.402,1.6972,no
2026-02,27101987,IT,BE,344013.0,334.684,1.0279,no
2026-02,27101987,IT,CZ,19124.0,2.424,7.8894,no
2026-02,27101987,IT,DE,828636.0,152.867,5.4206,no
2026-02,27101987,IT,DK,328.0,0.047,6.9787,no
2026-02,27101987,IT,EE,79.0,0.003,26.3333,no
2026-02,27101987,IT,ES,215708.0,100.015,2.1568,no
2026-02,27101987,IT,FI,81.0,0.018,4.5,no
2026-02,27101987,IT,FR,511897.0,96.897,5.2829,no
2026-02,27101987,IT,GB,30408.0,2.086,14.5772,no
2026-02,27101987,IT,HR,2600.0,0.925,2.8108,no
2026-02,27101987,IT,HU,15518.0,2.046,7.5846,no
2026-02,27101987,IT,KR,3756.0,0.177,21.2203,no
2026-02,27101987,IT,NL,375489.0,85.366,4.3986,no
2026-02,27101987,IT,PL,28560.0,5.803,4.9216,no
2026-02,27101987,IT,RO,1321.0,0.133,9.9323,no
2026-02,27101987,IT,SE,60487.0,11.657,5.1889,no
2026-02,27101987,IT,SI,8575.0,1.311,6.5408,no
2026-02,27101987,IT,TR,1965.0,0.756,2.5992,no
2026-02,27101987,IT,US,21510.0,2.193,9.8085,no
2026-02,27101991,IT,AT,6268.0,1.607,3.9004,no
2026-02,27101991,IT,BE,374220.0,153.726,2.4343,no
2026-02,27101991,IT,BG,3095.0,0.42,7.369,no
2026-02,27101991,IT,CZ,4.0,0.001,4.0,no
2026-02,27101991,IT,DE,297958.0,103.667,2.8742,no
2026-02,27101991,IT,ES,10509.0,5.86,1.7933,no
2026-02,27101991,IT,FR,297342.0,90.288,3.2933,no
2026-02,27101991,IT,IE,1621.0,0.18,9.0056,no
2026-02,27101991,IT,LT,1229.0,2.217,0.5544,no
2026-02,27101991,IT,MX,38726.0,7.74,5.0034,no
2026-02,27101991,IT,NL,23114.0,8.24,2.8051,no
2026-02,27101991,IT,PL,81.0,0.017,4.7647,no
2026-02,27101991,IT,SE,1763.0,0.3,5.8767,no
2026-02,27101991,IT,SI,8880.0,1.42,6.2535,no
2026-02,27101993,IT,BE,408821.0,287.467,1.4221,no
2026-02,27101993,IT,DE,101005.0,104.322,0.9682,no
2026-02,27101993,IT,FR,297.0,0.232,1.2802,no
2026-02,27101993,IT,GB,358749.0,144.42,2.4841,no
2026-02,27101993,IT,HU,809.0,0.38,2.1289,no
2026-02,27101993,IT,NL,3317.0,1.67,1.9862,no
2026-02,27101993,IT,TR,37659.0,28.98,1.2995,no
2026-02,27101999,IT,AE,22869.0,19.96,1.1457,no
2026-02,27101999,IT,AT,120286.0,26.393,4.5575,no
2026-02,27101999,IT,BE,7456061.0,6790.675,1.098,no
2026-02,27101999,IT,BG,2279.0,0.819,2.7827,no
2026-02,27101999,IT,CA,3659.0,0.206,17.7621,no
2026-02,27101999,IT,CH,97953.0,19.327,5.0682,no
2026-02,27101999,IT,CZ,117644.0,46.285,2.5417,no
2026-02,27101999,IT,DE,6545551.0,3887.964,1.6835,no
2026-02,27101999,IT,DK,8907.0,0.859,10.369,no
2026-02,27101999,IT,EE,323.0,0.012,26.9167,no
2026-02,27101999,IT,EG,420802.0,599.53,0.7019,no
2026-02,27101999,IT,ES,4124359.0,3659.417,1.1271,no
2026-02,27101999,IT,FI,3546.0,1.0,3.546,no
2026-02,27101999,IT,FR,553864.0,370.931,1.4932,no
2026-02,27101999,IT,GB,1564456.0,2209.007,0.7082,no
2026-02,27101999,IT,GR,819756.0,738.39,1.1102,no
2026-02,27101999,IT,HR,9247.0,1.825,5.0668,no
2026-02,27101999,IT,HU,257209.0,280.571,0.9167,no
2026-02,27101999,IT,IE,1348.0,0.274,4.9197,no
2026-02,27101999,IT,IN,15971.0,19.84,0.805,no
2026-02,27101999,IT,JP,25618.0,1.654,15.4885,no
2026-02,27101999,IT,LU,5853.0,0.55,10.6418,no
2026-02,27101999,IT,LV,17189.0,2.605,6.5985,no
2026-02,27101999,IT,MR,1020.0,0.014,72.8571,no
2026-02,27101999,IT,MY,4121143.0,4315.923,0.9549,no
2026-02,27101999,IT,NL,6829379.0,8829.247,0.7735,no
2026-02,27101999,IT,PL,1157064.0,799.04,1.4481,no
2026-02,27101999,IT,QV,614.0,0.023,26.6957,no
2026-02,27101999,IT,RO,3830.0,0.227,16.8722,no
2026-02,27101999,IT,SA,159812.0,242.0,0.6604,no
2026-02,27101999,IT,SE,79401.0,38.461,2.0645,no
2026-02,27101999,IT,SI,76354.0,14.463,5.2793,no
2026-02,27101999,IT,SK,41.0,0.002,20.5,no
2026-02,27101999,IT,TR,19169.0,8.694,2.2049,no
2026-02,27101999,IT,US,1412301.0,1636.602,0.8629,no
2026-03,27101971,IT,BE,3430.0,0.028,122.5,no
2026-03,27101971,IT,DE,3421.0,0.102,33.5392,no
2026-03,27101971,IT,DK,17415.0,1.25,13.932,no
2026-03,27101971,IT,ES,9.0,0.001,9.0,no
2026-03,27101971,IT,FR,112.0,0.011,10.1818,no
2026-03,27101971,IT,NL,222.0,0.018,12.3333,no
2026-03,27101971,IT,PL,210.0,0.01,21.0,no
2026-03,27101981,IT,AL,10605.0,3.923,2.7033,no
2026-03,27101981,IT,AT,448004.0,59.005,7.5926,no
2026-03,27101981,IT,BE,6716144.0,2401.51,2.7966,no
2026-03,27101981,IT,CA,1153.0,0.076,15.1711,no
2026-03,27101981,IT,CZ,409661.0,75.851,5.4009,no
2026-03,27101981,IT,DE,6176065.0,1984.7,3.1118,no
2026-03,27101981,IT,EE,44352.0,11.26,3.9389,no
2026-03,27101981,IT,ES,2342110.0,883.916,2.6497,no
2026-03,27101981,IT,FI,101756.0,34.002,2.9926,no
2026-03,27101981,IT,FR,4111816.0,1260.46,3.2622,no
2026-03,27101981,IT,GB,245769.0,96.381,2.55,no
2026-03,27101981,IT,GR,73054.0,38.407,1.9021,no
2026-03,27101981,IT,HR,76670.0,20.27,3.7824,no
2026-03,27101981,IT,HU,305687.0,137.27,2.2269,no
2026-03,27101981,IT,JP,1133.0,0.016,70.8125,no
2026-03,27101981,IT,LT,207610.0,34.963,5.938,no
2026-03,27101981,IT,NL,2968387.0,908.077,3.2689,no
2026-03,27101981,IT,PL,227872.0,57.113,3.9898,no
2026-03,27101981,IT,RO,64460.0,10.66,6.0469,no
2026-03,27101981,IT,SE,303310.0,110.202,2.7523,no
2026-03,27101981,IT,SI,848456.0,148.746,5.7041,no
2026-03,27101981,IT,SK,210.0,0.02,10.5,no
2026-03,27101981,IT,US,60383.0,10.614,5.689,no
2026-03,27101983,IT,AT,23897.0,10.492,2.2776,no
2026-03,27101983,IT,BE,242894.0,125.192,1.9402,no
2026-03,27101983,IT,CH,2387.0,0.71,3.362,no
2026-03,27101983,IT,CN,141181.0,110.243,1.2806,no
2026-03,27101983,IT,CZ,36269.0,6.93,5.2336,no
2026-03,27101983,IT,DE,683243.0,287.59,2.3758,no
2026-03,27101983,IT,DK,4044.0,0.616,6.5649,no
2026-03,27101983,IT,ES,345159.0,198.836,1.7359,no
2026-03,27101983,IT,FR,228187.0,102.215,2.2324,no
2026-03,27101983,IT,GB,1040.0,0.254,4.0945,no
2026-03,27101983,IT,GR,2061.0,0.712,2.8947,no
2026-03,27101983,IT,HR,5171.0,2.482,2.0834,no
2026-03,27101983,IT,HU,109942.0,82.976,1.325,no
2026-03,27101983,IT,LT,10490.0,7.613,1.3779,no
2026-03,27101983,IT,NL,139386.0,75.14,1.855,no
2026-03,27101983,IT,PL,20275.0,8.433,2.4042,no
2026-03,27101983,IT,RO,410.0,0.058,7.069,no
2026-03,27101983,IT,SE,20589.0,8.288,2.4842,no
2026-03,27101983,IT,SI,7233.0,2.786,2.5962,no
2026-03,27101983,IT,TW,10419.0,0.048,217.0625,no
2026-03,27101985,IT,AT,2249.0,0.218,10.3165,no
2026-03,27101985,IT,BE,60129.0,38.927,1.5447,no
2026-03,27101985,IT,DE,502219.0,275.699,1.8216,no
2026-03,27101985,IT,ES,407567.0,319.201,1.2768,no
2026-03,27101985,IT,FR,116850.0,106.549,1.0967,no
2026-03,27101985,IT,GB,1094.0,0.06,18.2333,no
2026-03,27101985,IT,HR,23117.0,10.886,2.1236,no
2026-03,27101985,IT,IN,175135.0,199.96,0.8759,no
2026-03,27101985,IT,LU,162.0,0.045,3.6,no
2026-03,27101985,IT,NL,325629.0,200.668,1.6227,no
2026-03,27101985,IT,PL,689.0,0.039,17.6667,no
2026-03,27101985,IT,PT,15130.0,8.5,1.78,no
2026-03,27101985,IT,SE,19168.0,1.096,17.4891,no
2026-03,27101985,IT,SI,174.0,0.03,5.8,no
2026-03,27101985,IT,US,332799.0,370.644,0.8979,no
2026-03,27101987,IT,AL,3960.0,1.29,3.0698,no
2026-03,27101987,IT,AT,8850.0,2.757,3.21,no
2026-03,27101987,IT,BE,479753.0,200.881,2.3882,no
2026-03,27101987,IT,CZ,27407.0,3.231,8.4825,no
2026-03,27101987,IT,DE,1230348.0,267.129,4.6058,no
2026-03,27101987,IT,ES,253165.0,117.874,2.1478,no
2026-03,27101987,IT,FR,668431.0,171.664,3.8938,no
2026-03,27101987,IT,GB,30842.0,1.699,18.153,no
2026-03,27101987,IT,GR,2570.0,0.979,2.6251,no
2026-03,27101987,IT,HR,2630.0,0.927,2.8371,no
2026-03,27101987,IT,HU,32767.0,15.089,2.1716,no
2026-03,27101987,IT,LT,1014.0,0.47,2.1574,no
2026-03,27101987,IT,NL,284678.0,69.963,4.069,no
2026-03,27101987,IT,PL,42189.0,8.075,5.2246,no
2026-03,27101987,IT,RO,892.0,0.083,10.747,no
2026-03,27101987,IT,SE,126901.0,24.257,5.2315,no
2026-03,27101987,IT,SI,20470.0,2.664,7.6839,no
2026-03,27101991,IT,AT,6218.0,1.243,5.0024,no
2026-03,27101991,IT,BE,413615.0,170.567,2.4249,no
2026-03,27101991,IT,CZ,10.0,0.002,5.0,no
2026-03,27101991,IT,DE,351431.0,108.227,3.2472,no
2026-03,27101991,IT,ES,14246.0,4.906,2.9038,no
2026-03,27101991,IT,FI,1811.0,0.732,2.474,no
2026-03,27101991,IT,FR,435515.0,127.635,3.4122,no
2026-03,27101991,IT,GB,7392.0,3.52,2.1,no
2026-03,27101991,IT,IE,1261.0,0.18,7.0056,no
2026-03,27101991,IT,LT,3200.0,12.0,0.2667,no
2026-03,27101991,IT,MX,38904.0,7.404,5.2545,no
2026-03,27101991,IT,NL,195.0,0.085,2.2941,no
2026-03,27101991,IT,PL,316.0,0.08,3.95,no
2026-03,27101991,IT,SE,3666.0,0.624,5.875,no
2026-03,27101991,IT,SI,22520.0,16.241,1.3866,no
2026-03,27101991,IT,SK,201.0,0.02,10.05,no
2026-03,27101991,IT,US,2433.0,0.2,12.165,no
2026-03,27101993,IT,AT,1560.0,0.994,1.5694,no
2026-03,27101993,IT,BE,342261.0,225.006,1.5211,no
2026-03,27101993,IT,DE,96717.0,92.188,1.0491,no
2026-03,27101993,IT,FR,33656.0,1.12,30.05,no
2026-03,27101993,IT,GB,306981.0,86.66,3.5424,no
2026-03,27101993,IT,NL,28.0,0.018,1.5556,no
2026-03,27101993,IT,SE,45218.0,31.15,1.4516,no
2026-03,27101993,IT,TR,46125.0,55.29,0.8342,no
2026-03,27101999,IT,AT,23882.0,6.883,3.4697,no
2026-03,27101999,IT,BE,10318775.0,8108.42,1.2726,no
2026-03,27101999,IT,BG,8428.0,4.345,1.9397,no
2026-03,27101999,IT,CA,5295.0,0.598,8.8545,no
2026-03,27101999,IT,CH,81995.0,16.416,4.9948,no
2026-03,27101999,IT,CZ,21894.0,4.078,5.3688,no
2026-03,27101999,IT,DE,4854409.0,2287.818,2.1219,no
2026-03,27101999,IT,DK,10511.0,2.377,4.422,no
2026-03,27101999,IT,EE,6339.0,3.6,1.7608,no
2026-03,27101999,IT,EG,400387.0,588.22,0.6807,no
2026-03,27101999,IT,ES,14542273.0,12898.658,1.1274,no
2026-03,27101999,IT,FI,10736.0,2.0,5.368,no
2026-03,27101999,IT,FR,822245.0,457.59,1.7969,no
2026-03,27101999,IT,GB,114087.0,22.833,4.9966,no
2026-03,27101999,IT,GR,7401906.0,13336.088,0.555,no
2026-03,27101999,IT,HR,20876.0,5.794,3.603,no
2026-03,27101999,IT,HU,277657.0,325.103,0.8541,no
2026-03,27101999,IT,LT,242.0,0.055,4.4,no
2026-03,27101999,IT,LU,129.0,0.012,10.75,no
2026-03,27101999,IT,LV,4942.0,2.82,1.7525,no
2026-03,27101999,IT,MY,3779884.0,4280.401,0.8831,no
2026-03,27101999,IT,NA,2513.0,0.051,49.2745,no
2026-03,27101999,IT,NL,3979962.0,3021.475,1.3172,no
2026-03,27101999,IT,PL,802446.0,676.584,1.186,no
2026-03,27101999,IT,PT,90342.0,7.79,11.5972,no
2026-03,27101999,IT,RO,312.0,0.121,2.5785,no
2026-03,27101999,IT,SA,14560.0,22.0,0.6618,no
2026-03,27101999,IT,SE,74412.0,51.301,1.4505,no
2026-03,27101999,IT,SI,194005.0,36.023,5.3856,no
2026-03,27101999,IT,SK,321.0,0.08,4.0125,no
2026-03,27101999,IT,TR,99771.0,104.5,0.9547,no
2026-03,27101999,IT,TW,1262.0,0.073,17.2877,no
2026-03,27101999,IT,US,449055.0,474.202,0.947,no
2026-03,27101999,IT,UZ,35200.0,35.2,1.0,no
2026-04,27101971,IT,DE,3038.0,1.072,2.834,no
2026-04,27101971,IT,ES,3344.0,1.071,3.1223,no
2026-04,27101971,IT,FR,15.0,0.001,15.0,no
2026-04,27101971,IT,PL,209.0,0.007,29.8571,no
2026-04,27101981,IT,AL,10689.0,6.226,1.7168,no
2026-04,27101981,IT,AT,285784.0,1.528,187.0314,no
2026-04,27101981,IT,BE,3649725.0,1541.897,2.367,no
2026-04,27101981,IT,CZ,59052.0,12.201,4.8399,no
2026-04,27101981,IT,DE,3743997.0,1046.516,3.5776,no
2026-04,27101981,IT,ES,1603286.0,585.129,2.7401,no
2026-04,27101981,IT,FI,173271.0,52.033,3.33,no
2026-04,27101981,IT,FR,4297015.0,1441.758,2.9804,no
2026-04,27101981,IT,GB,97782.0,32.608,2.9987,no
2026-04,27101981,IT,GR,48154.0,24.703,1.9493,no
2026-04,27101981,IT,HR,51353.0,13.299,3.8614,no
2026-04,27101981,IT,HU,114089.0,52.427,2.1761,no
2026-04,27101981,IT,IN,1993.0,0.737,2.7042,no
2026-04,27101981,IT,LT,340097.0,39.093,8.6997,no
2026-04,27101981,IT,LU,350.0,0.04,8.75,no
2026-04,27101981,IT,NL,1896025.0,815.647,2.3246,no
2026-04,27101981,IT,PL,152817.0,34.808,4.3903,no
2026-04,27101981,IT,RO,81200.0,14.426,5.6287,no
2026-04,27101981,IT,SE,331644.0,125.994,2.6322,no
2026-04,27101981,IT,SI,710181.0,120.024,5.917,no
2026-04,27101981,IT,SK,88300.0,58.688,1.5046,no
2026-04,27101981,IT,TR,22737.0,10.189,2.2315,no
2026-04,27101981,IT,UA,88108.0,33.091,2.6626,no
2026-04,27101981,IT,US,15643.0,1.228,12.7386,no
2026-04,27101983,IT,AT,6693.0,174.76,0.0383,no
2026-04,27101983,IT,BE,253419.0,134.583,1.883,no
2026-04,27101983,IT,CZ,20732.0,4.537,4.5695,no
2026-04,27101983,IT,DE,401901.0,170.087,2.3629,no
2026-04,27101983,IT,DK,7260.0,0.991,7.3259,no
2026-04,27101983,IT,ES,854544.0,565.836,1.5102,no
2026-04,27101983,IT,FR,203594.0,92.921,2.191,no
2026-04,27101983,IT,GB,28486.0,7.018,4.059,no
2026-04,27101983,IT,HR,7178.0,4.565,1.5724,no
2026-04,27101983,IT,HU,345556.0,200.6,1.7226,no
2026-04,27101983,IT,JP,1368.0,0.84,1.6286,no
2026-04,27101983,IT,LT,11522.0,7.651,1.5059,no
2026-04,27101983,IT,NL,165001.0,91.712,1.7991,no
2026-04,27101983,IT,PL,5344.0,2.171,2.4615,no
2026-04,27101983,IT,RO,1232.0,0.456,2.7018,no
2026-04,27101983,IT,SE,30592.0,11.043,2.7703,no
2026-04,27101983,IT,SI,2431.0,1.273,1.9097,no
2026-04,27101983,IT,US,1466.0,0.181,8.0994,no
2026-04,27101985,IT,AT,14705.0,1.427,10.3048,no
2026-04,27101985,IT,BE,103426.0,48.686,2.1243,no
2026-04,27101985,IT,DE,777440.0,506.375,1.5353,no
2026-04,27101985,IT,EE,27.0,0.002,13.5,no
2026-04,27101985,IT,ES,437358.0,341.077,1.2823,no
2026-04,27101985,IT,FR,6144699.0,4733.891,1.298,no
2026-04,27101985,IT,GB,2346.0,0.077,30.4675,no
2026-04,27101985,IT,IN,301437.0,339.01,0.8892,no
2026-04,27101985,IT,NL,350679.0,177.455,1.9762,no
2026-04,27101985,IT,PL,308.0,0.06,5.1333,no
2026-04,27101985,IT,SE,18218.0,1.032,17.6531,no
2026-04,27101985,IT,SI,60.0,0.008,7.5,no
2026-04,27101985,IT,TW,190457.0,200.83,0.9483,no
2026-04,27101985,IT,US,156151.0,142.015,1.0995,no
2026-04,27101987,IT,AT,4947.0,0.517,9.5687,no
2026-04,27101987,IT,BE,236024.0,596.088,0.396,no
2026-04,27101987,IT,CZ,17214.0,2.146,8.0214,no
2026-04,27101987,IT,DE,570280.0,134.299,4.2463,no
2026-04,27101987,IT,DK,9.0,0.001,9.0,no
2026-04,27101987,IT,ES,229262.0,99.514,2.3038,no
2026-04,27101987,IT,FI,6799.0,3.67,1.8526,no
2026-04,27101987,IT,FR,469629.0,135.262,3.472,no
2026-04,27101987,IT,HU,11382.0,1.425,7.9874,no
2026-04,27101987,IT,KR,4570.0,0.215,21.2558,no
2026-04,27101987,IT,LT,2630.0,0.866,3.037,no
2026-04,27101987,IT,NL,102864.0,59.134,1.7395,no
2026-04,27101987,IT,PL,31870.0,4.46,7.1457,no
2026-04,27101987,IT,RO,6790.0,1.423,4.7716,no
2026-04,27101987,IT,SE,56112.0,10.335,5.4293,no
2026-04,27101987,IT,SI,14258.0,1.896,7.52,no
2026-04,27101987,IT,SK,49.0,0.002,24.5,no
2026-04,27101987,IT,UA,4976.0,1.444,3.446,no
2026-04,27101987,IT,US,18219.0,1.964,9.2765,no
2026-04,27101991,IT,AT,9483.0,2.745,3.4546,no
2026-04,27101991,IT,BE,295045.0,120.395,2.4506,no
2026-04,27101991,IT,BG,6191.0,0.84,7.3702,no
2026-04,27101991,IT,CN,2280.0,0.221,10.3167,no
2026-04,27101991,IT,CZ,28.0,0.005,5.6,no
2026-04,27101991,IT,DE,275311.0,79.226,3.475,no
2026-04,27101991,IT,ES,61533.0,30.897,1.9916,no
2026-04,27101991,IT,FI,1723.0,0.732,2.3538,no
2026-04,27101991,IT,FR,334318.0,107.575,3.1078,no
2026-04,27101991,IT,GB,7392.0,3.52,2.1,no
2026-04,27101991,IT,HR,44.0,0.018,2.4444,no
2026-04,27101991,IT,LT,168.0,0.015,11.2,no
2026-04,27101991,IT,MX,54191.0,11.438,4.7378,no
2026-04,27101991,IT,NL,9819.0,5.105,1.9234,no
2026-04,27101991,IT,PL,1512.0,0.562,2.6904,no
2026-04,27101991,IT,PT,178.0,0.013,13.6923,no
2026-04,27101991,IT,SE,4259.0,0.725,5.8745,no
2026-04,27101991,IT,SI,26137.0,17.157,1.5234,no
2026-04,27101993,IT,BE,139692.0,82.596,1.6913,no
2026-04,27101993,IT,DE,120007.0,92.995,1.2905,no
2026-04,27101993,IT,FR,29.0,0.023,1.2609,no
2026-04,27101993,IT,GB,313591.0,125.3,2.5027,no
2026-04,27101993,IT,NL,85.0,0.055,1.5455,no
2026-04,27101993,IT,SE,199421.0,144.755,1.3776,no
2026-04,27101993,IT,TR,57522.0,35.903,1.6022,no
2026-04,27101993,IT,VN,97253.0,73.275,1.3272,no
2026-04,27101999,IT,AL,80084.0,65.61,1.2206,no
2026-04,27101999,IT,AT,27075.0,7.356,3.6807,no
2026-04,27101999,IT,BE,8910843.0,6647.328,1.3405,no
2026-04,27101999,IT,BG,26388.0,8.96,2.9451,no
2026-04,27101999,IT,CA,3853.0,0.181,21.2873,no
2026-04,27101999,IT,CH,85448.0,17.933,4.7648,no
2026-04,27101999,IT,CY,81469.0,72.74,1.12,no
2026-04,27101999,IT,CZ,31642.0,3.962,7.9864,no
2026-04,27101999,IT,DE,5596123.0,3186.235,1.7563,no
2026-04,27101999,IT,DK,37805.0,31.067,1.2169,no
2026-04,27101999,IT,EG,1042635.0,1377.77,0.7568,no
2026-04,27101999,IT,ES,13909706.0,9963.419,1.3961,no
2026-04,27101999,IT,FI,4676.0,0.505,9.2594,no
2026-04,27101999,IT,FR,1928902.0,2229.407,0.8652,no
2026-04,27101999,IT,GB,88899.0,12.862,6.9118,no
2026-04,27101999,IT,GR,8333213.0,9876.019,0.8438,no
2026-04,27101999,IT,HR,38549.0,10.735,3.591,no
2026-04,27101999,IT,HU,380281.0,403.133,0.9433,no
2026-04,27101999,IT,IE,759.0,0.226,3.3584,no
2026-04,27101999,IT,IN,19304.0,20.0,0.9652,no
2026-04,27101999,IT,JP,19881.0,6.948,2.8614,no
2026-04,27101999,IT,KR,233026.0,217.87,1.0696,no
2026-04,27101999,IT,LU,613.0,0.302,2.0298,no
2026-04,27101999,IT,LV,6541.0,0.438,14.9338,no
2026-04,27101999,IT,MT,350.0,0.1,3.5,no
2026-04,27101999,IT,NL,6738502.0,5054.654,1.3331,no
2026-04,27101999,IT,PL,16915.0,5.773,2.93,no
2026-04,27101999,IT,PT,86018.0,7.374,11.665,no
2026-04,27101999,IT,RO,5820.0,1.34,4.3433,no
2026-04,27101999,IT,SA,14996.0,22.0,0.6816,no
2026-04,27101999,IT,SE,52513.0,24.012,2.1869,no
2026-04,27101999,IT,SI,192130.0,30.184,6.3653,no
2026-04,27101999,IT,SK,142.0,0.006,23.6667,no
2026-04,27101999,IT,TR,217009.0,216.056,1.0044,no
2026-04,27101999,IT,US,1703350.0,1971.231,0.8641,no
2026-05,27101971,IT,DE,10811.0,3.28,3.296,no
2026-05,27101971,IT,ES,4511.0,0.785,5.7465,no
2026-05,27101971,IT,FR,46.0,0.005,9.2,no
2026-05,27101971,IT,PL,1628.0,0.055,29.6,no
2026-05,27101981,IT,AE,47195.0,23.534,2.0054,no
2026-05,27101981,IT,AL,26471.0,9.945,2.6617,no
2026-05,27101981,IT,AT,196619.0,33.6,5.8518,no
2026-05,27101981,IT,BE,5737756.0,2117.522,2.7097,no
2026-05,27101981,IT,BG,270.0,0.018,15.0,no
2026-05,27101981,IT,CZ,37722.0,7.236,5.2131,no
2026-05,27101981,IT,DE,3783453.0,991.58,3.8156,no
2026-05,27101981,IT,EE,28.0,0.005,5.6,no
2026-05,27101981,IT,ES,1978709.0,674.091,2.9354,no
2026-05,27101981,IT,FI,184755.0,52.954,3.489,no
2026-05,27101981,IT,FR,4589679.0,1254.151,3.6596,no
2026-05,27101981,IT,GB,84206.0,27.05,3.113,no
2026-05,27101981,IT,GR,34174.0,15.859,2.1549,no
2026-05,27101981,IT,HR,69688.0,20.963,3.3243,no
2026-05,27101981,IT,HU,109399.0,37.741,2.8987,no
2026-05,27101981,IT,IN,4667.0,1.721,2.7118,no
2026-05,27101981,IT,LT,14545.0,1.911,7.6112,no
2026-05,27101981,IT,LV,55.0,0.009,6.1111,no
2026-05,27101981,IT,NL,2311435.0,692.168,3.3394,no
2026-05,27101981,IT,PL,185393.0,44.223,4.1922,no
2026-05,27101981,IT,RO,13048.0,2.197,5.939,no
2026-05,27101981,IT,SE,422620.0,135.978,3.108,no
2026-05,27101981,IT,SI,1074712.0,201.168,5.3424,no
2026-05,27101981,IT,SK,87784.0,25.624,3.4259,no
2026-05,27101981,IT,TH,3524.0,0.048,73.4167,no
2026-05,27101981,IT,TR,34612.0,15.769,2.1949,no
2026-05,27101981,IT,US,63516.0,11.681,5.4375,no
2026-05,27101983,IT,AL,1266.0,0.699,1.8112,no
2026-05,27101983,IT,AT,9299.0,1.728,5.3814,no
2026-05,27101983,IT,AZ,29371.0,15.137,1.9403,no
2026-05,27101983,IT,BE,246779.0,76.099,3.2429,no
2026-05,27101983,IT,CZ,17693.0,4.709,3.7573,no
2026-05,27101983,IT,DE,203895.0,70.823,2.8789,no
2026-05,27101983,IT,DK,3609.0,0.528,6.8352,no
2026-05,27101983,IT,ES,258014.0,144.925,1.7803,no
2026-05,27101983,IT,FI,4469.0,0.977,4.5742,no
2026-05,27101983,IT,FR,89306.0,30.765,2.9028,no
2026-05,27101983,IT,GR,30674.0,20.366,1.5061,no
2026-05,27101983,IT,HR,11322.0,6.034,1.8764,no
2026-05,27101983,IT,HU,207316.0,96.728,2.1433,no
2026-05,27101983,IT,IE,1131.0,0.175,6.4629,no
2026-05,27101983,IT,NL,187856.0,79.586,2.3604,no
2026-05,27101983,IT,PL,11624.0,5.387,2.1578,no
2026-05,27101983,IT,RO,72.0,0.012,6.0,no
2026-05,27101983,IT,SE,11681.0,6.092,1.9174,no
2026-05,27101983,IT,SI,3004.0,1.55,1.9381,no
2026-05,27101983,IT,SK,4815.0,1.0,4.815,no
2026-05,27101985,IT,AT,3306.0,0.662,4.994,no
2026-05,27101985,IT,BE,56412.0,28.139,2.0048,no
2026-05,27101985,IT,CN,4122.0,0.725,5.6855,no
2026-05,27101985,IT,CZ,34.0,0.001,34.0,no
2026-05,27101985,IT,DE,199433.0,87.787,2.2718,no
2026-05,27101985,IT,ES,124473.0,68.56,1.8155,no
2026-05,27101985,IT,FR,320218.0,222.248,1.4408,no
2026-05,27101985,IT,GR,1456842.0,815.692,1.786,no
2026-05,27101985,IT,HU,681.0,0.32,2.1281,no
2026-05,27101985,IT,NL,317322.0,138.705,2.2877,no
2026-05,27101985,IT,PL,330.0,0.006,55.0,no
2026-05,27101985,IT,SE,14346.0,0.812,17.6675,no
2026-05,27101985,IT,TR,4087.0,1.7,2.4041,no
2026-05,27101985,IT,US,659721.0,575.79,1.1458,no
2026-05,27101987,IT,AT,4143.0,0.616,6.7256,no
2026-05,27101987,IT,AZ,5426.0,3.505,1.5481,no
2026-05,27101987,IT,BE,353682.0,503.639,0.7023,no
2026-05,27101987,IT,CA,1059.0,0.047,22.5319,no
2026-05,27101987,IT,CH,37768.0,8.98,4.2058,no
2026-05,27101987,IT,CZ,16603.0,2.059,8.0636,no
2026-05,27101987,IT,DE,675369.0,121.718,5.5486,no
2026-05,27101987,IT,EE,94.0,0.008,11.75,no
2026-05,27101987,IT,ES,251749.0,89.604,2.8096,no
2026-05,27101987,IT,FR,424613.0,108.961,3.8969,no
2026-05,27101987,IT,GB,51770.0,2.674,19.3605,no
2026-05,27101987,IT,GR,15011.0,5.555,2.7023,no
2026-05,27101987,IT,HR,2288.0,0.733,3.1214,no
2026-05,27101987,IT,HU,20904.0,6.816,3.0669,no
2026-05,27101987,IT,KR,8810.0,0.369,23.8753,no
2026-05,27101987,IT,NL,128058.0,105.929,1.2089,no
2026-05,27101987,IT,PL,22865.0,3.981,5.7435,no
2026-05,27101987,IT,QV,200.0,0.05,4.0,no
2026-05,27101987,IT,RO,2841.0,0.37,7.6784,no
2026-05,27101987,IT,SE,58301.0,11.717,4.9758,no
2026-05,27101987,IT,SI,31662.0,3.98,7.9553,no
2026-05,27101987,IT,SK,20.0,0.001,20.0,no
2026-05,27101987,IT,TR,14278.0,4.248,3.3611,no
2026-05,27101987,IT,US,13010.0,1.438,9.0473,no
2026-05,27101991,IT,AT,2891.0,0.473,6.1121,no
2026-05,27101991,IT,BE,299907.0,118.781,2.5249,no
2026-05,27101991,IT,CZ,12.0,0.002,6.0,no
2026-05,27101991,IT,DE,569968.0,135.226,4.2149,no
2026-05,27101991,IT,ES,16472.0,4.753,3.4656,no
2026-05,27101991,IT,FR,227805.0,79.677,2.8591,no
2026-05,27101991,IT,GB,7392.0,3.52,2.1,no
2026-05,27101991,IT,HR,117.0,0.035,3.3429,no
2026-05,27101991,IT,IE,16995.0,2.617,6.4941,no
2026-05,27101991,IT,MX,66628.0,12.882,5.1722,no
2026-05,27101991,IT,NL,13828.0,2.316,5.9706,no
2026-05,27101991,IT,PL,5613.0,1.829,3.0689,no
2026-05,27101991,IT,SE,4201.0,0.715,5.8755,no
2026-05,27101991,IT,SI,24067.0,16.487,1.4598,no
2026-05,27101991,IT,US,1717.0,0.167,10.2814,no
2026-05,27101993,IT,AT,260.0,1.2,0.2167,no
2026-05,27101993,IT,BE,169694.0,104.837,1.6186,no
2026-05,27101993,IT,DE,72815.0,31.793,2.2903,no
2026-05,27101993,IT,ES,14954.0,8.448,1.7701,no
2026-05,27101993,IT,GB,581347.0,149.64,3.885,no
2026-05,27101993,IT,NL,10080.0,1.892,5.3277,no
2026-05,27101993,IT,SE,451911.0,246.397,1.8341,no
2026-05,27101993,IT,TR,37391.0,6.13,6.0997,no
2026-05,27101999,IT,AE,22509.0,14.4,1.5631,no
2026-05,27101999,IT,AL,28429.0,21.918,1.2971,no
2026-05,27101999,IT,AR,1275.0,0.039,32.6923,no
2026-05,27101999,IT,AT,43617.0,7.432,5.8688,no
2026-05,27101999,IT,BE,10133982.0,4856.255,2.0868,no
2026-05,27101999,IT,BG,2524.0,0.985,2.5624,no
2026-05,27101999,IT,CH,97311.0,21.593,4.5066,no
2026-05,27101999,IT,CN,1030.0,0.046,22.3913,no
2026-05,27101999,IT,CZ,18097.0,1.989,9.0985,no
2026-05,27101999,IT,DE,4247622.0,1431.34,2.9676,no
2026-05,27101999,IT,DK,92.0,0.004,23.0,no
2026-05,27101999,IT,EE,2509.0,0.163,15.3926,no
2026-05,27101999,IT,EG,435892.0,446.1,0.9771,no
2026-05,27101999,IT,ES,5883651.0,1052.81,5.5885,no
2026-05,27101999,IT,FI,6065.0,1.019,5.9519,no
2026-05,27101999,IT,FR,2143326.0,437.191,4.9025,no
2026-05,27101999,IT,GB,2499312.0,2008.114,1.2446,no
2026-05,27101999,IT,GR,8895678.0,6048.785,1.4707,no
2026-05,27101999,IT,HR,8141.0,2.02,4.0302,no
2026-05,27101999,IT,HU,648292.0,357.712,1.8123,no
2026-05,27101999,IT,IE,124.0,0.045,2.7556,no
2026-05,27101999,IT,JP,23387.0,1.851,12.6348,no
2026-05,27101999,IT,LV,2533.0,0.206,12.2961,no
2026-05,27101999,IT,MY,3018721.0,2491.569,1.2116,no
2026-05,27101999,IT,NL,31992382.0,26998.126,1.185,no
2026-05,27101999,IT,PL,992802.0,522.133,1.9014,no
2026-05,27101999,IT,PT,193131.0,16.486,11.7148,no
2026-05,27101999,IT,QV,289.0,0.024,12.0417,no
2026-05,27101999,IT,RO,8632.0,1.086,7.9484,no
2026-05,27101999,IT,SA,436832.0,462.14,0.9452,no
2026-05,27101999,IT,SE,92512.0,38.4,2.4092,no
2026-05,27101999,IT,SI,159626.0,32.21,4.9558,no
2026-05,27101999,IT,SK,8.0,0.001,8.0,no
2026-05,27101999,IT,TR,237537.0,160.943,1.4759,no
2026-05,27101999,IT,US,934114.0,708.911,1.3177,no
2026-06,27101981,IT,AL,19207.0,7.13,2.6938,no
2026-06,27101981,IT,CH,6118.0,0.3,20.3933,no
2026-06,27101981,IT,CN,5434.0,0.3,18.1133,no
2026-06,27101981,IT,GB,188419.0,13.399,14.0622,no
2026-06,27101981,IT,IN,1490.0,0.57,2.614,no
2026-06,27101981,IT,TR,8243.0,3.895,2.1163,no
2026-06,27101981,IT,US,74964.0,14.105,5.3147,no
2026-06,27101983,IT,AL,3268.0,1.336,2.4461,no
2026-06,27101983,IT,CH,12335.0,1.08,11.4213,no
2026-06,27101983,IT,US,7259.0,1.066,6.8096,no
2026-06,27101985,IT,TW,105281.0,100.36,1.049,no
2026-06,27101985,IT,US,750249.0,520.023,1.4427,no
2026-06,27101987,IT,AL,38504.0,22.501,1.7112,no
2026-06,27101987,IT,GB,2166.0,0.339,6.3894,no
2026-06,27101987,IT,US,22875.0,2.179,10.4979,no
2026-06,27101991,IT,GB,19930.0,7.888,2.5266,no
2026-06,27101991,IT,MX,40694.0,7.914,5.142,no
2026-06,27101993,IT,GB,416878.0,107.36,3.883,no
2026-06,27101993,IT,TR,35883.0,17.71,2.0261,no
2026-06,27101993,IT,VN,19488.0,17.246,1.13,no
2026-06,27101999,IT,AR,1034.0,0.047,22.0,no
2026-06,27101999,IT,CA,69497.0,2.4,28.9571,no
2026-06,27101999,IT,CH,130649.0,27.264,4.792,no
2026-06,27101999,IT,EG,1367558.0,1240.655,1.1023,no
2026-06,27101999,IT,GB,1493277.0,1121.17,1.3319,no
2026-06,27101999,IT,JP,45129.0,2.833,15.9298,no
2026-06,27101999,IT,MY,7262484.0,4308.538,1.6856,no
2026-06,27101999,IT,NO,1177.0,0.009,130.7778,no
2026-06,27101999,IT,SA,365959.0,264.0,1.3862,no
2026-06,27101999,IT,TR,213331.0,120.62,1.7686,no
2026-06,27101999,IT,US,1614525.0,1560.889,1.0344,no
