id,nome,mese,navi_giorno_media,petroliere_giorno_media
chokepoint1,Suez Canal,2019-01,49.71,16.03
chokepoint1,Suez Canal,2019-02,50.5,15.32
chokepoint1,Suez Canal,2019-03,49.74,16.97
chokepoint1,Suez Canal,2019-04,52.37,15.9
chokepoint1,Suez Canal,2019-05,51.65,15.97
chokepoint1,Suez Canal,2019-06,49.6,15.43
chokepoint1,Suez Canal,2019-07,51.55,14.87
chokepoint1,Suez Canal,2019-08,55.1,16.1
chokepoint1,Suez Canal,2019-09,53.03,16.27
chokepoint1,Suez Canal,2019-10,56.77,17.65
chokepoint1,Suez Canal,2019-11,53.5,17.1
chokepoint1,Suez Canal,2019-12,54.35,17.71
chokepoint1,Suez Canal,2020-01,53.48,16.68
chokepoint1,Suez Canal,2020-02,53.59,16.52
chokepoint1,Suez Canal,2020-03,53.55,15.71
chokepoint1,Suez Canal,2020-04,57.5,20.17
chokepoint1,Suez Canal,2020-05,52.13,19.39
chokepoint1,Suez Canal,2020-06,46.23,15.3
chokepoint1,Suez Canal,2020-07,46.77,13
chokepoint1,Suez Canal,2020-08,50.61,13.13
chokepoint1,Suez Canal,2020-09,52.13,13.13
chokepoint1,Suez Canal,2020-10,53.29,13
chokepoint1,Suez Canal,2020-11,54.43,14.47
chokepoint1,Suez Canal,2020-12,51.81,15.45
chokepoint1,Suez Canal,2021-01,52.19,16.1
chokepoint1,Suez Canal,2021-02,56.11,16.43
chokepoint1,Suez Canal,2021-03,48.03,14.03
chokepoint1,Suez Canal,2021-04,60.37,16.47
chokepoint1,Suez Canal,2021-05,56.13,15.84
chokepoint1,Suez Canal,2021-06,55.1,15.8
chokepoint1,Suez Canal,2021-07,55.55,14.81
chokepoint1,Suez Canal,2021-08,61.87,16.58
chokepoint1,Suez Canal,2021-09,63.07,17.4
chokepoint1,Suez Canal,2021-10,61.1,16.9
chokepoint1,Suez Canal,2021-11,62.93,17.97
chokepoint1,Suez Canal,2021-12,58.61,16.9
chokepoint1,Suez Canal,2022-01,58.9,15.29
chokepoint1,Suez Canal,2022-02,62.82,15.64
chokepoint1,Suez Canal,2022-03,60.35,17.35
chokepoint1,Suez Canal,2022-04,64.8,20.67
chokepoint1,Suez Canal,2022-05,63.9,20.23
chokepoint1,Suez Canal,2022-06,67.73,23
chokepoint1,Suez Canal,2022-07,71.13,23.1
chokepoint1,Suez Canal,2022-08,71.45,22.52
chokepoint1,Suez Canal,2022-09,69.3,23.7
chokepoint1,Suez Canal,2022-10,70.77,22.13
chokepoint1,Suez Canal,2022-11,71.63,23.93
chokepoint1,Suez Canal,2022-12,72.39,24.61
chokepoint1,Suez Canal,2023-01,71.03,24.42
chokepoint1,Suez Canal,2023-02,69.82,25.68
chokepoint1,Suez Canal,2023-03,71.61,25.68
chokepoint1,Suez Canal,2023-04,77.23,27.43
chokepoint1,Suez Canal,2023-05,77.42,26.77
chokepoint1,Suez Canal,2023-06,75.13,26.47
chokepoint1,Suez Canal,2023-07,71.29,26.1
chokepoint1,Suez Canal,2023-08,71.42,23.39
chokepoint1,Suez Canal,2023-09,74.13,25.17
chokepoint1,Suez Canal,2023-10,76.13,24.94
chokepoint1,Suez Canal,2023-11,76.53,24.93
chokepoint1,Suez Canal,2023-12,71.42,24.68
chokepoint1,Suez Canal,2024-01,47.97,15.81
chokepoint1,Suez Canal,2024-02,42.28,13.34
chokepoint1,Suez Canal,2024-03,38.81,13.55
chokepoint1,Suez Canal,2024-04,40.83,14.33
chokepoint1,Suez Canal,2024-05,40.68,15.13
chokepoint1,Suez Canal,2024-06,38.93,14.8
chokepoint1,Suez Canal,2024-07,38.32,14.13
chokepoint1,Suez Canal,2024-08,40.16,14.94
chokepoint1,Suez Canal,2024-09,37.4,15.1
chokepoint1,Suez Canal,2024-10,37.48,14.23
chokepoint1,Suez Canal,2024-11,36,13.3
chokepoint1,Suez Canal,2024-12,35.68,13.16
chokepoint1,Suez Canal,2025-01,37.13,13.03
chokepoint1,Suez Canal,2025-02,34.11,12.21
chokepoint1,Suez Canal,2025-03,37.23,14.61
chokepoint1,Suez Canal,2025-04,36.9,14.33
chokepoint1,Suez Canal,2025-05,36.97,14.39
chokepoint1,Suez Canal,2025-06,36.57,14.47
chokepoint1,Suez Canal,2025-07,37.81,15.35
chokepoint1,Suez Canal,2025-08,38.52,14.81
chokepoint1,Suez Canal,2025-09,41.83,15.87
chokepoint1,Suez Canal,2025-10,41.23,15.32
chokepoint1,Suez Canal,2025-11,42.87,15.1
chokepoint1,Suez Canal,2025-12,39.97,15.35
chokepoint1,Suez Canal,2026-01,38.97,14.42
chokepoint1,Suez Canal,2026-02,41.29,17.39
chokepoint1,Suez Canal,2026-03,40.97,16.84
chokepoint1,Suez Canal,2026-04,42.03,17.8
chokepoint1,Suez Canal,2026-05,38.97,15.97
chokepoint1,Suez Canal,2026-06,40.3,15.53
chokepoint1,Suez Canal,2026-07,41.81,15.71
chokepoint1,Suez Canal,2026-08,40.31,16.06
chokepoint2,Panama Canal,2019-01,31.26,11.87
chokepoint2,Panama Canal,2019-02,31.11,11.57
chokepoint2,Panama Canal,2019-03,31,12.26
chokepoint2,Panama Canal,2019-04,30.03,11.7
chokepoint2,Panama Canal,2019-05,31,12.16
chokepoint2,Panama Canal,2019-06,30.33,12.2
chokepoint2,Panama Canal,2019-07,30.48,11.19
chokepoint2,Panama Canal,2019-08,33.74,11.97
chokepoint2,Panama Canal,2019-09,31.5,11.6
chokepoint2,Panama Canal,2019-10,33.77,13.94
chokepoint2,Panama Canal,2019-11,34.73,14.2
chokepoint2,Panama Canal,2019-12,32.94,13.52
chokepoint2,Panama Canal,2020-01,32.06,12.97
chokepoint2,Panama Canal,2020-02,31.55,12.86
chokepoint2,Panama Canal,2020-03,31.32,13.61
chokepoint2,Panama Canal,2020-04,29.43,11.67
chokepoint2,Panama Canal,2020-05,26.55,9.97
chokepoint2,Panama Canal,2020-06,25.93,10.47
chokepoint2,Panama Canal,2020-07,28.42,11.42
chokepoint2,Panama Canal,2020-08,30.32,11.84
chokepoint2,Panama Canal,2020-09,29.73,10.57
chokepoint2,Panama Canal,2020-10,33.26,12.26
chokepoint2,Panama Canal,2020-11,32.57,12.63
chokepoint2,Panama Canal,2020-12,33.35,12.58
chokepoint2,Panama Canal,2021-01,32.71,13.35
chokepoint2,Panama Canal,2021-02,32.86,12.39
chokepoint2,Panama Canal,2021-03,32.77,12.42
chokepoint2,Panama Canal,2021-04,32.03,12.8
chokepoint2,Panama Canal,2021-05,31.23,12.71
chokepoint2,Panama Canal,2021-06,31,13.2
chokepoint2,Panama Canal,2021-07,31.65,12.9
chokepoint2,Panama Canal,2021-08,33.52,13.9
chokepoint2,Panama Canal,2021-09,28.63,10.8
chokepoint2,Panama Canal,2021-10,32.03,11.29
chokepoint2,Panama Canal,2021-11,35.17,13.83
chokepoint2,Panama Canal,2021-12,35.32,13.42
chokepoint2,Panama Canal,2022-01,33,12.71
chokepoint2,Panama Canal,2022-02,34.39,12.68
chokepoint2,Panama Canal,2022-03,32.74,12.61
chokepoint2,Panama Canal,2022-04,32.73,13.13
chokepoint2,Panama Canal,2022-05,33.26,14.19
chokepoint2,Panama Canal,2022-06,34.77,14.1
chokepoint2,Panama Canal,2022-07,31.97,12.87
chokepoint2,Panama Canal,2022-08,34.32,14.45
chokepoint2,Panama Canal,2022-09,31.6,12.27
chokepoint2,Panama Canal,2022-10,33.03,13.26
chokepoint2,Panama Canal,2022-11,33.63,14
chokepoint2,Panama Canal,2022-12,34,12.97
chokepoint2,Panama Canal,2023-01,32.61,12.23
chokepoint2,Panama Canal,2023-02,31.96,12.36
chokepoint2,Panama Canal,2023-03,32.81,13.35
chokepoint2,Panama Canal,2023-04,33.77,13.57
chokepoint2,Panama Canal,2023-05,30.9,11.97
chokepoint2,Panama Canal,2023-06,30.6,12.87
chokepoint2,Panama Canal,2023-07,31.48,13.55
chokepoint2,Panama Canal,2023-08,30.94,13.39
chokepoint2,Panama Canal,2023-09,31,13.17
chokepoint2,Panama Canal,2023-10,30.06,12.26
chokepoint2,Panama Canal,2023-11,24.1,10.47
chokepoint2,Panama Canal,2023-12,21.68,9.68
chokepoint2,Panama Canal,2024-01,19.45,8.29
chokepoint2,Panama Canal,2024-02,20.79,8.48
chokepoint2,Panama Canal,2024-03,21.65,9.48
chokepoint2,Panama Canal,2024-04,23.67,10.67
chokepoint2,Panama Canal,2024-05,24.68,10.74
chokepoint2,Panama Canal,2024-06,27.47,11.63
chokepoint2,Panama Canal,2024-07,28.48,11.9
chokepoint2,Panama Canal,2024-08,29.39,11.97
chokepoint2,Panama Canal,2024-09,30.07,12.3
chokepoint2,Panama Canal,2024-10,29.42,11.55
chokepoint2,Panama Canal,2024-11,31.2,12.63
chokepoint2,Panama Canal,2024-12,31.29,13.06
chokepoint2,Panama Canal,2025-01,29.68,12.35
chokepoint2,Panama Canal,2025-02,31.68,13
chokepoint2,Panama Canal,2025-03,31.19,12.68
chokepoint2,Panama Canal,2025-04,31.17,12.1
chokepoint2,Panama Canal,2025-05,30.03,12.13
chokepoint2,Panama Canal,2025-06,29.97,11.83
chokepoint2,Panama Canal,2025-07,31.26,13.16
chokepoint2,Panama Canal,2025-08,31.16,12.48
chokepoint2,Panama Canal,2025-09,31.6,12.57
chokepoint2,Panama Canal,2025-10,31.81,12.97
chokepoint2,Panama Canal,2025-11,31.6,13.43
chokepoint2,Panama Canal,2025-12,31.35,13.03
chokepoint2,Panama Canal,2026-01,30.61,12.32
chokepoint2,Panama Canal,2026-02,32.18,13.57
chokepoint2,Panama Canal,2026-03,33.81,14.23
chokepoint2,Panama Canal,2026-04,34.53,16.13
chokepoint2,Panama Canal,2026-05,34.32,15.61
chokepoint2,Panama Canal,2026-06,29.57,13.97
chokepoint2,Panama Canal,2026-07,32.1,14.06
chokepoint2,Panama Canal,2026-08,29.88,13.44
chokepoint3,Bosporus Strait,2019-01,99.81,25.68
chokepoint3,Bosporus Strait,2019-02,99.36,25.79
chokepoint3,Bosporus Strait,2019-03,106.9,26.1
chokepoint3,Bosporus Strait,2019-04,100,21.9
chokepoint3,Bosporus Strait,2019-05,99.16,23.74
chokepoint3,Bosporus Strait,2019-06,97.47,23.9
chokepoint3,Bosporus Strait,2019-07,104.87,25.81
chokepoint3,Bosporus Strait,2019-08,105.42,23.58
chokepoint3,Bosporus Strait,2019-09,105.93,23.43
chokepoint3,Bosporus Strait,2019-10,114,24.58
chokepoint3,Bosporus Strait,2019-11,100.87,22.4
chokepoint3,Bosporus Strait,2019-12,109.52,25.68
chokepoint3,Bosporus Strait,2020-01,102.77,26.35
chokepoint3,Bosporus Strait,2020-02,100.79,24.41
chokepoint3,Bosporus Strait,2020-03,96.29,24.45
chokepoint3,Bosporus Strait,2020-04,108.1,25.4
chokepoint3,Bosporus Strait,2020-05,96.52,23.68
chokepoint3,Bosporus Strait,2020-06,85.5,21.4
chokepoint3,Bosporus Strait,2020-07,92.55,22.35
chokepoint3,Bosporus Strait,2020-08,95.03,19.61
chokepoint3,Bosporus Strait,2020-09,97.27,20.17
chokepoint3,Bosporus Strait,2020-10,100.58,21.45
chokepoint3,Bosporus Strait,2020-11,101.23,21.9
chokepoint3,Bosporus Strait,2020-12,97.32,21.84
chokepoint3,Bosporus Strait,2021-01,92.39,20.58
chokepoint3,Bosporus Strait,2021-02,98.21,22.32
chokepoint3,Bosporus Strait,2021-03,100.42,24.29
chokepoint3,Bosporus Strait,2021-04,102.9,21.93
chokepoint3,Bosporus Strait,2021-05,98,21.71
chokepoint3,Bosporus Strait,2021-06,97.9,21.8
chokepoint3,Bosporus Strait,2021-07,92.03,21.29
chokepoint3,Bosporus Strait,2021-08,101.16,20.81
chokepoint3,Bosporus Strait,2021-09,100.9,20.8
chokepoint3,Bosporus Strait,2021-10,98.77,22.84
chokepoint3,Bosporus Strait,2021-11,101.7,23.4
chokepoint3,Bosporus Strait,2021-12,99.52,23.19
chokepoint3,Bosporus Strait,2022-01,94.52,23.97
chokepoint3,Bosporus Strait,2022-02,103.89,25.25
chokepoint3,Bosporus Strait,2022-03,77.52,20
chokepoint3,Bosporus Strait,2022-04,81.5,20.27
chokepoint3,Bosporus Strait,2022-05,83.52,22.61
chokepoint3,Bosporus Strait,2022-06,86.4,22.67
chokepoint3,Bosporus Strait,2022-07,85.16,23.06
chokepoint3,Bosporus Strait,2022-08,85.68,22.06
chokepoint3,Bosporus Strait,2022-09,94.43,24.17
chokepoint3,Bosporus Strait,2022-10,93.06,22.71
chokepoint3,Bosporus Strait,2022-11,95.43,22.97
chokepoint3,Bosporus Strait,2022-12,91.74,24.74
chokepoint3,Bosporus Strait,2023-01,91.42,23.58
chokepoint3,Bosporus Strait,2023-02,90.5,22.04
chokepoint3,Bosporus Strait,2023-03,105.23,25.26
chokepoint3,Bosporus Strait,2023-04,103.43,26.1
chokepoint3,Bosporus Strait,2023-05,103.45,25.45
chokepoint3,Bosporus Strait,2023-06,101.4,26.17
chokepoint3,Bosporus Strait,2023-07,94.35,24.32
chokepoint3,Bosporus Strait,2023-08,90.16,22.58
chokepoint3,Bosporus Strait,2023-09,89.7,22.5
chokepoint3,Bosporus Strait,2023-10,92.48,22.29
chokepoint3,Bosporus Strait,2023-11,87.73,22
chokepoint3,Bosporus Strait,2023-12,97.19,24.77
chokepoint3,Bosporus Strait,2024-01,91,23.52
chokepoint3,Bosporus Strait,2024-02,97.86,24.55
chokepoint3,Bosporus Strait,2024-03,104.81,25.9
chokepoint3,Bosporus Strait,2024-04,106.23,27.07
chokepoint3,Bosporus Strait,2024-05,98.61,25.39
chokepoint3,Bosporus Strait,2024-06,99.2,24.27
chokepoint3,Bosporus Strait,2024-07,94.74,23.52
chokepoint3,Bosporus Strait,2024-08,97.77,24.13
chokepoint3,Bosporus Strait,2024-09,91.7,23.47
chokepoint3,Bosporus Strait,2024-10,98.45,23.94
chokepoint3,Bosporus Strait,2024-11,95.9,23.53
chokepoint3,Bosporus Strait,2024-12,88.19,23.77
chokepoint3,Bosporus Strait,2025-01,91.48,23.06
chokepoint3,Bosporus Strait,2025-02,83.18,21.86
chokepoint3,Bosporus Strait,2025-03,89.13,22.03
chokepoint3,Bosporus Strait,2025-04,92.87,25.2
chokepoint3,Bosporus Strait,2025-05,93.32,25.23
chokepoint3,Bosporus Strait,2025-06,90.9,24.2
chokepoint3,Bosporus Strait,2025-07,91.32,23.32
chokepoint3,Bosporus Strait,2025-08,91.65,23.39
chokepoint3,Bosporus Strait,2025-09,93.5,23.43
chokepoint3,Bosporus Strait,2025-10,97.61,25.06
chokepoint3,Bosporus Strait,2025-11,100.57,23.83
chokepoint3,Bosporus Strait,2025-12,86.16,22.87
chokepoint3,Bosporus Strait,2026-01,81.1,20.74
chokepoint3,Bosporus Strait,2026-02,78.39,18.71
chokepoint3,Bosporus Strait,2026-03,90.26,22.52
chokepoint3,Bosporus Strait,2026-04,91.47,22.93
chokepoint3,Bosporus Strait,2026-05,87.19,20.87
chokepoint3,Bosporus Strait,2026-06,81.23,20.4
chokepoint3,Bosporus Strait,2026-07,71.52,18
chokepoint3,Bosporus Strait,2026-08,60.44,15.5
chokepoint4,Bab el-Mandeb Strait,2019-01,51.16,17
chokepoint4,Bab el-Mandeb Strait,2019-02,52.61,16.71
chokepoint4,Bab el-Mandeb Strait,2019-03,51.42,17.97
chokepoint4,Bab el-Mandeb Strait,2019-04,54.43,17.4
chokepoint4,Bab el-Mandeb Strait,2019-05,51.26,17.06
chokepoint4,Bab el-Mandeb Strait,2019-06,50.5,16.5
chokepoint4,Bab el-Mandeb Strait,2019-07,53,16.23
chokepoint4,Bab el-Mandeb Strait,2019-08,54.19,16.39
chokepoint4,Bab el-Mandeb Strait,2019-09,53.3,16.87
chokepoint4,Bab el-Mandeb Strait,2019-10,54.23,18.39
chokepoint4,Bab el-Mandeb Strait,2019-11,53.7,18.43
chokepoint4,Bab el-Mandeb Strait,2019-12,53.9,18.87
chokepoint4,Bab el-Mandeb Strait,2020-01,52.68,17.16
chokepoint4,Bab el-Mandeb Strait,2020-02,53.17,17.38
chokepoint4,Bab el-Mandeb Strait,2020-03,53.23,17.39
chokepoint4,Bab el-Mandeb Strait,2020-04,56.17,19.97
chokepoint4,Bab el-Mandeb Strait,2020-05,52.9,19.84
chokepoint4,Bab el-Mandeb Strait,2020-06,47.87,16.67
chokepoint4,Bab el-Mandeb Strait,2020-07,52.35,17.29
chokepoint4,Bab el-Mandeb Strait,2020-08,53.32,16.19
chokepoint4,Bab el-Mandeb Strait,2020-09,54.83,16.73
chokepoint4,Bab el-Mandeb Strait,2020-10,54.42,15.77
chokepoint4,Bab el-Mandeb Strait,2020-11,55.7,16.8
chokepoint4,Bab el-Mandeb Strait,2020-12,54.87,17.03
chokepoint4,Bab el-Mandeb Strait,2021-01,56.81,19.26
chokepoint4,Bab el-Mandeb Strait,2021-02,58.21,19.04
chokepoint4,Bab el-Mandeb Strait,2021-03,53.26,17.23
chokepoint4,Bab el-Mandeb Strait,2021-04,58.6,17.67
chokepoint4,Bab el-Mandeb Strait,2021-05,55.77,17.06
chokepoint4,Bab el-Mandeb Strait,2021-06,57.9,17.13
chokepoint4,Bab el-Mandeb Strait,2021-07,57.97,16.48
chokepoint4,Bab el-Mandeb Strait,2021-08,59.52,16.87
chokepoint4,Bab el-Mandeb Strait,2021-09,60.87,18.63
chokepoint4,Bab el-Mandeb Strait,2021-10,58.55,17.61
chokepoint4,Bab el-Mandeb Strait,2021-11,61.3,18.73
chokepoint4,Bab el-Mandeb Strait,2021-12,60.03,16.77
chokepoint4,Bab el-Mandeb Strait,2022-01,60.68,17.19
chokepoint4,Bab el-Mandeb Strait,2022-02,62.71,17.64
chokepoint4,Bab el-Mandeb Strait,2022-03,61.45,18.19
chokepoint4,Bab el-Mandeb Strait,2022-04,64.17,21.1
chokepoint4,Bab el-Mandeb Strait,2022-05,63.97,21.06
chokepoint4,Bab el-Mandeb Strait,2022-06,66.33,22.4
chokepoint4,Bab el-Mandeb Strait,2022-07,67.97,23.42
chokepoint4,Bab el-Mandeb Strait,2022-08,69.87,23.68
chokepoint4,Bab el-Mandeb Strait,2022-09,70.33,24.43
chokepoint4,Bab el-Mandeb Strait,2022-10,70.52,24.35
chokepoint4,Bab el-Mandeb Strait,2022-11,73.1,24.83
chokepoint4,Bab el-Mandeb Strait,2022-12,70.97,25.32
chokepoint4,Bab el-Mandeb Strait,2023-01,71.48,25.13
chokepoint4,Bab el-Mandeb Strait,2023-02,70.29,25
chokepoint4,Bab el-Mandeb Strait,2023-03,73.1,26.06
chokepoint4,Bab el-Mandeb Strait,2023-04,74.47,26.53
chokepoint4,Bab el-Mandeb Strait,2023-05,77.29,26.55
chokepoint4,Bab el-Mandeb Strait,2023-06,76.33,26.53
chokepoint4,Bab el-Mandeb Strait,2023-07,73.81,26.94
chokepoint4,Bab el-Mandeb Strait,2023-08,72.74,24.45
chokepoint4,Bab el-Mandeb Strait,2023-09,75.23,26.23
chokepoint4,Bab el-Mandeb Strait,2023-10,78.23,26.74
chokepoint4,Bab el-Mandeb Strait,2023-11,76.77,26
chokepoint4,Bab el-Mandeb Strait,2023-12,64.94,25.03
chokepoint4,Bab el-Mandeb Strait,2024-01,39.16,13.61
chokepoint4,Bab el-Mandeb Strait,2024-02,34.69,12.07
chokepoint4,Bab el-Mandeb Strait,2024-03,32.48,12.42
chokepoint4,Bab el-Mandeb Strait,2024-04,32.13,11.97
chokepoint4,Bab el-Mandeb Strait,2024-05,31.9,11.58
chokepoint4,Bab el-Mandeb Strait,2024-06,31.1,11.57
chokepoint4,Bab el-Mandeb Strait,2024-07,28.77,11.23
chokepoint4,Bab el-Mandeb Strait,2024-08,31.13,10.71
chokepoint4,Bab el-Mandeb Strait,2024-09,30.43,10.6
chokepoint4,Bab el-Mandeb Strait,2024-10,31.52,10.35
chokepoint4,Bab el-Mandeb Strait,2024-11,33.03,11.37
chokepoint4,Bab el-Mandeb Strait,2024-12,31.81,11.32
chokepoint4,Bab el-Mandeb Strait,2025-01,32.03,10.52
chokepoint4,Bab el-Mandeb Strait,2025-02,31.79,10.57
chokepoint4,Bab el-Mandeb Strait,2025-03,32.77,11.84
chokepoint4,Bab el-Mandeb Strait,2025-04,32.73,11.67
chokepoint4,Bab el-Mandeb Strait,2025-05,32.94,11.19
chokepoint4,Bab el-Mandeb Strait,2025-06,31.57,11.53
chokepoint4,Bab el-Mandeb Strait,2025-07,30.94,10.74
chokepoint4,Bab el-Mandeb Strait,2025-08,34.71,11.42
chokepoint4,Bab el-Mandeb Strait,2025-09,33.5,10.9
chokepoint4,Bab el-Mandeb Strait,2025-10,35.71,12.39
chokepoint4,Bab el-Mandeb Strait,2025-11,37.57,12.8
chokepoint4,Bab el-Mandeb Strait,2025-12,32.39,11.55
chokepoint4,Bab el-Mandeb Strait,2026-01,33.16,11.39
chokepoint4,Bab el-Mandeb Strait,2026-02,36.43,13.71
chokepoint4,Bab el-Mandeb Strait,2026-03,35.35,14.97
chokepoint4,Bab el-Mandeb Strait,2026-04,36.37,14.57
chokepoint4,Bab el-Mandeb Strait,2026-05,35.81,13.87
chokepoint4,Bab el-Mandeb Strait,2026-06,36.23,13.73
chokepoint4,Bab el-Mandeb Strait,2026-07,33.23,11.58
chokepoint4,Bab el-Mandeb Strait,2026-08,26.94,8.38
chokepoint5,Malacca Strait,2019-01,170.19,67.61
chokepoint5,Malacca Strait,2019-02,173.07,70.14
chokepoint5,Malacca Strait,2019-03,165.87,63.68
chokepoint5,Malacca Strait,2019-04,173.3,66.13
chokepoint5,Malacca Strait,2019-05,168.26,67.81
chokepoint5,Malacca Strait,2019-06,162.7,65.53
chokepoint5,Malacca Strait,2019-07,166.52,64.55
chokepoint5,Malacca Strait,2019-08,165.16,64.45
chokepoint5,Malacca Strait,2019-09,172.3,65.77
chokepoint5,Malacca Strait,2019-10,170.87,68.13
chokepoint5,Malacca Strait,2019-11,172.73,70.53
chokepoint5,Malacca Strait,2019-12,172.42,70.55
chokepoint5,Malacca Strait,2020-01,176.1,71.52
chokepoint5,Malacca Strait,2020-02,160.1,66.9
chokepoint5,Malacca Strait,2020-03,160.71,66.65
chokepoint5,Malacca Strait,2020-04,154.57,62.93
chokepoint5,Malacca Strait,2020-05,154.48,64.77
chokepoint5,Malacca Strait,2020-06,156.7,65.63
chokepoint5,Malacca Strait,2020-07,162.26,64.9
chokepoint5,Malacca Strait,2020-08,157.29,62.45
chokepoint5,Malacca Strait,2020-09,158.7,63.33
chokepoint5,Malacca Strait,2020-10,157.35,60.9
chokepoint5,Malacca Strait,2020-11,162.47,67.63
chokepoint5,Malacca Strait,2020-12,160.29,65.77
chokepoint5,Malacca Strait,2021-01,166.03,68.74
chokepoint5,Malacca Strait,2021-02,163.82,68.04
chokepoint5,Malacca Strait,2021-03,157.29,62.1
chokepoint5,Malacca Strait,2021-04,166.43,66.47
chokepoint5,Malacca Strait,2021-05,157.48,64.55
chokepoint5,Malacca Strait,2021-06,144.97,58.13
chokepoint5,Malacca Strait,2021-07,140.71,56.87
chokepoint5,Malacca Strait,2021-08,149.68,60.94
chokepoint5,Malacca Strait,2021-09,144,58.47
chokepoint5,Malacca Strait,2021-10,146.65,59
chokepoint5,Malacca Strait,2021-11,191.27,75.77
chokepoint5,Malacca Strait,2021-12,200.13,81.74
chokepoint5,Malacca Strait,2022-01,206.84,84.9
chokepoint5,Malacca Strait,2022-02,202.61,82.89
chokepoint5,Malacca Strait,2022-03,201.32,80.9
chokepoint5,Malacca Strait,2022-04,203.8,81.8
chokepoint5,Malacca Strait,2022-05,197.71,77.97
chokepoint5,Malacca Strait,2022-06,205.63,80.87
chokepoint5,Malacca Strait,2022-07,203.42,79.71
chokepoint5,Malacca Strait,2022-08,210.39,83.97
chokepoint5,Malacca Strait,2022-09,208.5,83.9
chokepoint5,Malacca Strait,2022-10,214.13,83.74
chokepoint5,Malacca Strait,2022-11,211.57,85.7
chokepoint5,Malacca Strait,2022-12,207.58,84.32
chokepoint5,Malacca Strait,2023-01,212.06,84.1
chokepoint5,Malacca Strait,2023-02,206.71,80.43
chokepoint5,Malacca Strait,2023-03,216.9,84.97
chokepoint5,Malacca Strait,2023-04,220.3,84.67
chokepoint5,Malacca Strait,2023-05,220.81,82.58
chokepoint5,Malacca Strait,2023-06,217.77,83
chokepoint5,Malacca Strait,2023-07,224.9,85.55
chokepoint5,Malacca Strait,2023-08,221.1,82.58
chokepoint5,Malacca Strait,2023-09,219.17,81.43
chokepoint5,Malacca Strait,2023-10,221.81,81.87
chokepoint5,Malacca Strait,2023-11,226.07,85.13
chokepoint5,Malacca Strait,2023-12,224.13,84.42
chokepoint5,Malacca Strait,2024-01,223.87,83.26
chokepoint5,Malacca Strait,2024-02,220.76,82.48
chokepoint5,Malacca Strait,2024-03,218.16,82.61
chokepoint5,Malacca Strait,2024-04,220.97,81.5
chokepoint5,Malacca Strait,2024-05,223.58,82.1
chokepoint5,Malacca Strait,2024-06,221.53,81.5
chokepoint5,Malacca Strait,2024-07,225.81,80.19
chokepoint5,Malacca Strait,2024-08,224.39,80.13
chokepoint5,Malacca Strait,2024-09,220.43,79.57
chokepoint5,Malacca Strait,2024-10,226.42,82.06
chokepoint5,Malacca Strait,2024-11,219.57,80.13
chokepoint5,Malacca Strait,2024-12,226.29,80.65
chokepoint5,Malacca Strait,2025-01,226.9,79.94
chokepoint5,Malacca Strait,2025-02,220.79,77.57
chokepoint5,Malacca Strait,2025-03,224.94,80.19
chokepoint5,Malacca Strait,2025-04,230.67,79.07
chokepoint5,Malacca Strait,2025-05,235.16,82.45
chokepoint5,Malacca Strait,2025-06,231.97,83.83
chokepoint5,Malacca Strait,2025-07,235.9,83.23
chokepoint5,Malacca Strait,2025-08,236.55,82.03
chokepoint5,Malacca Strait,2025-09,240.1,84.23
chokepoint5,Malacca Strait,2025-10,240.87,82.74
chokepoint5,Malacca Strait,2025-11,237.13,83.43
chokepoint5,Malacca Strait,2025-12,240.97,86.32
chokepoint5,Malacca Strait,2026-01,242.52,84.52
chokepoint5,Malacca Strait,2026-02,237.14,85.18
chokepoint5,Malacca Strait,2026-03,219.55,75.71
chokepoint5,Malacca Strait,2026-04,220.37,72.53
chokepoint5,Malacca Strait,2026-05,216.74,69.84
chokepoint5,Malacca Strait,2026-06,219.83,69.07
chokepoint5,Malacca Strait,2026-07,224.03,75.65
chokepoint5,Malacca Strait,2026-08,216.81,71.62
chokepoint6,Strait of Hormuz,2019-01,54.42,33.87
chokepoint6,Strait of Hormuz,2019-02,56.04,34.11
chokepoint6,Strait of Hormuz,2019-03,55.26,34.1
chokepoint6,Strait of Hormuz,2019-04,64.73,38.77
chokepoint6,Strait of Hormuz,2019-05,67,40.55
chokepoint6,Strait of Hormuz,2019-06,72.67,44.5
chokepoint6,Strait of Hormuz,2019-07,75.35,44.16
chokepoint6,Strait of Hormuz,2019-08,73.13,44.13
chokepoint6,Strait of Hormuz,2019-09,69.13,40.37
chokepoint6,Strait of Hormuz,2019-10,64.35,39.58
chokepoint6,Strait of Hormuz,2019-11,47.73,30.17
chokepoint6,Strait of Hormuz,2019-12,50.1,31.29
chokepoint6,Strait of Hormuz,2020-01,59.32,35.16
chokepoint6,Strait of Hormuz,2020-02,57.83,34.48
chokepoint6,Strait of Hormuz,2020-03,50.94,31.87
chokepoint6,Strait of Hormuz,2020-04,64.73,40.6
chokepoint6,Strait of Hormuz,2020-05,72.97,44
chokepoint6,Strait of Hormuz,2020-06,82.37,49.97
chokepoint6,Strait of Hormuz,2020-07,78.94,48.94
chokepoint6,Strait of Hormuz,2020-08,78.29,48.1
chokepoint6,Strait of Hormuz,2020-09,84.63,48.57
chokepoint6,Strait of Hormuz,2020-10,76.84,46.32
chokepoint6,Strait of Hormuz,2020-11,59.13,36.6
chokepoint6,Strait of Hormuz,2020-12,51.65,32.58
chokepoint6,Strait of Hormuz,2021-01,65.39,40.74
chokepoint6,Strait of Hormuz,2021-02,67.79,42.32
chokepoint6,Strait of Hormuz,2021-03,66.42,40.48
chokepoint6,Strait of Hormuz,2021-04,80.93,48.73
chokepoint6,Strait of Hormuz,2021-05,80.87,49.68
chokepoint6,Strait of Hormuz,2021-06,87.77,53.57
chokepoint6,Strait of Hormuz,2021-07,81.77,51.74
chokepoint6,Strait of Hormuz,2021-08,80.52,48.97
chokepoint6,Strait of Hormuz,2021-09,81.23,49.67
chokepoint6,Strait of Hormuz,2021-10,74.45,46.29
chokepoint6,Strait of Hormuz,2021-11,76.03,46.23
chokepoint6,Strait of Hormuz,2021-12,73.45,46.84
chokepoint6,Strait of Hormuz,2022-01,77.9,49.94
chokepoint6,Strait of Hormuz,2022-02,92.82,57.18
chokepoint6,Strait of Hormuz,2022-03,87.42,53.77
chokepoint6,Strait of Hormuz,2022-04,97.4,61
chokepoint6,Strait of Hormuz,2022-05,87.61,54.32
chokepoint6,Strait of Hormuz,2022-06,87.97,54.5
chokepoint6,Strait of Hormuz,2022-07,83.58,53.03
chokepoint6,Strait of Hormuz,2022-08,91.55,55.16
chokepoint6,Strait of Hormuz,2022-09,85.37,52.17
chokepoint6,Strait of Hormuz,2022-10,90.61,55.71
chokepoint6,Strait of Hormuz,2022-11,72.57,44.23
chokepoint6,Strait of Hormuz,2022-12,69.39,42.19
chokepoint6,Strait of Hormuz,2023-01,75.03,45.42
chokepoint6,Strait of Hormuz,2023-02,82.25,49.71
chokepoint6,Strait of Hormuz,2023-03,79.52,47.65
chokepoint6,Strait of Hormuz,2023-04,88.03,53.37
chokepoint6,Strait of Hormuz,2023-05,89.1,53.68
chokepoint6,Strait of Hormuz,2023-06,84.03,50.4
chokepoint6,Strait of Hormuz,2023-07,83.48,52.1
chokepoint6,Strait of Hormuz,2023-08,89.39,53.32
chokepoint6,Strait of Hormuz,2023-09,84.63,51.03
chokepoint6,Strait of Hormuz,2023-10,81.06,48.23
chokepoint6,Strait of Hormuz,2023-11,67.93,41.6
chokepoint6,Strait of Hormuz,2023-12,64.55,38.94
chokepoint6,Strait of Hormuz,2024-01,72,43.65
chokepoint6,Strait of Hormuz,2024-02,67.66,39.52
chokepoint6,Strait of Hormuz,2024-03,87.65,52
chokepoint6,Strait of Hormuz,2024-04,87.77,52.9
chokepoint6,Strait of Hormuz,2024-05,92.74,55.19
chokepoint6,Strait of Hormuz,2024-06,88.93,52.3
chokepoint6,Strait of Hormuz,2024-07,94.61,56.94
chokepoint6,Strait of Hormuz,2024-08,77.45,45.42
chokepoint6,Strait of Hormuz,2024-09,81.47,46.87
chokepoint6,Strait of Hormuz,2024-10,74.19,41.45
chokepoint6,Strait of Hormuz,2024-11,64.43,35.8
chokepoint6,Strait of Hormuz,2024-12,53.94,30.1
chokepoint6,Strait of Hormuz,2025-01,69.42,39.1
chokepoint6,Strait of Hormuz,2025-02,70.64,39.54
chokepoint6,Strait of Hormuz,2025-03,78.03,45.39
chokepoint6,Strait of Hormuz,2025-04,87.93,49.53
chokepoint6,Strait of Hormuz,2025-05,91.65,52.06
chokepoint6,Strait of Hormuz,2025-06,82.77,46.23
chokepoint6,Strait of Hormuz,2025-07,85.52,48.68
chokepoint6,Strait of Hormuz,2025-08,78.55,44.32
chokepoint6,Strait of Hormuz,2025-09,74.5,42.3
chokepoint6,Strait of Hormuz,2025-10,73.81,40.84
chokepoint6,Strait of Hormuz,2025-11,57.97,33.47
chokepoint6,Strait of Hormuz,2025-12,50.81,28.26
chokepoint6,Strait of Hormuz,2026-01,56.32,30.06
chokepoint6,Strait of Hormuz,2026-02,69.93,39.39
chokepoint6,Strait of Hormuz,2026-03,2.77,0.81
chokepoint6,Strait of Hormuz,2026-04,4.97,2.27
chokepoint6,Strait of Hormuz,2026-05,3.16,1.26
chokepoint6,Strait of Hormuz,2026-06,10.7,4.77
chokepoint6,Strait of Hormuz,2026-07,8.42,4.19
chokepoint6,Strait of Hormuz,2026-08,3.81,1.25
chokepoint7,Cape of Good Hope,2019-01,47.35,12.03
chokepoint7,Cape of Good Hope,2019-02,49.82,12.36
chokepoint7,Cape of Good Hope,2019-03,44.19,12.61
chokepoint7,Cape of Good Hope,2019-04,45.9,11.03
chokepoint7,Cape of Good Hope,2019-05,45.97,11.16
chokepoint7,Cape of Good Hope,2019-06,50.2,11.8
chokepoint7,Cape of Good Hope,2019-07,50.45,11.48
chokepoint7,Cape of Good Hope,2019-08,51,11.1
chokepoint7,Cape of Good Hope,2019-09,52.23,12.03
chokepoint7,Cape of Good Hope,2019-10,51,12.06
chokepoint7,Cape of Good Hope,2019-11,47.03,12.4
chokepoint7,Cape of Good Hope,2019-12,41.29,10.32
chokepoint7,Cape of Good Hope,2020-01,39.68,10.35
chokepoint7,Cape of Good Hope,2020-02,45.76,11.52
chokepoint7,Cape of Good Hope,2020-03,44.16,10.26
chokepoint7,Cape of Good Hope,2020-04,50.5,13
chokepoint7,Cape of Good Hope,2020-05,55.45,12.68
chokepoint7,Cape of Good Hope,2020-06,52.13,12.73
chokepoint7,Cape of Good Hope,2020-07,61.19,14.1
chokepoint7,Cape of Good Hope,2020-08,55.13,12.55
chokepoint7,Cape of Good Hope,2020-09,54.57,13.23
chokepoint7,Cape of Good Hope,2020-10,49.52,11.81
chokepoint7,Cape of Good Hope,2020-11,48.3,11.63
chokepoint7,Cape of Good Hope,2020-12,42.74,12
chokepoint7,Cape of Good Hope,2021-01,42.74,10.94
chokepoint7,Cape of Good Hope,2021-02,46.54,12.14
chokepoint7,Cape of Good Hope,2021-03,48.29,12.03
chokepoint7,Cape of Good Hope,2021-04,52.1,13.47
chokepoint7,Cape of Good Hope,2021-05,49.81,13.35
chokepoint7,Cape of Good Hope,2021-06,50.2,11.8
chokepoint7,Cape of Good Hope,2021-07,51.32,11.84
chokepoint7,Cape of Good Hope,2021-08,46.1,11.65
chokepoint7,Cape of Good Hope,2021-09,49.3,12.07
chokepoint7,Cape of Good Hope,2021-10,41.68,11.39
chokepoint7,Cape of Good Hope,2021-11,41.4,10.33
chokepoint7,Cape of Good Hope,2021-12,42.61,11.52
chokepoint7,Cape of Good Hope,2022-01,41.29,10.42
chokepoint7,Cape of Good Hope,2022-02,42.36,9.79
chokepoint7,Cape of Good Hope,2022-03,40.55,9.39
chokepoint7,Cape of Good Hope,2022-04,41.37,9.97
chokepoint7,Cape of Good Hope,2022-05,45.19,10.55
chokepoint7,Cape of Good Hope,2022-06,47.77,10.17
chokepoint7,Cape of Good Hope,2022-07,47,9.13
chokepoint7,Cape of Good Hope,2022-08,47.13,8.77
chokepoint7,Cape of Good Hope,2022-09,47.37,9.97
chokepoint7,Cape of Good Hope,2022-10,42.87,8.68
chokepoint7,Cape of Good Hope,2022-11,41.63,8.4
chokepoint7,Cape of Good Hope,2022-12,40.39,9.06
chokepoint7,Cape of Good Hope,2023-01,42.26,8.87
chokepoint7,Cape of Good Hope,2023-02,41.93,8.25
chokepoint7,Cape of Good Hope,2023-03,43.16,8.58
chokepoint7,Cape of Good Hope,2023-04,45.03,8.97
chokepoint7,Cape of Good Hope,2023-05,49.13,8.74
chokepoint7,Cape of Good Hope,2023-06,51.57,9.03
chokepoint7,Cape of Good Hope,2023-07,52.13,9.58
chokepoint7,Cape of Good Hope,2023-08,56.39,9.58
chokepoint7,Cape of Good Hope,2023-09,55.67,8.77
chokepoint7,Cape of Good Hope,2023-10,50.35,10
chokepoint7,Cape of Good Hope,2023-11,49.2,9.9
chokepoint7,Cape of Good Hope,2023-12,51.39,10.55
chokepoint7,Cape of Good Hope,2024-01,72.1,15.84
chokepoint7,Cape of Good Hope,2024-02,85.69,19.76
chokepoint7,Cape of Good Hope,2024-03,85.9,18.77
chokepoint7,Cape of Good Hope,2024-04,87.57,18.97
chokepoint7,Cape of Good Hope,2024-05,91.48,20.61
chokepoint7,Cape of Good Hope,2024-06,95.47,22.6
chokepoint7,Cape of Good Hope,2024-07,91.74,19.87
chokepoint7,Cape of Good Hope,2024-08,93.65,18.19
chokepoint7,Cape of Good Hope,2024-09,86.5,18.03
chokepoint7,Cape of Good Hope,2024-10,88.97,20.29
chokepoint7,Cape of Good Hope,2024-11,83.67,17
chokepoint7,Cape of Good Hope,2024-12,80.97,16.84
chokepoint7,Cape of Good Hope,2025-01,84.39,15.52
chokepoint7,Cape of Good Hope,2025-02,87.79,15.86
chokepoint7,Cape of Good Hope,2025-03,80.71,14.81
chokepoint7,Cape of Good Hope,2025-04,84.13,17.1
chokepoint7,Cape of Good Hope,2025-05,89.32,17.32
chokepoint7,Cape of Good Hope,2025-06,91.83,16.63
chokepoint7,Cape of Good Hope,2025-07,96.35,17.13
chokepoint7,Cape of Good Hope,2025-08,98.06,18.65
chokepoint7,Cape of Good Hope,2025-09,94.4,18.5
chokepoint7,Cape of Good Hope,2025-10,94.06,18.45
chokepoint7,Cape of Good Hope,2025-11,87.17,16.73
chokepoint7,Cape of Good Hope,2025-12,84.71,15.94
chokepoint7,Cape of Good Hope,2026-01,87.71,16.42
chokepoint7,Cape of Good Hope,2026-02,86.93,13.5
chokepoint7,Cape of Good Hope,2026-03,91.03,17.65
chokepoint7,Cape of Good Hope,2026-04,92.67,22.97
chokepoint7,Cape of Good Hope,2026-05,96.84,21.19
chokepoint7,Cape of Good Hope,2026-06,92.53,20.1
chokepoint7,Cape of Good Hope,2026-07,91.39,17.26
chokepoint7,Cape of Good Hope,2026-08,89.62,20.75
chokepoint8,Gibraltar Strait,2019-01,103.1,32.61
chokepoint8,Gibraltar Strait,2019-02,108.14,33.14
chokepoint8,Gibraltar Strait,2019-03,108.55,33.68
chokepoint8,Gibraltar Strait,2019-04,111.6,33.43
chokepoint8,Gibraltar Strait,2019-05,114.06,34.48
chokepoint8,Gibraltar Strait,2019-06,116.67,35.9
chokepoint8,Gibraltar Strait,2019-07,112.06,36.13
chokepoint8,Gibraltar Strait,2019-08,113.52,35.68
chokepoint8,Gibraltar Strait,2019-09,116.6,35.73
chokepoint8,Gibraltar Strait,2019-10,124.03,38.19
chokepoint8,Gibraltar Strait,2019-11,124.37,38.43
chokepoint8,Gibraltar Strait,2019-12,128.58,39.35
chokepoint8,Gibraltar Strait,2020-01,123.81,40.13
chokepoint8,Gibraltar Strait,2020-02,126.03,40.55
chokepoint8,Gibraltar Strait,2020-03,127.13,40.48
chokepoint8,Gibraltar Strait,2020-04,124.57,42.43
chokepoint8,Gibraltar Strait,2020-05,121.71,40.06
chokepoint8,Gibraltar Strait,2020-06,121.03,37.53
chokepoint8,Gibraltar Strait,2020-07,118.16,36.55
chokepoint8,Gibraltar Strait,2020-08,120.45,36.55
chokepoint8,Gibraltar Strait,2020-09,120.9,35.13
chokepoint8,Gibraltar Strait,2020-10,119.71,35.52
chokepoint8,Gibraltar Strait,2020-11,124.97,36.9
chokepoint8,Gibraltar Strait,2020-12,121.29,36.29
chokepoint8,Gibraltar Strait,2021-01,124,38.1
chokepoint8,Gibraltar Strait,2021-02,125.07,37.14
chokepoint8,Gibraltar Strait,2021-03,131.45,39.9
chokepoint8,Gibraltar Strait,2021-04,129.6,38.2
chokepoint8,Gibraltar Strait,2021-05,131.81,39.39
chokepoint8,Gibraltar Strait,2021-06,132.17,38.8
chokepoint8,Gibraltar Strait,2021-07,125.84,37.65
chokepoint8,Gibraltar Strait,2021-08,130.29,39.71
chokepoint8,Gibraltar Strait,2021-09,129.9,39.27
chokepoint8,Gibraltar Strait,2021-10,128.74,41.39
chokepoint8,Gibraltar Strait,2021-11,119.13,38.7
chokepoint8,Gibraltar Strait,2021-12,120.45,37.45
chokepoint8,Gibraltar Strait,2022-01,132.35,41.16
chokepoint8,Gibraltar Strait,2022-02,128.29,41.5
chokepoint8,Gibraltar Strait,2022-03,136.81,42.87
chokepoint8,Gibraltar Strait,2022-04,141.47,48.17
chokepoint8,Gibraltar Strait,2022-05,144.19,47.81
chokepoint8,Gibraltar Strait,2022-06,141.1,45.93
chokepoint8,Gibraltar Strait,2022-07,141.06,47.58
chokepoint8,Gibraltar Strait,2022-08,142.81,47.48
chokepoint8,Gibraltar Strait,2022-09,140.4,46.3
chokepoint8,Gibraltar Strait,2022-10,143.39,46.71
chokepoint8,Gibraltar Strait,2022-11,140.4,46.87
chokepoint8,Gibraltar Strait,2022-12,140.58,46.61
chokepoint8,Gibraltar Strait,2023-01,139.35,49.58
chokepoint8,Gibraltar Strait,2023-02,145.39,52.07
chokepoint8,Gibraltar Strait,2023-03,144.81,49.48
chokepoint8,Gibraltar Strait,2023-04,147.17,52.87
chokepoint8,Gibraltar Strait,2023-05,148.71,48.97
chokepoint8,Gibraltar Strait,2023-06,148.63,49.1
chokepoint8,Gibraltar Strait,2023-07,144.65,49.29
chokepoint8,Gibraltar Strait,2023-08,147.65,49.23
chokepoint8,Gibraltar Strait,2023-09,147.97,50.8
chokepoint8,Gibraltar Strait,2023-10,146.06,49.65
chokepoint8,Gibraltar Strait,2023-11,147.07,49.87
chokepoint8,Gibraltar Strait,2023-12,146.61,51.61
chokepoint8,Gibraltar Strait,2024-01,136.9,47.71
chokepoint8,Gibraltar Strait,2024-02,131.34,45.34
chokepoint8,Gibraltar Strait,2024-03,136.52,48.97
chokepoint8,Gibraltar Strait,2024-04,139.1,46.9
chokepoint8,Gibraltar Strait,2024-05,136.81,46.1
chokepoint8,Gibraltar Strait,2024-06,134.13,44.17
chokepoint8,Gibraltar Strait,2024-07,131.55,43.68
chokepoint8,Gibraltar Strait,2024-08,133.55,46.48
chokepoint8,Gibraltar Strait,2024-09,128.73,43
chokepoint8,Gibraltar Strait,2024-10,128.61,42.42
chokepoint8,Gibraltar Strait,2024-11,128.6,43.6
chokepoint8,Gibraltar Strait,2024-12,131,44.97
chokepoint8,Gibraltar Strait,2025-01,125.23,46.03
chokepoint8,Gibraltar Strait,2025-02,138.89,47.43
chokepoint8,Gibraltar Strait,2025-03,136.97,47.84
chokepoint8,Gibraltar Strait,2025-04,135.6,46.33
chokepoint8,Gibraltar Strait,2025-05,136.71,45.29
chokepoint8,Gibraltar Strait,2025-06,134.27,44.1
chokepoint8,Gibraltar Strait,2025-07,136.16,47.77
chokepoint8,Gibraltar Strait,2025-08,132.35,45.39
chokepoint8,Gibraltar Strait,2025-09,137.17,47.83
chokepoint8,Gibraltar Strait,2025-10,134.84,46.65
chokepoint8,Gibraltar Strait,2025-11,136.6,46.23
chokepoint8,Gibraltar Strait,2025-12,138.58,48.45
chokepoint8,Gibraltar Strait,2026-01,123.03,45.32
chokepoint8,Gibraltar Strait,2026-02,141.18,49.14
chokepoint8,Gibraltar Strait,2026-03,136.68,48.03
chokepoint8,Gibraltar Strait,2026-04,131.37,44.2
chokepoint8,Gibraltar Strait,2026-05,135.1,45
chokepoint8,Gibraltar Strait,2026-06,132.47,43.67
chokepoint8,Gibraltar Strait,2026-07,127.81,43.06
chokepoint8,Gibraltar Strait,2026-08,131.25,45.06
chokepoint9,Dover Strait,2019-01,157.16,50.19
chokepoint9,Dover Strait,2019-02,170.32,55.25
chokepoint9,Dover Strait,2019-03,165.1,54.19
chokepoint9,Dover Strait,2019-04,159.23,52.77
chokepoint9,Dover Strait,2019-05,156.81,50.55
chokepoint9,Dover Strait,2019-06,162.6,53.9
chokepoint9,Dover Strait,2019-07,155.1,51.45
chokepoint9,Dover Strait,2019-08,155.1,52.06
chokepoint9,Dover Strait,2019-09,155.67,52.53
chokepoint9,Dover Strait,2019-10,163.29,54.29
chokepoint9,Dover Strait,2019-11,159.6,53.47
chokepoint9,Dover Strait,2019-12,156.03,52.58
chokepoint9,Dover Strait,2020-01,156.03,52.48
chokepoint9,Dover Strait,2020-02,154.66,52.76
chokepoint9,Dover Strait,2020-03,168.06,57.52
chokepoint9,Dover Strait,2020-04,155.77,52.7
chokepoint9,Dover Strait,2020-05,150.58,52
chokepoint9,Dover Strait,2020-06,147.4,51.63
chokepoint9,Dover Strait,2020-07,146.03,47.45
chokepoint9,Dover Strait,2020-08,148,49.55
chokepoint9,Dover Strait,2020-09,152.2,47.7
chokepoint9,Dover Strait,2020-10,155.61,51.42
chokepoint9,Dover Strait,2020-11,167.43,55.03
chokepoint9,Dover Strait,2020-12,152.52,50.87
chokepoint9,Dover Strait,2021-01,159.48,53.87
chokepoint9,Dover Strait,2021-02,164.29,55.64
chokepoint9,Dover Strait,2021-03,171.81,57.16
chokepoint9,Dover Strait,2021-04,168.17,55.37
chokepoint9,Dover Strait,2021-05,161.58,54.13
chokepoint9,Dover Strait,2021-06,158.7,52.83
chokepoint9,Dover Strait,2021-07,159.03,53.61
chokepoint9,Dover Strait,2021-08,154.65,50.9
chokepoint9,Dover Strait,2021-09,161.3,51.97
chokepoint9,Dover Strait,2021-10,161.45,54.45
chokepoint9,Dover Strait,2021-11,159.6,52.2
chokepoint9,Dover Strait,2021-12,163.81,53.97
chokepoint9,Dover Strait,2022-01,167.52,59.45
chokepoint9,Dover Strait,2022-02,162.71,56
chokepoint9,Dover Strait,2022-03,170.52,56.42
chokepoint9,Dover Strait,2022-04,169.5,60.2
chokepoint9,Dover Strait,2022-05,169.74,58.65
chokepoint9,Dover Strait,2022-06,176,60.23
chokepoint9,Dover Strait,2022-07,171.52,58.65
chokepoint9,Dover Strait,2022-08,165.77,57.03
chokepoint9,Dover Strait,2022-09,173.43,60.1
chokepoint9,Dover Strait,2022-10,176.84,58.71
chokepoint9,Dover Strait,2022-11,170.23,58.53
chokepoint9,Dover Strait,2022-12,170.45,59.03
chokepoint9,Dover Strait,2023-01,173.29,63.35
chokepoint9,Dover Strait,2023-02,187.11,68.79
chokepoint9,Dover Strait,2023-03,178.1,65.87
chokepoint9,Dover Strait,2023-04,184,69.4
chokepoint9,Dover Strait,2023-05,177.55,65.77
chokepoint9,Dover Strait,2023-06,173.2,62.37
chokepoint9,Dover Strait,2023-07,172.68,62.68
chokepoint9,Dover Strait,2023-08,165.87,59.29
chokepoint9,Dover Strait,2023-09,173.8,62.67
chokepoint9,Dover Strait,2023-10,171.1,63.68
chokepoint9,Dover Strait,2023-11,170.43,63.8
chokepoint9,Dover Strait,2023-12,168.77,62.81
chokepoint9,Dover Strait,2024-01,171.71,63.74
chokepoint9,Dover Strait,2024-02,166.52,63.83
chokepoint9,Dover Strait,2024-03,177.87,64.65
chokepoint9,Dover Strait,2024-04,174.73,65.37
chokepoint9,Dover Strait,2024-05,173.16,61.84
chokepoint9,Dover Strait,2024-06,172.4,61.2
chokepoint9,Dover Strait,2024-07,169.1,61.26
chokepoint9,Dover Strait,2024-08,169.87,61.13
chokepoint9,Dover Strait,2024-09,167.27,58.73
chokepoint9,Dover Strait,2024-10,172.48,60.42
chokepoint9,Dover Strait,2024-11,176.5,63.93
chokepoint9,Dover Strait,2024-12,168.61,61.42
chokepoint9,Dover Strait,2025-01,162.58,57.65
chokepoint9,Dover Strait,2025-02,184.61,67.25
chokepoint9,Dover Strait,2025-03,179.23,62.39
chokepoint9,Dover Strait,2025-04,178.03,62.73
chokepoint9,Dover Strait,2025-05,177.94,63.48
chokepoint9,Dover Strait,2025-06,177.13,61.97
chokepoint9,Dover Strait,2025-07,170.16,59.55
chokepoint9,Dover Strait,2025-08,170.87,61.45
chokepoint9,Dover Strait,2025-09,174.37,60.53
chokepoint9,Dover Strait,2025-10,170.1,60.71
chokepoint9,Dover Strait,2025-11,178.43,63.1
chokepoint9,Dover Strait,2025-12,172.71,61.32
chokepoint9,Dover Strait,2026-01,161.39,60.26
chokepoint9,Dover Strait,2026-02,171.39,60.32
chokepoint9,Dover Strait,2026-03,181.45,64.94
chokepoint9,Dover Strait,2026-04,170.43,58.2
chokepoint9,Dover Strait,2026-05,170.1,60.03
chokepoint9,Dover Strait,2026-06,160.23,54.77
chokepoint9,Dover Strait,2026-07,157.52,53.55
chokepoint9,Dover Strait,2026-08,158.56,52.19
chokepoint10,Oresund Strait,2019-01,50.58,12.19
chokepoint10,Oresund Strait,2019-02,54.57,12.39
chokepoint10,Oresund Strait,2019-03,51.97,11.19
chokepoint10,Oresund Strait,2019-04,55.9,11.8
chokepoint10,Oresund Strait,2019-05,55.52,12.32
chokepoint10,Oresund Strait,2019-06,56.83,12.57
chokepoint10,Oresund Strait,2019-07,53.81,12.68
chokepoint10,Oresund Strait,2019-08,54.84,12.45
chokepoint10,Oresund Strait,2019-09,53.3,12.47
chokepoint10,Oresund Strait,2019-10,52.65,12.9
chokepoint10,Oresund Strait,2019-11,52.57,11.3
chokepoint10,Oresund Strait,2019-12,50.26,11.23
chokepoint10,Oresund Strait,2020-01,49.35,11.13
chokepoint10,Oresund Strait,2020-02,45.62,10.97
chokepoint10,Oresund Strait,2020-03,54.87,11.84
chokepoint10,Oresund Strait,2020-04,61.77,12.47
chokepoint10,Oresund Strait,2020-05,61.71,12.48
chokepoint10,Oresund Strait,2020-06,58.47,11.2
chokepoint10,Oresund Strait,2020-07,56.74,12.29
chokepoint10,Oresund Strait,2020-08,56.26,11.58
chokepoint10,Oresund Strait,2020-09,56.83,11.67
chokepoint10,Oresund Strait,2020-10,56.52,12.81
chokepoint10,Oresund Strait,2020-11,55.47,13.2
chokepoint10,Oresund Strait,2020-12,56.42,12.74
chokepoint10,Oresund Strait,2021-01,55.9,12.71
chokepoint10,Oresund Strait,2021-02,53.86,11.68
chokepoint10,Oresund Strait,2021-03,54.9,12.87
chokepoint10,Oresund Strait,2021-04,55.9,12
chokepoint10,Oresund Strait,2021-05,56.26,11.84
chokepoint10,Oresund Strait,2021-06,54.8,12
chokepoint10,Oresund Strait,2021-07,54.35,12.77
chokepoint10,Oresund Strait,2021-08,53.65,12.23
chokepoint10,Oresund Strait,2021-09,52.8,12.87
chokepoint10,Oresund Strait,2021-10,49.39,12
chokepoint10,Oresund Strait,2021-11,52.5,12
chokepoint10,Oresund Strait,2021-12,49.03,11.29
chokepoint10,Oresund Strait,2022-01,45.58,10.71
chokepoint10,Oresund Strait,2022-02,43.96,10.39
chokepoint10,Oresund Strait,2022-03,51.55,12.06
chokepoint10,Oresund Strait,2022-04,49.57,12.27
chokepoint10,Oresund Strait,2022-05,44.9,11.58
chokepoint10,Oresund Strait,2022-06,44.93,10.8
chokepoint10,Oresund Strait,2022-07,44.29,11.29
chokepoint10,Oresund Strait,2022-08,43.84,10.71
chokepoint10,Oresund Strait,2022-09,43.43,10.73
chokepoint10,Oresund Strait,2022-10,44.61,10.58
chokepoint10,Oresund Strait,2022-11,44.47,12.27
chokepoint10,Oresund Strait,2022-12,50.74,12.19
chokepoint10,Oresund Strait,2023-01,44.87,11.19
chokepoint10,Oresund Strait,2023-02,44.79,11.29
chokepoint10,Oresund Strait,2023-03,45.06,11.42
chokepoint10,Oresund Strait,2023-04,46.43,11.73
chokepoint10,Oresund Strait,2023-05,46.81,11.81
chokepoint10,Oresund Strait,2023-06,46.77,11.77
chokepoint10,Oresund Strait,2023-07,45.71,12.74
chokepoint10,Oresund Strait,2023-08,45.58,11.68
chokepoint10,Oresund Strait,2023-09,45.33,11.27
chokepoint10,Oresund Strait,2023-10,44.32,11
chokepoint10,Oresund Strait,2023-11,43.93,11.67
chokepoint10,Oresund Strait,2023-12,44,12.16
chokepoint10,Oresund Strait,2024-01,44.1,12.39
chokepoint10,Oresund Strait,2024-02,42.83,10.69
chokepoint10,Oresund Strait,2024-03,48.23,12.06
chokepoint10,Oresund Strait,2024-04,43.27,11.47
chokepoint10,Oresund Strait,2024-05,46.55,11.42
chokepoint10,Oresund Strait,2024-06,46.17,11.27
chokepoint10,Oresund Strait,2024-07,43.06,11.13
chokepoint10,Oresund Strait,2024-08,45.45,11.52
chokepoint10,Oresund Strait,2024-09,45.43,11.2
chokepoint10,Oresund Strait,2024-10,46.77,12.48
chokepoint10,Oresund Strait,2024-11,47.53,11.9
chokepoint10,Oresund Strait,2024-12,43.35,11.48
chokepoint10,Oresund Strait,2025-01,45.39,12.68
chokepoint10,Oresund Strait,2025-02,45.71,11.71
chokepoint10,Oresund Strait,2025-03,50.35,13.48
chokepoint10,Oresund Strait,2025-04,46,12.13
chokepoint10,Oresund Strait,2025-05,47.52,11.71
chokepoint10,Oresund Strait,2025-06,45.97,11.8
chokepoint10,Oresund Strait,2025-07,47.19,12.9
chokepoint10,Oresund Strait,2025-08,48.19,11.87
chokepoint10,Oresund Strait,2025-09,47.7,11.5
chokepoint10,Oresund Strait,2025-10,45.35,10.29
chokepoint10,Oresund Strait,2025-11,48.07,11.87
chokepoint10,Oresund Strait,2025-12,47.03,12
chokepoint10,Oresund Strait,2026-01,43.45,10.42
chokepoint10,Oresund Strait,2026-02,41.57,10.89
chokepoint10,Oresund Strait,2026-03,42.81,11.23
chokepoint10,Oresund Strait,2026-04,41.57,10.2
chokepoint10,Oresund Strait,2026-05,42.94,9.77
chokepoint10,Oresund Strait,2026-06,40.73,9.37
chokepoint10,Oresund Strait,2026-07,39.35,8.35
chokepoint10,Oresund Strait,2026-08,39.88,8.31
chokepoint11,Taiwan Strait,2019-01,249.35,64.55
chokepoint11,Taiwan Strait,2019-02,224.54,62.57
chokepoint11,Taiwan Strait,2019-03,244.39,61.77
chokepoint11,Taiwan Strait,2019-04,245.97,60.6
chokepoint11,Taiwan Strait,2019-05,246.65,61.74
chokepoint11,Taiwan Strait,2019-06,253.9,61.73
chokepoint11,Taiwan Strait,2019-07,257.65,64.29
chokepoint11,Taiwan Strait,2019-08,259.55,65.65
chokepoint11,Taiwan Strait,2019-09,270.2,67.37
chokepoint11,Taiwan Strait,2019-10,254.68,65.52
chokepoint11,Taiwan Strait,2019-11,259.43,65.67
chokepoint11,Taiwan Strait,2019-12,261.48,67.1
chokepoint11,Taiwan Strait,2020-01,217.81,55.39
chokepoint11,Taiwan Strait,2020-02,200.76,51.62
chokepoint11,Taiwan Strait,2020-03,241.68,59.61
chokepoint11,Taiwan Strait,2020-04,233.07,57.67
chokepoint11,Taiwan Strait,2020-05,264.94,66.13
chokepoint11,Taiwan Strait,2020-06,265.4,63.47
chokepoint11,Taiwan Strait,2020-07,274.13,65.1
chokepoint11,Taiwan Strait,2020-08,264.52,63
chokepoint11,Taiwan Strait,2020-09,269.73,61.9
chokepoint11,Taiwan Strait,2020-10,248.32,59.26
chokepoint11,Taiwan Strait,2020-11,254.8,60.73
chokepoint11,Taiwan Strait,2020-12,257.9,63.55
chokepoint11,Taiwan Strait,2021-01,256.94,61.1
chokepoint11,Taiwan Strait,2021-02,251.93,62.57
chokepoint11,Taiwan Strait,2021-03,262.45,62.97
chokepoint11,Taiwan Strait,2021-04,279.77,65.93
chokepoint11,Taiwan Strait,2021-05,269.48,59.77
chokepoint11,Taiwan Strait,2021-06,270,59.23
chokepoint11,Taiwan Strait,2021-07,246.71,55.16
chokepoint11,Taiwan Strait,2021-08,253.58,60.06
chokepoint11,Taiwan Strait,2021-09,246.63,56.33
chokepoint11,Taiwan Strait,2021-10,240.97,57.71
chokepoint11,Taiwan Strait,2021-11,241.37,57.97
chokepoint11,Taiwan Strait,2021-12,233.52,55.71
chokepoint11,Taiwan Strait,2022-01,215.13,48.97
chokepoint11,Taiwan Strait,2022-02,218.36,54.14
chokepoint11,Taiwan Strait,2022-03,230.84,55.1
chokepoint11,Taiwan Strait,2022-04,234.37,52.6
chokepoint11,Taiwan Strait,2022-05,243.94,57.1
chokepoint11,Taiwan Strait,2022-06,241.57,53.9
chokepoint11,Taiwan Strait,2022-07,240.19,53.71
chokepoint11,Taiwan Strait,2022-08,236.26,53.39
chokepoint11,Taiwan Strait,2022-09,247.2,54.9
chokepoint11,Taiwan Strait,2022-10,213.94,49.52
chokepoint11,Taiwan Strait,2022-11,243.7,56.8
chokepoint11,Taiwan Strait,2022-12,229.39,52.1
chokepoint11,Taiwan Strait,2023-01,220.94,52.71
chokepoint11,Taiwan Strait,2023-02,227.89,52.75
chokepoint11,Taiwan Strait,2023-03,246.74,55.45
chokepoint11,Taiwan Strait,2023-04,246.7,50.7
chokepoint11,Taiwan Strait,2023-05,249.58,53.68
chokepoint11,Taiwan Strait,2023-06,259.43,55.7
chokepoint11,Taiwan Strait,2023-07,245.9,53.68
chokepoint11,Taiwan Strait,2023-08,255.81,56.26
chokepoint11,Taiwan Strait,2023-09,236.83,54.67
chokepoint11,Taiwan Strait,2023-10,216.39,50
chokepoint11,Taiwan Strait,2023-11,229.17,50.37
chokepoint11,Taiwan Strait,2023-12,231.61,51
chokepoint11,Taiwan Strait,2024-01,239.13,49.13
chokepoint11,Taiwan Strait,2024-02,213.55,47.1
chokepoint11,Taiwan Strait,2024-03,242.55,54.45
chokepoint11,Taiwan Strait,2024-04,243.17,53.07
chokepoint11,Taiwan Strait,2024-05,245.74,53.13
chokepoint11,Taiwan Strait,2024-06,242.23,52.1
chokepoint11,Taiwan Strait,2024-07,244.58,50.77
chokepoint11,Taiwan Strait,2024-08,229.45,48.23
chokepoint11,Taiwan Strait,2024-09,225.53,47.07
chokepoint11,Taiwan Strait,2024-10,210.97,46.52
chokepoint11,Taiwan Strait,2024-11,236.77,50.6
chokepoint11,Taiwan Strait,2024-12,238.29,49.58
chokepoint11,Taiwan Strait,2025-01,234.45,53.29
chokepoint11,Taiwan Strait,2025-02,224.46,51.04
chokepoint11,Taiwan Strait,2025-03,238.26,51.94
chokepoint11,Taiwan Strait,2025-04,252.87,51.87
chokepoint11,Taiwan Strait,2025-05,255.1,53.52
chokepoint11,Taiwan Strait,2025-06,255.3,53.97
chokepoint11,Taiwan Strait,2025-07,251.48,52.97
chokepoint11,Taiwan Strait,2025-08,255.29,55.06
chokepoint11,Taiwan Strait,2025-09,240.73,52.97
chokepoint11,Taiwan Strait,2025-10,211.68,48.19
chokepoint11,Taiwan Strait,2025-11,222.23,50.23
chokepoint11,Taiwan Strait,2025-12,214.97,42.19
chokepoint11,Taiwan Strait,2026-01,231.42,48.39
chokepoint11,Taiwan Strait,2026-02,220.39,45.68
chokepoint11,Taiwan Strait,2026-03,225.74,46.84
chokepoint11,Taiwan Strait,2026-04,233.23,45.53
chokepoint11,Taiwan Strait,2026-05,246.65,47.29
chokepoint11,Taiwan Strait,2026-06,258.07,49.67
chokepoint11,Taiwan Strait,2026-07,232.03,46.39
chokepoint11,Taiwan Strait,2026-08,240.12,51.38
chokepoint12,Korea Strait,2019-01,222.42,66.81
chokepoint12,Korea Strait,2019-02,220,66.11
chokepoint12,Korea Strait,2019-03,221.74,61.52
chokepoint12,Korea Strait,2019-04,213.97,60.3
chokepoint12,Korea Strait,2019-05,223.9,61.97
chokepoint12,Korea Strait,2019-06,225.23,61.93
chokepoint12,Korea Strait,2019-07,230.77,62.52
chokepoint12,Korea Strait,2019-08,229.45,65.13
chokepoint12,Korea Strait,2019-09,229.53,66.93
chokepoint12,Korea Strait,2019-10,230.61,64.84
chokepoint12,Korea Strait,2019-11,224.67,62.33
chokepoint12,Korea Strait,2019-12,226.68,65
chokepoint12,Korea Strait,2020-01,221.42,64.61
chokepoint12,Korea Strait,2020-02,210.34,62.62
chokepoint12,Korea Strait,2020-03,218.48,62.71
chokepoint12,Korea Strait,2020-04,226.67,63.1
chokepoint12,Korea Strait,2020-05,219.68,62.65
chokepoint12,Korea Strait,2020-06,222.23,61.5
chokepoint12,Korea Strait,2020-07,230.45,64.94
chokepoint12,Korea Strait,2020-08,234,67.39
chokepoint12,Korea Strait,2020-09,226.67,63.53
chokepoint12,Korea Strait,2020-10,232.19,66.32
chokepoint12,Korea Strait,2020-11,224.47,63.47
chokepoint12,Korea Strait,2020-12,210,59.71
chokepoint12,Korea Strait,2021-01,212.55,62.55
chokepoint12,Korea Strait,2021-02,220.68,64.79
chokepoint12,Korea Strait,2021-03,228.26,68.19
chokepoint12,Korea Strait,2021-04,231.5,66.9
chokepoint12,Korea Strait,2021-05,225.55,62.58
chokepoint12,Korea Strait,2021-06,228,64.5
chokepoint12,Korea Strait,2021-07,229.55,63.26
chokepoint12,Korea Strait,2021-08,227.45,66.55
chokepoint12,Korea Strait,2021-09,230.33,65.03
chokepoint12,Korea Strait,2021-10,230.81,63.77
chokepoint12,Korea Strait,2021-11,226.4,64.73
chokepoint12,Korea Strait,2021-12,219.06,64.74
chokepoint12,Korea Strait,2022-01,220.06,63.1
chokepoint12,Korea Strait,2022-02,219.11,64.96
chokepoint12,Korea Strait,2022-03,228.84,67.45
chokepoint12,Korea Strait,2022-04,231.57,65.1
chokepoint12,Korea Strait,2022-05,227.55,62.87
chokepoint12,Korea Strait,2022-06,232.23,62
chokepoint12,Korea Strait,2022-07,236.55,65.06
chokepoint12,Korea Strait,2022-08,235.87,63.52
chokepoint12,Korea Strait,2022-09,237.77,66.5
chokepoint12,Korea Strait,2022-10,239.65,65.23
chokepoint12,Korea Strait,2022-11,233.13,63.2
chokepoint12,Korea Strait,2022-12,226.68,62
chokepoint12,Korea Strait,2023-01,227.35,62.32
chokepoint12,Korea Strait,2023-02,208.79,54.89
chokepoint12,Korea Strait,2023-03,237.61,63.52
chokepoint12,Korea Strait,2023-04,247.07,62.27
chokepoint12,Korea Strait,2023-05,243.84,63.74
chokepoint12,Korea Strait,2023-06,243.87,60.6
chokepoint12,Korea Strait,2023-07,237.71,58.13
chokepoint12,Korea Strait,2023-08,237.61,61.61
chokepoint12,Korea Strait,2023-09,245.07,64.73
chokepoint12,Korea Strait,2023-10,206.97,52.19
chokepoint12,Korea Strait,2023-11,210.27,53.03
chokepoint12,Korea Strait,2023-12,225.84,58.55
chokepoint12,Korea Strait,2024-01,225.52,61.29
chokepoint12,Korea Strait,2024-02,223.72,63.24
chokepoint12,Korea Strait,2024-03,239.23,63.03
chokepoint12,Korea Strait,2024-04,240.43,65.37
chokepoint12,Korea Strait,2024-05,240.55,65.48
chokepoint12,Korea Strait,2024-06,237.97,60.77
chokepoint12,Korea Strait,2024-07,232.16,64.39
chokepoint12,Korea Strait,2024-08,236.55,64.74
chokepoint12,Korea Strait,2024-09,238.8,64.8
chokepoint12,Korea Strait,2024-10,236.84,63.45
chokepoint12,Korea Strait,2024-11,224.57,59.2
chokepoint12,Korea Strait,2024-12,219.16,58
chokepoint12,Korea Strait,2025-01,215.65,59.29
chokepoint12,Korea Strait,2025-02,209.86,57.86
chokepoint12,Korea Strait,2025-03,225.16,61.29
chokepoint12,Korea Strait,2025-04,225.3,59.17
chokepoint12,Korea Strait,2025-05,225.65,61.19
chokepoint12,Korea Strait,2025-06,226.37,61.43
chokepoint12,Korea Strait,2025-07,224.29,60.58
chokepoint12,Korea Strait,2025-08,214.29,59.45
chokepoint12,Korea Strait,2025-09,223.73,60.6
chokepoint12,Korea Strait,2025-10,213.65,58.77
chokepoint12,Korea Strait,2025-11,209.1,54.57
chokepoint12,Korea Strait,2025-12,201.94,54.23
chokepoint12,Korea Strait,2026-01,183.19,50.58
chokepoint12,Korea Strait,2026-02,190.75,51.39
chokepoint12,Korea Strait,2026-03,202.16,53.55
chokepoint12,Korea Strait,2026-04,200,51.33
chokepoint12,Korea Strait,2026-05,211.29,52.52
chokepoint12,Korea Strait,2026-06,222.27,55.23
chokepoint12,Korea Strait,2026-07,214.97,57.97
chokepoint12,Korea Strait,2026-08,207.06,55.38
chokepoint13,Tsugaru Strait,2019-01,44.97,13.42
chokepoint13,Tsugaru Strait,2019-02,46.14,14.89
chokepoint13,Tsugaru Strait,2019-03,45.74,12.39
chokepoint13,Tsugaru Strait,2019-04,48.7,12.27
chokepoint13,Tsugaru Strait,2019-05,45.32,12
chokepoint13,Tsugaru Strait,2019-06,45.13,11.17
chokepoint13,Tsugaru Strait,2019-07,49.39,12.19
chokepoint13,Tsugaru Strait,2019-08,48.39,13.03
chokepoint13,Tsugaru Strait,2019-09,46,12.7
chokepoint13,Tsugaru Strait,2019-10,44.26,12.03
chokepoint13,Tsugaru Strait,2019-11,44.9,12.23
chokepoint13,Tsugaru Strait,2019-12,39.55,11.58
chokepoint13,Tsugaru Strait,2020-01,41.48,11.03
chokepoint13,Tsugaru Strait,2020-02,43.9,13.21
chokepoint13,Tsugaru Strait,2020-03,46.1,13.71
chokepoint13,Tsugaru Strait,2020-04,44.53,10.87
chokepoint13,Tsugaru Strait,2020-05,42.06,11.58
chokepoint13,Tsugaru Strait,2020-06,43.37,10.7
chokepoint13,Tsugaru Strait,2020-07,48.42,11.45
chokepoint13,Tsugaru Strait,2020-08,50.1,12.16
chokepoint13,Tsugaru Strait,2020-09,48.87,11.83
chokepoint13,Tsugaru Strait,2020-10,54.16,13.26
chokepoint13,Tsugaru Strait,2020-11,45.63,11.67
chokepoint13,Tsugaru Strait,2020-12,37.35,11.29
chokepoint13,Tsugaru Strait,2021-01,38.42,11
chokepoint13,Tsugaru Strait,2021-02,46.64,13.46
chokepoint13,Tsugaru Strait,2021-03,49.03,13.42
chokepoint13,Tsugaru Strait,2021-04,50.97,13.03
chokepoint13,Tsugaru Strait,2021-05,51.71,12.71
chokepoint13,Tsugaru Strait,2021-06,52.93,12.47
chokepoint13,Tsugaru Strait,2021-07,53.39,12.45
chokepoint13,Tsugaru Strait,2021-08,50.52,12.32
chokepoint13,Tsugaru Strait,2021-09,54.2,12.8
chokepoint13,Tsugaru Strait,2021-10,51.19,12.35
chokepoint13,Tsugaru Strait,2021-11,44.77,11.1
chokepoint13,Tsugaru Strait,2021-12,35.58,10.45
chokepoint13,Tsugaru Strait,2022-01,39.97,12.19
chokepoint13,Tsugaru Strait,2022-02,41.57,12.39
chokepoint13,Tsugaru Strait,2022-03,45.06,11.71
chokepoint13,Tsugaru Strait,2022-04,46.63,10.9
chokepoint13,Tsugaru Strait,2022-05,47.71,10.81
chokepoint13,Tsugaru Strait,2022-06,50.53,11.57
chokepoint13,Tsugaru Strait,2022-07,52.45,11.84
chokepoint13,Tsugaru Strait,2022-08,52.74,12.35
chokepoint13,Tsugaru Strait,2022-09,48.93,12.4
chokepoint13,Tsugaru Strait,2022-10,48.71,13.42
chokepoint13,Tsugaru Strait,2022-11,41.6,11.33
chokepoint13,Tsugaru Strait,2022-12,36.13,10.52
chokepoint13,Tsugaru Strait,2023-01,33.1,10.52
chokepoint13,Tsugaru Strait,2023-02,40.21,11.82
chokepoint13,Tsugaru Strait,2023-03,46.77,12.81
chokepoint13,Tsugaru Strait,2023-04,39.73,10.27
chokepoint13,Tsugaru Strait,2023-05,47.06,11.32
chokepoint13,Tsugaru Strait,2023-06,49.97,12.1
chokepoint13,Tsugaru Strait,2023-07,46.77,11.84
chokepoint13,Tsugaru Strait,2023-08,50.48,12.87
chokepoint13,Tsugaru Strait,2023-09,50.5,13.4
chokepoint13,Tsugaru Strait,2023-10,44.42,12.1
chokepoint13,Tsugaru Strait,2023-11,33.9,8.8
chokepoint13,Tsugaru Strait,2023-12,37.16,11.26
chokepoint13,Tsugaru Strait,2024-01,36.87,9.74
chokepoint13,Tsugaru Strait,2024-02,41.72,12.28
chokepoint13,Tsugaru Strait,2024-03,42.68,11.52
chokepoint13,Tsugaru Strait,2024-04,45.83,12.33
chokepoint13,Tsugaru Strait,2024-05,48.23,12.58
chokepoint13,Tsugaru Strait,2024-06,51.13,12.83
chokepoint13,Tsugaru Strait,2024-07,51.58,12.32
chokepoint13,Tsugaru Strait,2024-08,50.03,12.29
chokepoint13,Tsugaru Strait,2024-09,55.37,13.77
chokepoint13,Tsugaru Strait,2024-10,50.48,13.19
chokepoint13,Tsugaru Strait,2024-11,39.83,11.33
chokepoint13,Tsugaru Strait,2024-12,40.19,12.94
chokepoint13,Tsugaru Strait,2025-01,38.45,12.1
chokepoint13,Tsugaru Strait,2025-02,41.61,13.64
chokepoint13,Tsugaru Strait,2025-03,43.29,13.06
chokepoint13,Tsugaru Strait,2025-04,45.67,11.77
chokepoint13,Tsugaru Strait,2025-05,48.77,12.77
chokepoint13,Tsugaru Strait,2025-06,51.97,13.1
chokepoint13,Tsugaru Strait,2025-07,54.81,14.32
chokepoint13,Tsugaru Strait,2025-08,52.19,14.48
chokepoint13,Tsugaru Strait,2025-09,51.6,13.3
chokepoint13,Tsugaru Strait,2025-10,43.87,13.06
chokepoint13,Tsugaru Strait,2025-11,38.8,11.63
chokepoint13,Tsugaru Strait,2025-12,36.42,11.39
chokepoint13,Tsugaru Strait,2026-01,34.94,11.68
chokepoint13,Tsugaru Strait,2026-02,46.61,15.29
chokepoint13,Tsugaru Strait,2026-03,49.29,13.19
chokepoint13,Tsugaru Strait,2026-04,48.8,12.27
chokepoint13,Tsugaru Strait,2026-05,48.19,12.13
chokepoint13,Tsugaru Strait,2026-06,54.17,13.53
chokepoint13,Tsugaru Strait,2026-07,52.61,12.97
chokepoint13,Tsugaru Strait,2026-08,54.69,14.12
chokepoint14,Luzon Strait,2019-01,67.13,23.58
chokepoint14,Luzon Strait,2019-02,65.43,24.14
chokepoint14,Luzon Strait,2019-03,56.35,19.52
chokepoint14,Luzon Strait,2019-04,54.73,19.5
chokepoint14,Luzon Strait,2019-05,56.42,20.26
chokepoint14,Luzon Strait,2019-06,60.9,21.1
chokepoint14,Luzon Strait,2019-07,61.97,21.39
chokepoint14,Luzon Strait,2019-08,61.97,21.61
chokepoint14,Luzon Strait,2019-09,57.13,20.3
chokepoint14,Luzon Strait,2019-10,63.03,22.9
chokepoint14,Luzon Strait,2019-11,62.63,23.3
chokepoint14,Luzon Strait,2019-12,60.06,22.55
chokepoint14,Luzon Strait,2020-01,68.26,26.55
chokepoint14,Luzon Strait,2020-02,63.72,24.28
chokepoint14,Luzon Strait,2020-03,55.74,21.29
chokepoint14,Luzon Strait,2020-04,57.8,20.87
chokepoint14,Luzon Strait,2020-05,62.45,25.23
chokepoint14,Luzon Strait,2020-06,63.1,24.33
chokepoint14,Luzon Strait,2020-07,66.29,24.26
chokepoint14,Luzon Strait,2020-08,66.52,24.13
chokepoint14,Luzon Strait,2020-09,61.57,23.7
chokepoint14,Luzon Strait,2020-10,67.65,22.9
chokepoint14,Luzon Strait,2020-11,62.63,22.4
chokepoint14,Luzon Strait,2020-12,62.84,22.84
chokepoint14,Luzon Strait,2021-01,69.68,25.97
chokepoint14,Luzon Strait,2021-02,73.21,26.61
chokepoint14,Luzon Strait,2021-03,66.1,23.48
chokepoint14,Luzon Strait,2021-04,61.03,22.5
chokepoint14,Luzon Strait,2021-05,74.03,26.39
chokepoint14,Luzon Strait,2021-06,66.5,23.8
chokepoint14,Luzon Strait,2021-07,66.94,23.58
chokepoint14,Luzon Strait,2021-08,62.29,22.19
chokepoint14,Luzon Strait,2021-09,61.23,21.3
chokepoint14,Luzon Strait,2021-10,66.74,23.23
chokepoint14,Luzon Strait,2021-11,74.13,26.73
chokepoint14,Luzon Strait,2021-12,71.94,25.87
chokepoint14,Luzon Strait,2022-01,75.74,28.32
chokepoint14,Luzon Strait,2022-02,86.68,29.57
chokepoint14,Luzon Strait,2022-03,77.42,28.42
chokepoint14,Luzon Strait,2022-04,81.27,28
chokepoint14,Luzon Strait,2022-05,81.58,27.32
chokepoint14,Luzon Strait,2022-06,85.9,29.03
chokepoint14,Luzon Strait,2022-07,85.48,28.52
chokepoint14,Luzon Strait,2022-08,87.29,28.84
chokepoint14,Luzon Strait,2022-09,74.4,24.87
chokepoint14,Luzon Strait,2022-10,81.52,28.42
chokepoint14,Luzon Strait,2022-11,85.3,27.8
chokepoint14,Luzon Strait,2022-12,83.19,29.1
chokepoint14,Luzon Strait,2023-01,86.19,30.06
chokepoint14,Luzon Strait,2023-02,74.43,26.39
chokepoint14,Luzon Strait,2023-03,75.39,25.13
chokepoint14,Luzon Strait,2023-04,72.87,24.67
chokepoint14,Luzon Strait,2023-05,66.42,22.32
chokepoint14,Luzon Strait,2023-06,70.57,24.3
chokepoint14,Luzon Strait,2023-07,73.68,26.16
chokepoint14,Luzon Strait,2023-08,65.9,23.84
chokepoint14,Luzon Strait,2023-09,79.87,25.37
chokepoint14,Luzon Strait,2023-10,78.16,25.13
chokepoint14,Luzon Strait,2023-11,78.77,27.07
chokepoint14,Luzon Strait,2023-12,78.52,26.19
chokepoint14,Luzon Strait,2024-01,80.71,28.29
chokepoint14,Luzon Strait,2024-02,78.79,27.1
chokepoint14,Luzon Strait,2024-03,86.35,30.55
chokepoint14,Luzon Strait,2024-04,93.57,33.43
chokepoint14,Luzon Strait,2024-05,91.42,31.55
chokepoint14,Luzon Strait,2024-06,95.5,32.3
chokepoint14,Luzon Strait,2024-07,80.97,28
chokepoint14,Luzon Strait,2024-08,63.06,21.32
chokepoint14,Luzon Strait,2024-09,68.67,22.73
chokepoint14,Luzon Strait,2024-10,69.65,22.74
chokepoint14,Luzon Strait,2024-11,68.6,22.73
chokepoint14,Luzon Strait,2024-12,77.94,23.87
chokepoint14,Luzon Strait,2025-01,72.74,22.97
chokepoint14,Luzon Strait,2025-02,61.32,20.11
chokepoint14,Luzon Strait,2025-03,64.9,21.35
chokepoint14,Luzon Strait,2025-04,69.27,23.3
chokepoint14,Luzon Strait,2025-05,62.19,21.77
chokepoint14,Luzon Strait,2025-06,71.27,23.57
chokepoint14,Luzon Strait,2025-07,66.03,22.13
chokepoint14,Luzon Strait,2025-08,64.61,20.74
chokepoint14,Luzon Strait,2025-09,67.97,22.2
chokepoint14,Luzon Strait,2025-10,72.97,21.52
chokepoint14,Luzon Strait,2025-11,65.1,20.53
chokepoint14,Luzon Strait,2025-12,56.68,17.9
chokepoint14,Luzon Strait,2026-01,67.52,22.58
chokepoint14,Luzon Strait,2026-02,66.68,22.29
chokepoint14,Luzon Strait,2026-03,62.71,19.39
chokepoint14,Luzon Strait,2026-04,62.4,18.4
chokepoint14,Luzon Strait,2026-05,86.23,25.55
chokepoint14,Luzon Strait,2026-06,85.87,25.33
chokepoint14,Luzon Strait,2026-07,93.77,29.23
chokepoint14,Luzon Strait,2026-08,91.69,28.38
chokepoint15,Lombok Strait,2019-01,31.29,6.71
chokepoint15,Lombok Strait,2019-02,33.36,6.96
chokepoint15,Lombok Strait,2019-03,30.61,7
chokepoint15,Lombok Strait,2019-04,30.2,7.03
chokepoint15,Lombok Strait,2019-05,32.65,7.42
chokepoint15,Lombok Strait,2019-06,33.57,7.27
chokepoint15,Lombok Strait,2019-07,32.42,7.65
chokepoint15,Lombok Strait,2019-08,34.06,7.74
chokepoint15,Lombok Strait,2019-09,33.83,7.23
chokepoint15,Lombok Strait,2019-10,32.03,6.9
chokepoint15,Lombok Strait,2019-11,33.97,7.2
chokepoint15,Lombok Strait,2019-12,35.19,7.26
chokepoint15,Lombok Strait,2020-01,33.65,7.58
chokepoint15,Lombok Strait,2020-02,30.17,7.79
chokepoint15,Lombok Strait,2020-03,33.87,7.19
chokepoint15,Lombok Strait,2020-04,35.33,7.1
chokepoint15,Lombok Strait,2020-05,34.32,6.81
chokepoint15,Lombok Strait,2020-06,35.37,6.27
chokepoint15,Lombok Strait,2020-07,33.87,6.39
chokepoint15,Lombok Strait,2020-08,32.52,6.58
chokepoint15,Lombok Strait,2020-09,34.5,6.27
chokepoint15,Lombok Strait,2020-10,33.61,6.06
chokepoint15,Lombok Strait,2020-11,34.57,6.83
chokepoint15,Lombok Strait,2020-12,35.1,6.48
chokepoint15,Lombok Strait,2021-01,33.9,5.84
chokepoint15,Lombok Strait,2021-02,33.39,6.61
chokepoint15,Lombok Strait,2021-03,37.03,6.58
chokepoint15,Lombok Strait,2021-04,35,7.13
chokepoint15,Lombok Strait,2021-05,36.55,7.32
chokepoint15,Lombok Strait,2021-06,35.93,6.57
chokepoint15,Lombok Strait,2021-07,33.97,6.71
chokepoint15,Lombok Strait,2021-08,33.94,6.61
chokepoint15,Lombok Strait,2021-09,34.7,6.4
chokepoint15,Lombok Strait,2021-10,35.19,6.9
chokepoint15,Lombok Strait,2021-11,36.43,6.77
chokepoint15,Lombok Strait,2021-12,36.71,6.71
chokepoint15,Lombok Strait,2022-01,36.42,6.61
chokepoint15,Lombok Strait,2022-02,33.21,5.89
chokepoint15,Lombok Strait,2022-03,35.03,6.68
chokepoint15,Lombok Strait,2022-04,35.7,7.6
chokepoint15,Lombok Strait,2022-05,36.45,6.97
chokepoint15,Lombok Strait,2022-06,39.67,7.6
chokepoint15,Lombok Strait,2022-07,35.45,7.29
chokepoint15,Lombok Strait,2022-08,34,7.45
chokepoint15,Lombok Strait,2022-09,36,7
chokepoint15,Lombok Strait,2022-10,36.23,7.45
chokepoint15,Lombok Strait,2022-11,35.67,6.6
chokepoint15,Lombok Strait,2022-12,37.74,7.23
chokepoint15,Lombok Strait,2023-01,36.55,6.19
chokepoint15,Lombok Strait,2023-02,35.46,7.11
chokepoint15,Lombok Strait,2023-03,36.71,7.45
chokepoint15,Lombok Strait,2023-04,35.43,8.2
chokepoint15,Lombok Strait,2023-05,37.16,7.23
chokepoint15,Lombok Strait,2023-06,39.53,7.33
chokepoint15,Lombok Strait,2023-07,36.06,6.81
chokepoint15,Lombok Strait,2023-08,36.65,7.71
chokepoint15,Lombok Strait,2023-09,38.3,7.4
chokepoint15,Lombok Strait,2023-10,37,6.84
chokepoint15,Lombok Strait,2023-11,39.77,7.7
chokepoint15,Lombok Strait,2023-12,39.45,7.48
chokepoint15,Lombok Strait,2024-01,38.23,7.94
chokepoint15,Lombok Strait,2024-02,36.66,7.86
chokepoint15,Lombok Strait,2024-03,37.9,7.42
chokepoint15,Lombok Strait,2024-04,36.27,7.47
chokepoint15,Lombok Strait,2024-05,38.06,7.52
chokepoint15,Lombok Strait,2024-06,38.87,7.47
chokepoint15,Lombok Strait,2024-07,35.65,7.94
chokepoint15,Lombok Strait,2024-08,34.74,7.32
chokepoint15,Lombok Strait,2024-09,39.23,8.23
chokepoint15,Lombok Strait,2024-10,34.55,7.74
chokepoint15,Lombok Strait,2024-11,36.37,8.13
chokepoint15,Lombok Strait,2024-12,37.55,7.26
chokepoint15,Lombok Strait,2025-01,35.29,6.97
chokepoint15,Lombok Strait,2025-02,33.68,7.21
chokepoint15,Lombok Strait,2025-03,37.81,8.1
chokepoint15,Lombok Strait,2025-04,35.33,7.7
chokepoint15,Lombok Strait,2025-05,35.97,7.16
chokepoint15,Lombok Strait,2025-06,37.47,7.33
chokepoint15,Lombok Strait,2025-07,33.29,7.23
chokepoint15,Lombok Strait,2025-08,34.29,7.45
chokepoint15,Lombok Strait,2025-09,36.7,8.17
chokepoint15,Lombok Strait,2025-10,36.06,8.06
chokepoint15,Lombok Strait,2025-11,36.83,8.4
chokepoint15,Lombok Strait,2025-12,35.94,6.87
chokepoint15,Lombok Strait,2026-01,38.61,7.97
chokepoint15,Lombok Strait,2026-02,35.86,7.64
chokepoint15,Lombok Strait,2026-03,37.35,8
chokepoint15,Lombok Strait,2026-04,37.4,8.4
chokepoint15,Lombok Strait,2026-05,37.74,7.77
chokepoint15,Lombok Strait,2026-06,39.03,8.07
chokepoint15,Lombok Strait,2026-07,34.26,7.52
chokepoint15,Lombok Strait,2026-08,35.38,7.75
chokepoint16,Ombai Strait,2019-01,12.39,3.97
chokepoint16,Ombai Strait,2019-02,12.39,3.54
chokepoint16,Ombai Strait,2019-03,12.19,3.77
chokepoint16,Ombai Strait,2019-04,12.73,3.17
chokepoint16,Ombai Strait,2019-05,12.68,3.19
chokepoint16,Ombai Strait,2019-06,12.3,3
chokepoint16,Ombai Strait,2019-07,12.81,3.35
chokepoint16,Ombai Strait,2019-08,13,3.61
chokepoint16,Ombai Strait,2019-09,12.03,3.3
chokepoint16,Ombai Strait,2019-10,12.55,3.13
chokepoint16,Ombai Strait,2019-11,12.83,3.7
chokepoint16,Ombai Strait,2019-12,12.87,3.39
chokepoint16,Ombai Strait,2020-01,11.61,3.55
chokepoint16,Ombai Strait,2020-02,11.79,3.55
chokepoint16,Ombai Strait,2020-03,11.97,3.29
chokepoint16,Ombai Strait,2020-04,12.37,3.53
chokepoint16,Ombai Strait,2020-05,11.61,3.58
chokepoint16,Ombai Strait,2020-06,11.7,3.37
chokepoint16,Ombai Strait,2020-07,11.32,3.35
chokepoint16,Ombai Strait,2020-08,11.68,3.9
chokepoint16,Ombai Strait,2020-09,10.47,2.83
chokepoint16,Ombai Strait,2020-10,12.23,3.1
chokepoint16,Ombai Strait,2020-11,12.33,3.63
chokepoint16,Ombai Strait,2020-12,12,3.58
chokepoint16,Ombai Strait,2021-01,10.9,3.68
chokepoint16,Ombai Strait,2021-02,10.21,3.46
chokepoint16,Ombai Strait,2021-03,11.58,3.81
chokepoint16,Ombai Strait,2021-04,9.87,3.53
chokepoint16,Ombai Strait,2021-05,10.45,3.03
chokepoint16,Ombai Strait,2021-06,10.4,3.33
chokepoint16,Ombai Strait,2021-07,10.45,3.68
chokepoint16,Ombai Strait,2021-08,11.06,4
chokepoint16,Ombai Strait,2021-09,12.53,3.93
chokepoint16,Ombai Strait,2021-10,9.9,3.13
chokepoint16,Ombai Strait,2021-11,11.2,4.07
chokepoint16,Ombai Strait,2021-12,11,3.55
chokepoint16,Ombai Strait,2022-01,11.29,3.71
chokepoint16,Ombai Strait,2022-02,11.93,4.21
chokepoint16,Ombai Strait,2022-03,11.26,3.68
chokepoint16,Ombai Strait,2022-04,10.57,4.1
chokepoint16,Ombai Strait,2022-05,10.77,3.87
chokepoint16,Ombai Strait,2022-06,9.93,3.63
chokepoint16,Ombai Strait,2022-07,11.9,4.39
chokepoint16,Ombai Strait,2022-08,11.9,4.19
chokepoint16,Ombai Strait,2022-09,11.1,3.8
chokepoint16,Ombai Strait,2022-10,12.06,4.16
chokepoint16,Ombai Strait,2022-11,10.9,3.77
chokepoint16,Ombai Strait,2022-12,10.84,3.87
chokepoint16,Ombai Strait,2023-01,11.58,4.61
chokepoint16,Ombai Strait,2023-02,10.43,4.64
chokepoint16,Ombai Strait,2023-03,10.55,4.39
chokepoint16,Ombai Strait,2023-04,10.17,4.27
chokepoint16,Ombai Strait,2023-05,9.81,3.71
chokepoint16,Ombai Strait,2023-06,9.37,3.93
chokepoint16,Ombai Strait,2023-07,10.32,4
chokepoint16,Ombai Strait,2023-08,11.19,4.1
chokepoint16,Ombai Strait,2023-09,11.27,4.1
chokepoint16,Ombai Strait,2023-10,10.68,3.52
chokepoint16,Ombai Strait,2023-11,10.47,4
chokepoint16,Ombai Strait,2023-12,10.71,3.94
chokepoint16,Ombai Strait,2024-01,10.26,3.84
chokepoint16,Ombai Strait,2024-02,10.55,4.28
chokepoint16,Ombai Strait,2024-03,11.32,4
chokepoint16,Ombai Strait,2024-04,11.47,4.2
chokepoint16,Ombai Strait,2024-05,10.48,3.68
chokepoint16,Ombai Strait,2024-06,10.93,3.73
chokepoint16,Ombai Strait,2024-07,11.03,3.81
chokepoint16,Ombai Strait,2024-08,10.06,3.65
chokepoint16,Ombai Strait,2024-09,10.87,3.57
chokepoint16,Ombai Strait,2024-10,11.58,3.97
chokepoint16,Ombai Strait,2024-11,12.03,3.33
chokepoint16,Ombai Strait,2024-12,11.1,3.94
chokepoint16,Ombai Strait,2025-01,10.19,4
chokepoint16,Ombai Strait,2025-02,9.96,4.07
chokepoint16,Ombai Strait,2025-03,10.84,3.45
chokepoint16,Ombai Strait,2025-04,10.07,3.93
chokepoint16,Ombai Strait,2025-05,9.81,3.39
chokepoint16,Ombai Strait,2025-06,11.37,3.53
chokepoint16,Ombai Strait,2025-07,10.42,3.48
chokepoint16,Ombai Strait,2025-08,10.26,3.9
chokepoint16,Ombai Strait,2025-09,11.27,3.47
chokepoint16,Ombai Strait,2025-10,11.55,3.58
chokepoint16,Ombai Strait,2025-11,10.4,3.47
chokepoint16,Ombai Strait,2025-12,10.1,3.65
chokepoint16,Ombai Strait,2026-01,9.26,3.74
chokepoint16,Ombai Strait,2026-02,9.82,3.89
chokepoint16,Ombai Strait,2026-03,9.1,3.29
chokepoint16,Ombai Strait,2026-04,9.17,3.43
chokepoint16,Ombai Strait,2026-05,8.84,3
chokepoint16,Ombai Strait,2026-06,9.87,3.63
chokepoint16,Ombai Strait,2026-07,9.48,3.23
chokepoint16,Ombai Strait,2026-08,9.5,3.12
chokepoint17,Bohai Strait,2019-01,108.29,20.87
chokepoint17,Bohai Strait,2019-02,112.18,23.71
chokepoint17,Bohai Strait,2019-03,124.97,24.97
chokepoint17,Bohai Strait,2019-04,128.83,23.63
chokepoint17,Bohai Strait,2019-05,158.71,28.48
chokepoint17,Bohai Strait,2019-06,165.17,31.57
chokepoint17,Bohai Strait,2019-07,173.61,35.42
chokepoint17,Bohai Strait,2019-08,157.23,32.71
chokepoint17,Bohai Strait,2019-09,176.43,36.33
chokepoint17,Bohai Strait,2019-10,128.97,26.61
chokepoint17,Bohai Strait,2019-11,135.67,28.77
chokepoint17,Bohai Strait,2019-12,203.13,42.39
chokepoint17,Bohai Strait,2020-01,186.45,41.61
chokepoint17,Bohai Strait,2020-02,147.76,34.55
chokepoint17,Bohai Strait,2020-03,168.87,37.19
chokepoint17,Bohai Strait,2020-04,182.47,37.5
chokepoint17,Bohai Strait,2020-05,196.23,41.97
chokepoint17,Bohai Strait,2020-06,201.33,45.47
chokepoint17,Bohai Strait,2020-07,203.35,44.32
chokepoint17,Bohai Strait,2020-08,197.65,41.52
chokepoint17,Bohai Strait,2020-09,201.8,44.07
chokepoint17,Bohai Strait,2020-10,195.23,40.45
chokepoint17,Bohai Strait,2020-11,210.8,42.73
chokepoint17,Bohai Strait,2020-12,202.68,40.97
chokepoint17,Bohai Strait,2021-01,204.06,43.03
chokepoint17,Bohai Strait,2021-02,186.11,45.04
chokepoint17,Bohai Strait,2021-03,200.1,42.71
chokepoint17,Bohai Strait,2021-04,205.53,40.7
chokepoint17,Bohai Strait,2021-05,201.55,39.26
chokepoint17,Bohai Strait,2021-06,194.73,39.37
chokepoint17,Bohai Strait,2021-07,184.23,36.45
chokepoint17,Bohai Strait,2021-08,185.03,34.61
chokepoint17,Bohai Strait,2021-09,183.8,35.03
chokepoint17,Bohai Strait,2021-10,185.26,35.87
chokepoint17,Bohai Strait,2021-11,182.8,36.5
chokepoint17,Bohai Strait,2021-12,193.58,40.77
chokepoint17,Bohai Strait,2022-01,191.61,41.13
chokepoint17,Bohai Strait,2022-02,176.68,37.71
chokepoint17,Bohai Strait,2022-03,173.29,34.32
chokepoint17,Bohai Strait,2022-04,178.93,36.63
chokepoint17,Bohai Strait,2022-05,181.1,36.68
chokepoint17,Bohai Strait,2022-06,182.63,36.33
chokepoint17,Bohai Strait,2022-07,181.39,34.61
chokepoint17,Bohai Strait,2022-08,179.84,33.87
chokepoint17,Bohai Strait,2022-09,176.2,35.47
chokepoint17,Bohai Strait,2022-10,186.19,42.16
chokepoint17,Bohai Strait,2022-11,182.93,43
chokepoint17,Bohai Strait,2022-12,187.39,43.16
chokepoint17,Bohai Strait,2023-01,175.55,40.23
chokepoint17,Bohai Strait,2023-02,181.89,37.75
chokepoint17,Bohai Strait,2023-03,189.39,38.03
chokepoint17,Bohai Strait,2023-04,190.2,36
chokepoint17,Bohai Strait,2023-05,178.55,35.61
chokepoint17,Bohai Strait,2023-06,190.43,38.97
chokepoint17,Bohai Strait,2023-07,182.52,37.42
chokepoint17,Bohai Strait,2023-08,175,35.29
chokepoint17,Bohai Strait,2023-09,180.4,37.53
chokepoint17,Bohai Strait,2023-10,179.55,37.94
chokepoint17,Bohai Strait,2023-11,188.47,36.3
chokepoint17,Bohai Strait,2023-12,176.42,34.97
chokepoint17,Bohai Strait,2024-01,184.45,36.52
chokepoint17,Bohai Strait,2024-02,162.03,34.62
chokepoint17,Bohai Strait,2024-03,181.39,37.77
chokepoint17,Bohai Strait,2024-04,175.83,37.1
chokepoint17,Bohai Strait,2024-05,176.39,37.29
chokepoint17,Bohai Strait,2024-06,174.13,36.27
chokepoint17,Bohai Strait,2024-07,160.03,33.87
chokepoint17,Bohai Strait,2024-08,159.81,32.23
chokepoint17,Bohai Strait,2024-09,161.9,32.03
chokepoint17,Bohai Strait,2024-10,172.55,34.19
chokepoint17,Bohai Strait,2024-11,172.43,35.13
chokepoint17,Bohai Strait,2024-12,179.61,38.16
chokepoint17,Bohai Strait,2025-01,163.19,34.39
chokepoint17,Bohai Strait,2025-02,156.18,32.46
chokepoint17,Bohai Strait,2025-03,169.32,35.61
chokepoint17,Bohai Strait,2025-04,174.33,35.3
chokepoint17,Bohai Strait,2025-05,176.35,35.13
chokepoint17,Bohai Strait,2025-06,174.9,35.87
chokepoint17,Bohai Strait,2025-07,172.16,38.06
chokepoint17,Bohai Strait,2025-08,170.74,37.81
chokepoint17,Bohai Strait,2025-09,173.93,37.77
chokepoint17,Bohai Strait,2025-10,165.52,34.16
chokepoint17,Bohai Strait,2025-11,180.07,37.5
chokepoint17,Bohai Strait,2025-12,162.48,37.68
chokepoint17,Bohai Strait,2026-01,170.55,37.61
chokepoint17,Bohai Strait,2026-02,160.93,38.32
chokepoint17,Bohai Strait,2026-03,169.74,38.1
chokepoint17,Bohai Strait,2026-04,169.73,32.87
chokepoint17,Bohai Strait,2026-05,162.45,28.58
chokepoint17,Bohai Strait,2026-06,167.07,31.97
chokepoint17,Bohai Strait,2026-07,154.74,29.97
chokepoint17,Bohai Strait,2026-08,151.31,28.06
chokepoint18,Torres Strait,2019-01,9.23,1.77
chokepoint18,Torres Strait,2019-02,8,1.75
chokepoint18,Torres Strait,2019-03,9.9,2.32
chokepoint18,Torres Strait,2019-04,8.93,1.87
chokepoint18,Torres Strait,2019-05,8.19,1.58
chokepoint18,Torres Strait,2019-06,9.03,1.53
chokepoint18,Torres Strait,2019-07,8.52,1.65
chokepoint18,Torres Strait,2019-08,8.42,1.52
chokepoint18,Torres Strait,2019-09,8.57,1.67
chokepoint18,Torres Strait,2019-10,8.97,1.94
chokepoint18,Torres Strait,2019-11,9.3,2.13
chokepoint18,Torres Strait,2019-12,8.19,1.26
chokepoint18,Torres Strait,2020-01,8.68,1.84
chokepoint18,Torres Strait,2020-02,9.24,2.07
chokepoint18,Torres Strait,2020-03,7.9,1.52
chokepoint18,Torres Strait,2020-04,8.47,2.17
chokepoint18,Torres Strait,2020-05,7.9,2.16
chokepoint18,Torres Strait,2020-06,8.07,2.5
chokepoint18,Torres Strait,2020-07,8.58,2.35
chokepoint18,Torres Strait,2020-08,9.26,2.45
chokepoint18,Torres Strait,2020-09,8.9,1.77
chokepoint18,Torres Strait,2020-10,9.45,2.13
chokepoint18,Torres Strait,2020-11,9.17,2.17
chokepoint18,Torres Strait,2020-12,8.61,1.77
chokepoint18,Torres Strait,2021-01,9.58,1.97
chokepoint18,Torres Strait,2021-02,9.04,1.79
chokepoint18,Torres Strait,2021-03,8.55,1.97
chokepoint18,Torres Strait,2021-04,9.37,2.2
chokepoint18,Torres Strait,2021-05,8.45,1.97
chokepoint18,Torres Strait,2021-06,8.6,1.8
chokepoint18,Torres Strait,2021-07,9.45,2.42
chokepoint18,Torres Strait,2021-08,8.52,1.87
chokepoint18,Torres Strait,2021-09,8.77,1.97
chokepoint18,Torres Strait,2021-10,8.94,1.71
chokepoint18,Torres Strait,2021-11,9.13,1.8
chokepoint18,Torres Strait,2021-12,8,1.74
chokepoint18,Torres Strait,2022-01,8.52,1.68
chokepoint18,Torres Strait,2022-02,8.61,1.79
chokepoint18,Torres Strait,2022-03,8.45,1.42
chokepoint18,Torres Strait,2022-04,8.97,2.2
chokepoint18,Torres Strait,2022-05,9.68,2.29
chokepoint18,Torres Strait,2022-06,8.77,2.13
chokepoint18,Torres Strait,2022-07,8.94,2.13
chokepoint18,Torres Strait,2022-08,9.35,2.42
chokepoint18,Torres Strait,2022-09,9.53,2.1
chokepoint18,Torres Strait,2022-10,9.74,2.23
chokepoint18,Torres Strait,2022-11,8.93,2
chokepoint18,Torres Strait,2022-12,8.77,1.87
chokepoint18,Torres Strait,2023-01,9.42,1.84
chokepoint18,Torres Strait,2023-02,9.04,2.29
chokepoint18,Torres Strait,2023-03,8.65,2.03
chokepoint18,Torres Strait,2023-04,9.83,2.2
chokepoint18,Torres Strait,2023-05,8.71,2.23
chokepoint18,Torres Strait,2023-06,10.23,2.6
chokepoint18,Torres Strait,2023-07,9.74,2.26
chokepoint18,Torres Strait,2023-08,10.19,2.29
chokepoint18,Torres Strait,2023-09,9.33,2.2
chokepoint18,Torres Strait,2023-10,10.19,2.19
chokepoint18,Torres Strait,2023-11,9.27,2.23
chokepoint18,Torres Strait,2023-12,9.32,1.94
chokepoint18,Torres Strait,2024-01,9.45,2.35
chokepoint18,Torres Strait,2024-02,9.45,2.21
chokepoint18,Torres Strait,2024-03,9.13,2.23
chokepoint18,Torres Strait,2024-04,9.67,2
chokepoint18,Torres Strait,2024-05,8.9,2.1
chokepoint18,Torres Strait,2024-06,9.9,2.27
chokepoint18,Torres Strait,2024-07,9.35,2.06
chokepoint18,Torres Strait,2024-08,8.55,1.87
chokepoint18,Torres Strait,2024-09,9.27,1.73
chokepoint18,Torres Strait,2024-10,9.42,1.94
chokepoint18,Torres Strait,2024-11,10.17,1.93
chokepoint18,Torres Strait,2024-12,9.87,2.26
chokepoint18,Torres Strait,2025-01,9.19,1.71
chokepoint18,Torres Strait,2025-02,9.54,2.29
chokepoint18,Torres Strait,2025-03,10.48,2.13
chokepoint18,Torres Strait,2025-04,10.2,2
chokepoint18,Torres Strait,2025-05,9.52,2.26
chokepoint18,Torres Strait,2025-06,9.6,2.27
chokepoint18,Torres Strait,2025-07,9.35,2.39
chokepoint18,Torres Strait,2025-08,8.81,2.23
chokepoint18,Torres Strait,2025-09,9.1,2
chokepoint18,Torres Strait,2025-10,9.9,2.16
chokepoint18,Torres Strait,2025-11,9.63,2.27
chokepoint18,Torres Strait,2025-12,9.06,2.03
chokepoint18,Torres Strait,2026-01,8.52,1.9
chokepoint18,Torres Strait,2026-02,9.61,2.18
chokepoint18,Torres Strait,2026-03,8.35,1.71
chokepoint18,Torres Strait,2026-04,9.3,2.3
chokepoint18,Torres Strait,2026-05,9.58,2.32
chokepoint18,Torres Strait,2026-06,9.73,2.07
chokepoint18,Torres Strait,2026-07,8.39,1.84
chokepoint18,Torres Strait,2026-08,8.5,1.5
chokepoint19,Sunda Strait,2019-01,25.39,9.97
chokepoint19,Sunda Strait,2019-02,26.46,10.04
chokepoint19,Sunda Strait,2019-03,26.45,9.77
chokepoint19,Sunda Strait,2019-04,25.47,10.3
chokepoint19,Sunda Strait,2019-05,25.58,9.58
chokepoint19,Sunda Strait,2019-06,21.63,9.13
chokepoint19,Sunda Strait,2019-07,25.55,10.58
chokepoint19,Sunda Strait,2019-08,25.94,10.65
chokepoint19,Sunda Strait,2019-09,26.57,9.6
chokepoint19,Sunda Strait,2019-10,28.13,11.55
chokepoint19,Sunda Strait,2019-11,30.2,12.83
chokepoint19,Sunda Strait,2019-12,27.97,11.29
chokepoint19,Sunda Strait,2020-01,24.97,9.55
chokepoint19,Sunda Strait,2020-02,26.93,9.86
chokepoint19,Sunda Strait,2020-03,26.32,10.1
chokepoint19,Sunda Strait,2020-04,27.63,11.1
chokepoint19,Sunda Strait,2020-05,26.23,10.29
chokepoint19,Sunda Strait,2020-06,27.43,11
chokepoint19,Sunda Strait,2020-07,26,11.1
chokepoint19,Sunda Strait,2020-08,25.71,10.32
chokepoint19,Sunda Strait,2020-09,27.83,12.1
chokepoint19,Sunda Strait,2020-10,26.45,11.16
chokepoint19,Sunda Strait,2020-11,27.4,10.57
chokepoint19,Sunda Strait,2020-12,29.55,12.74
chokepoint19,Sunda Strait,2021-01,26.13,10.42
chokepoint19,Sunda Strait,2021-02,29.71,10.82
chokepoint19,Sunda Strait,2021-03,28.16,11.32
chokepoint19,Sunda Strait,2021-04,26.1,10.17
chokepoint19,Sunda Strait,2021-05,28.23,11.45
chokepoint19,Sunda Strait,2021-06,30.47,11.57
chokepoint19,Sunda Strait,2021-07,25.87,9.87
chokepoint19,Sunda Strait,2021-08,24.97,10.81
chokepoint19,Sunda Strait,2021-09,26.43,10.83
chokepoint19,Sunda Strait,2021-10,23.29,9.94
chokepoint19,Sunda Strait,2021-11,25.23,10.87
chokepoint19,Sunda Strait,2021-12,28.48,11.77
chokepoint19,Sunda Strait,2022-01,25.81,9.42
chokepoint19,Sunda Strait,2022-02,24.39,9.46
chokepoint19,Sunda Strait,2022-03,24.71,9.52
chokepoint19,Sunda Strait,2022-04,25.77,10.3
chokepoint19,Sunda Strait,2022-05,23.65,9.19
chokepoint19,Sunda Strait,2022-06,24.2,9.17
chokepoint19,Sunda Strait,2022-07,23.94,9.45
chokepoint19,Sunda Strait,2022-08,28.84,11.87
chokepoint19,Sunda Strait,2022-09,26.57,10.6
chokepoint19,Sunda Strait,2022-10,29.1,11.9
chokepoint19,Sunda Strait,2022-11,26.33,10.53
chokepoint19,Sunda Strait,2022-12,28.19,11.58
chokepoint19,Sunda Strait,2023-01,27.74,10.42
chokepoint19,Sunda Strait,2023-02,27,11.39
chokepoint19,Sunda Strait,2023-03,29.97,10.97
chokepoint19,Sunda Strait,2023-04,28.77,11.23
chokepoint19,Sunda Strait,2023-05,31.84,12.23
chokepoint19,Sunda Strait,2023-06,31.4,12.5
chokepoint19,Sunda Strait,2023-07,29.16,12
chokepoint19,Sunda Strait,2023-08,31.32,11.87
chokepoint19,Sunda Strait,2023-09,28.5,11.57
chokepoint19,Sunda Strait,2023-10,29.74,12.32
chokepoint19,Sunda Strait,2023-11,30.27,12.23
chokepoint19,Sunda Strait,2023-12,32.58,12.42
chokepoint19,Sunda Strait,2024-01,32.19,12.55
chokepoint19,Sunda Strait,2024-02,30.48,11.55
chokepoint19,Sunda Strait,2024-03,32.23,11.42
chokepoint19,Sunda Strait,2024-04,29.7,11.6
chokepoint19,Sunda Strait,2024-05,30.58,11.39
chokepoint19,Sunda Strait,2024-06,30.97,12.27
chokepoint19,Sunda Strait,2024-07,32.35,12.29
chokepoint19,Sunda Strait,2024-08,32.94,12.74
chokepoint19,Sunda Strait,2024-09,32.4,11.9
chokepoint19,Sunda Strait,2024-10,33.45,12.26
chokepoint19,Sunda Strait,2024-11,32.3,12.17
chokepoint19,Sunda Strait,2024-12,34.1,12.61
chokepoint19,Sunda Strait,2025-01,32.52,12.13
chokepoint19,Sunda Strait,2025-02,30.86,10.86
chokepoint19,Sunda Strait,2025-03,29.65,10.65
chokepoint19,Sunda Strait,2025-04,29.2,9.87
chokepoint19,Sunda Strait,2025-05,32,12.32
chokepoint19,Sunda Strait,2025-06,31.5,12.17
chokepoint19,Sunda Strait,2025-07,33.06,12.84
chokepoint19,Sunda Strait,2025-08,32.32,12.39
chokepoint19,Sunda Strait,2025-09,32.8,12.8
chokepoint19,Sunda Strait,2025-10,29.97,11.94
chokepoint19,Sunda Strait,2025-11,31.8,11.6
chokepoint19,Sunda Strait,2025-12,34.29,13.23
chokepoint19,Sunda Strait,2026-01,35.32,13.39
chokepoint19,Sunda Strait,2026-02,35.75,12.29
chokepoint19,Sunda Strait,2026-03,32.9,11.32
chokepoint19,Sunda Strait,2026-04,34.37,12.47
chokepoint19,Sunda Strait,2026-05,34.45,13.29
chokepoint19,Sunda Strait,2026-06,31.77,12.2
chokepoint19,Sunda Strait,2026-07,32.16,12.1
chokepoint19,Sunda Strait,2026-08,32.62,12.69
chokepoint20,Makassar Strait,2019-01,48,4.81
chokepoint20,Makassar Strait,2019-02,49.39,4.82
chokepoint20,Makassar Strait,2019-03,49.45,5.42
chokepoint20,Makassar Strait,2019-04,45.43,4.7
chokepoint20,Makassar Strait,2019-05,52.1,4.84
chokepoint20,Makassar Strait,2019-06,49.43,5.03
chokepoint20,Makassar Strait,2019-07,52.19,4.26
chokepoint20,Makassar Strait,2019-08,50.77,5.32
chokepoint20,Makassar Strait,2019-09,51.4,4.73
chokepoint20,Makassar Strait,2019-10,50.45,4.55
chokepoint20,Makassar Strait,2019-11,51.8,5.5
chokepoint20,Makassar Strait,2019-12,51.03,5.74
chokepoint20,Makassar Strait,2020-01,51.26,4.81
chokepoint20,Makassar Strait,2020-02,47.21,4.66
chokepoint20,Makassar Strait,2020-03,52.03,5.45
chokepoint20,Makassar Strait,2020-04,49.87,5.67
chokepoint20,Makassar Strait,2020-05,49.32,4.61
chokepoint20,Makassar Strait,2020-06,54.37,5.13
chokepoint20,Makassar Strait,2020-07,52.71,5.35
chokepoint20,Makassar Strait,2020-08,46.58,5.16
chokepoint20,Makassar Strait,2020-09,47.77,4.97
chokepoint20,Makassar Strait,2020-10,48.48,5
chokepoint20,Makassar Strait,2020-11,51.3,5.57
chokepoint20,Makassar Strait,2020-12,52.84,4.84
chokepoint20,Makassar Strait,2021-01,52.68,5.35
chokepoint20,Makassar Strait,2021-02,52.68,5.71
chokepoint20,Makassar Strait,2021-03,51.58,5.48
chokepoint20,Makassar Strait,2021-04,50.17,5.33
chokepoint20,Makassar Strait,2021-05,54.81,5.68
chokepoint20,Makassar Strait,2021-06,53.97,5.67
chokepoint20,Makassar Strait,2021-07,53.58,5.65
chokepoint20,Makassar Strait,2021-08,52.13,5.48
chokepoint20,Makassar Strait,2021-09,51.3,4.83
chokepoint20,Makassar Strait,2021-10,53.39,6.29
chokepoint20,Makassar Strait,2021-11,55.03,5.8
chokepoint20,Makassar Strait,2021-12,54.45,5.81
chokepoint20,Makassar Strait,2022-01,42.81,4.65
chokepoint20,Makassar Strait,2022-02,51.11,5.04
chokepoint20,Makassar Strait,2022-03,54.74,5.42
chokepoint20,Makassar Strait,2022-04,53.73,5.17
chokepoint20,Makassar Strait,2022-05,50.35,4.77
chokepoint20,Makassar Strait,2022-06,54.53,5.7
chokepoint20,Makassar Strait,2022-07,55.94,5.32
chokepoint20,Makassar Strait,2022-08,52.32,5.97
chokepoint20,Makassar Strait,2022-09,57.4,5.2
chokepoint20,Makassar Strait,2022-10,56.26,6.03
chokepoint20,Makassar Strait,2022-11,57.23,6.53
chokepoint20,Makassar Strait,2022-12,60,6.97
chokepoint20,Makassar Strait,2023-01,56.1,5.74
chokepoint20,Makassar Strait,2023-02,58.71,6.43
chokepoint20,Makassar Strait,2023-03,61.87,5.77
chokepoint20,Makassar Strait,2023-04,55.07,5.27
chokepoint20,Makassar Strait,2023-05,58.74,5.26
chokepoint20,Makassar Strait,2023-06,59.1,5.87
chokepoint20,Makassar Strait,2023-07,57.13,5.87
chokepoint20,Makassar Strait,2023-08,55.65,5.65
chokepoint20,Makassar Strait,2023-09,55.4,5.23
chokepoint20,Makassar Strait,2023-10,58.65,6.03
chokepoint20,Makassar Strait,2023-11,60.13,5.8
chokepoint20,Makassar Strait,2023-12,63.45,5.55
chokepoint20,Makassar Strait,2024-01,59.97,5.68
chokepoint20,Makassar Strait,2024-02,58.07,5.03
chokepoint20,Makassar Strait,2024-03,58.94,5.26
chokepoint20,Makassar Strait,2024-04,54.3,4.6
chokepoint20,Makassar Strait,2024-05,54.32,4.06
chokepoint20,Makassar Strait,2024-06,55.47,5.63
chokepoint20,Makassar Strait,2024-07,51.32,4.29
chokepoint20,Makassar Strait,2024-08,48.16,4.32
chokepoint20,Makassar Strait,2024-09,54.9,4.63
chokepoint20,Makassar Strait,2024-10,51.97,5
chokepoint20,Makassar Strait,2024-11,52.33,4.63
chokepoint20,Makassar Strait,2024-12,56.74,4.81
chokepoint20,Makassar Strait,2025-01,52.68,4.97
chokepoint20,Makassar Strait,2025-02,47.43,5.04
chokepoint20,Makassar Strait,2025-03,46.97,4.97
chokepoint20,Makassar Strait,2025-04,43.47,4.73
chokepoint20,Makassar Strait,2025-05,45,4.48
chokepoint20,Makassar Strait,2025-06,43.4,4.73
chokepoint20,Makassar Strait,2025-07,44.19,4.65
chokepoint20,Makassar Strait,2025-08,46.74,4.55
chokepoint20,Makassar Strait,2025-09,46.4,4.67
chokepoint20,Makassar Strait,2025-10,48.13,5.61
chokepoint20,Makassar Strait,2025-11,48,5.6
chokepoint20,Makassar Strait,2025-12,43.68,4.29
chokepoint20,Makassar Strait,2026-01,49.39,5.06
chokepoint20,Makassar Strait,2026-02,43,4.14
chokepoint20,Makassar Strait,2026-03,44.48,4.61
chokepoint20,Makassar Strait,2026-04,40.33,4.4
chokepoint20,Makassar Strait,2026-05,47.29,4.13
chokepoint20,Makassar Strait,2026-06,58.23,6.1
chokepoint20,Makassar Strait,2026-07,50.77,5.58
chokepoint20,Makassar Strait,2026-08,51.88,6.5
chokepoint21,Magellan Strait,2019-01,3.32,1.1
chokepoint21,Magellan Strait,2019-02,3.68,0.79
chokepoint21,Magellan Strait,2019-03,3.32,0.9
chokepoint21,Magellan Strait,2019-04,3.63,0.87
chokepoint21,Magellan Strait,2019-05,3.45,0.9
chokepoint21,Magellan Strait,2019-06,3.23,0.63
chokepoint21,Magellan Strait,2019-07,3.68,1.13
chokepoint21,Magellan Strait,2019-08,4.29,0.81
chokepoint21,Magellan Strait,2019-09,3.93,0.93
chokepoint21,Magellan Strait,2019-10,3.87,0.77
chokepoint21,Magellan Strait,2019-11,3.63,0.73
chokepoint21,Magellan Strait,2019-12,3.35,0.9
chokepoint21,Magellan Strait,2020-01,3.13,0.84
chokepoint21,Magellan Strait,2020-02,2.62,0.55
chokepoint21,Magellan Strait,2020-03,3.13,0.87
chokepoint21,Magellan Strait,2020-04,3.17,0.67
chokepoint21,Magellan Strait,2020-05,2.97,0.81
chokepoint21,Magellan Strait,2020-06,2.8,0.63
chokepoint21,Magellan Strait,2020-07,3.19,0.9
chokepoint21,Magellan Strait,2020-08,3.61,0.71
chokepoint21,Magellan Strait,2020-09,3.07,0.8
chokepoint21,Magellan Strait,2020-10,3.03,0.87
chokepoint21,Magellan Strait,2020-11,2.97,0.73
chokepoint21,Magellan Strait,2020-12,2.71,0.77
chokepoint21,Magellan Strait,2021-01,2.84,0.68
chokepoint21,Magellan Strait,2021-02,2.75,0.82
chokepoint21,Magellan Strait,2021-03,3.13,0.71
chokepoint21,Magellan Strait,2021-04,3.5,0.6
chokepoint21,Magellan Strait,2021-05,3.65,1.03
chokepoint21,Magellan Strait,2021-06,3.97,0.73
chokepoint21,Magellan Strait,2021-07,4.1,0.9
chokepoint21,Magellan Strait,2021-08,5.19,1.39
chokepoint21,Magellan Strait,2021-09,4.43,1.23
chokepoint21,Magellan Strait,2021-10,4.58,1.03
chokepoint21,Magellan Strait,2021-11,4.23,0.87
chokepoint21,Magellan Strait,2021-12,3.87,0.81
chokepoint21,Magellan Strait,2022-01,3.68,0.87
chokepoint21,Magellan Strait,2022-02,4.36,0.93
chokepoint21,Magellan Strait,2022-03,3.97,0.81
chokepoint21,Magellan Strait,2022-04,4.03,0.77
chokepoint21,Magellan Strait,2022-05,4.19,0.87
chokepoint21,Magellan Strait,2022-06,3.7,0.9
chokepoint21,Magellan Strait,2022-07,3.81,0.74
chokepoint21,Magellan Strait,2022-08,4.58,1.19
chokepoint21,Magellan Strait,2022-09,4.13,1.07
chokepoint21,Magellan Strait,2022-10,4.26,1.13
chokepoint21,Magellan Strait,2022-11,3.93,1
chokepoint21,Magellan Strait,2022-12,3,0.81
chokepoint21,Magellan Strait,2023-01,3.61,0.9
chokepoint21,Magellan Strait,2023-02,3.68,1.07
chokepoint21,Magellan Strait,2023-03,3.68,1.35
chokepoint21,Magellan Strait,2023-04,4.33,1.07
chokepoint21,Magellan Strait,2023-05,4.03,1
chokepoint21,Magellan Strait,2023-06,3.9,1
chokepoint21,Magellan Strait,2023-07,4.52,1.26
chokepoint21,Magellan Strait,2023-08,4.61,1.19
chokepoint21,Magellan Strait,2023-09,3.87,0.97
chokepoint21,Magellan Strait,2023-10,5.06,1.39
chokepoint21,Magellan Strait,2023-11,4.57,1.57
chokepoint21,Magellan Strait,2023-12,7,1.68
chokepoint21,Magellan Strait,2024-01,6.26,1.45
chokepoint21,Magellan Strait,2024-02,5.66,1.14
chokepoint21,Magellan Strait,2024-03,4.71,1.06
chokepoint21,Magellan Strait,2024-04,6.13,1.57
chokepoint21,Magellan Strait,2024-05,4.9,1.03
chokepoint21,Magellan Strait,2024-06,3.97,0.83
chokepoint21,Magellan Strait,2024-07,4.97,1.32
chokepoint21,Magellan Strait,2024-08,4.39,0.97
chokepoint21,Magellan Strait,2024-09,4.23,1.13
chokepoint21,Magellan Strait,2024-10,3.55,1.1
chokepoint21,Magellan Strait,2024-11,3.57,1
chokepoint21,Magellan Strait,2024-12,3.65,0.87
chokepoint21,Magellan Strait,2025-01,3.32,0.71
chokepoint21,Magellan Strait,2025-02,3.89,1
chokepoint21,Magellan Strait,2025-03,3.42,1.06
chokepoint21,Magellan Strait,2025-04,4.1,1.1
chokepoint21,Magellan Strait,2025-05,3.87,1.29
chokepoint21,Magellan Strait,2025-06,4.23,1.4
chokepoint21,Magellan Strait,2025-07,5.61,1.68
chokepoint21,Magellan Strait,2025-08,4.39,1.13
chokepoint21,Magellan Strait,2025-09,4.37,1.07
chokepoint21,Magellan Strait,2025-10,3.55,1.03
chokepoint21,Magellan Strait,2025-11,3.47,1
chokepoint21,Magellan Strait,2025-12,3.81,0.87
chokepoint21,Magellan Strait,2026-01,3.35,0.81
chokepoint21,Magellan Strait,2026-02,2.79,0.79
chokepoint21,Magellan Strait,2026-03,3.81,0.81
chokepoint21,Magellan Strait,2026-04,3.67,0.9
chokepoint21,Magellan Strait,2026-05,4.58,1.1
chokepoint21,Magellan Strait,2026-06,4.57,1.13
chokepoint21,Magellan Strait,2026-07,5.23,1.58
chokepoint21,Magellan Strait,2026-08,5.69,1.44
chokepoint22,Yucatan Channel,2019-01,43.48,22.06
chokepoint22,Yucatan Channel,2019-02,39.82,19.14
chokepoint22,Yucatan Channel,2019-03,41.77,20.77
chokepoint22,Yucatan Channel,2019-04,42.07,20.2
chokepoint22,Yucatan Channel,2019-05,41.68,21
chokepoint22,Yucatan Channel,2019-06,42.3,21.87
chokepoint22,Yucatan Channel,2019-07,39.58,19.39
chokepoint22,Yucatan Channel,2019-08,42.81,20.52
chokepoint22,Yucatan Channel,2019-09,45.53,22.53
chokepoint22,Yucatan Channel,2019-10,44.35,22.68
chokepoint22,Yucatan Channel,2019-11,43.97,21.33
chokepoint22,Yucatan Channel,2019-12,44.52,22
chokepoint22,Yucatan Channel,2020-01,42.42,21.97
chokepoint22,Yucatan Channel,2020-02,44.55,22.76
chokepoint22,Yucatan Channel,2020-03,46.39,23.77
chokepoint22,Yucatan Channel,2020-04,42.7,21.1
chokepoint22,Yucatan Channel,2020-05,38.87,18.77
chokepoint22,Yucatan Channel,2020-06,38.67,18.57
chokepoint22,Yucatan Channel,2020-07,39.29,19.52
chokepoint22,Yucatan Channel,2020-08,44.19,20.74
chokepoint22,Yucatan Channel,2020-09,43,20.1
chokepoint22,Yucatan Channel,2020-10,45.03,21.77
chokepoint22,Yucatan Channel,2020-11,47.13,23.3
chokepoint22,Yucatan Channel,2020-12,46.81,23.87
chokepoint22,Yucatan Channel,2021-01,46.48,23.68
chokepoint22,Yucatan Channel,2021-02,42.07,20.32
chokepoint22,Yucatan Channel,2021-03,43.26,20
chokepoint22,Yucatan Channel,2021-04,44.77,22.9
chokepoint22,Yucatan Channel,2021-05,43.58,21.45
chokepoint22,Yucatan Channel,2021-06,43.53,22.4
chokepoint22,Yucatan Channel,2021-07,44.03,23.26
chokepoint22,Yucatan Channel,2021-08,44.1,23.55
chokepoint22,Yucatan Channel,2021-09,40.57,21.2
chokepoint22,Yucatan Channel,2021-10,44.19,21.45
chokepoint22,Yucatan Channel,2021-11,46.97,23.77
chokepoint22,Yucatan Channel,2021-12,46.06,24.16
chokepoint22,Yucatan Channel,2022-01,44.68,21.29
chokepoint22,Yucatan Channel,2022-02,44.54,21.54
chokepoint22,Yucatan Channel,2022-03,45.94,23.19
chokepoint22,Yucatan Channel,2022-04,44.97,22.6
chokepoint22,Yucatan Channel,2022-05,45,22.74
chokepoint22,Yucatan Channel,2022-06,45.8,22.57
chokepoint22,Yucatan Channel,2022-07,44.06,22.58
chokepoint22,Yucatan Channel,2022-08,46.19,24.19
chokepoint22,Yucatan Channel,2022-09,42.8,21.33
chokepoint22,Yucatan Channel,2022-10,45.55,23.1
chokepoint22,Yucatan Channel,2022-11,43.6,22.73
chokepoint22,Yucatan Channel,2022-12,43.45,22.39
chokepoint22,Yucatan Channel,2023-01,43.55,21.45
chokepoint22,Yucatan Channel,2023-02,43.29,20.46
chokepoint22,Yucatan Channel,2023-03,46,22.94
chokepoint22,Yucatan Channel,2023-04,45,21.97
chokepoint22,Yucatan Channel,2023-05,44.68,21.94
chokepoint22,Yucatan Channel,2023-06,44.07,21.37
chokepoint22,Yucatan Channel,2023-07,47.32,24.48
chokepoint22,Yucatan Channel,2023-08,45.23,23.9
chokepoint22,Yucatan Channel,2023-09,46.07,24.63
chokepoint22,Yucatan Channel,2023-10,45.84,24.39
chokepoint22,Yucatan Channel,2023-11,42.2,21.77
chokepoint22,Yucatan Channel,2023-12,43.35,22.87
chokepoint22,Yucatan Channel,2024-01,43.29,21.35
chokepoint22,Yucatan Channel,2024-02,46,24.14
chokepoint22,Yucatan Channel,2024-03,49.03,25.52
chokepoint22,Yucatan Channel,2024-04,47.1,24.53
chokepoint22,Yucatan Channel,2024-05,48.13,26.26
chokepoint22,Yucatan Channel,2024-06,49.07,27.2
chokepoint22,Yucatan Channel,2024-07,46.97,25.16
chokepoint22,Yucatan Channel,2024-08,46.39,25.61
chokepoint22,Yucatan Channel,2024-09,48.27,25.97
chokepoint22,Yucatan Channel,2024-10,49.39,26.71
chokepoint22,Yucatan Channel,2024-11,51.93,28.97
chokepoint22,Yucatan Channel,2024-12,49.06,27.42
chokepoint22,Yucatan Channel,2025-01,46.23,25.06
chokepoint22,Yucatan Channel,2025-02,49,25.75
chokepoint22,Yucatan Channel,2025-03,48.48,25.06
chokepoint22,Yucatan Channel,2025-04,46.43,24.8
chokepoint22,Yucatan Channel,2025-05,46.48,24.58
chokepoint22,Yucatan Channel,2025-06,46.73,24.23
chokepoint22,Yucatan Channel,2025-07,45.84,24.48
chokepoint22,Yucatan Channel,2025-08,49.94,25.32
chokepoint22,Yucatan Channel,2025-09,50.7,26.53
chokepoint22,Yucatan Channel,2025-10,49.48,26.23
chokepoint22,Yucatan Channel,2025-11,49.7,27.73
chokepoint22,Yucatan Channel,2025-12,43.61,23.29
chokepoint22,Yucatan Channel,2026-01,47.71,25.19
chokepoint22,Yucatan Channel,2026-02,49.61,26.64
chokepoint22,Yucatan Channel,2026-03,51.42,28.13
chokepoint22,Yucatan Channel,2026-04,55.73,33.1
chokepoint22,Yucatan Channel,2026-05,52.32,30.29
chokepoint22,Yucatan Channel,2026-06,53.9,31.9
chokepoint22,Yucatan Channel,2026-07,54.45,30.77
chokepoint22,Yucatan Channel,2026-08,51.69,29.44
chokepoint23,Windward Passage,2019-01,15.65,2.84
chokepoint23,Windward Passage,2019-02,16.57,2.75
chokepoint23,Windward Passage,2019-03,15.9,2.52
chokepoint23,Windward Passage,2019-04,16.43,3.03
chokepoint23,Windward Passage,2019-05,16.58,2.42
chokepoint23,Windward Passage,2019-06,16.43,2.43
chokepoint23,Windward Passage,2019-07,18.32,2.52
chokepoint23,Windward Passage,2019-08,16.71,2.23
chokepoint23,Windward Passage,2019-09,16.87,2.5
chokepoint23,Windward Passage,2019-10,15.94,2.13
chokepoint23,Windward Passage,2019-11,16.07,2.43
chokepoint23,Windward Passage,2019-12,15.61,2.19
chokepoint23,Windward Passage,2020-01,15.74,2.06
chokepoint23,Windward Passage,2020-02,15.38,1.79
chokepoint23,Windward Passage,2020-03,15.1,2.23
chokepoint23,Windward Passage,2020-04,15.6,2.1
chokepoint23,Windward Passage,2020-05,15.65,2.71
chokepoint23,Windward Passage,2020-06,14.97,2.33
chokepoint23,Windward Passage,2020-07,15.71,2.55
chokepoint23,Windward Passage,2020-08,16.84,2.71
chokepoint23,Windward Passage,2020-09,17.83,3.33
chokepoint23,Windward Passage,2020-10,16.87,2.65
chokepoint23,Windward Passage,2020-11,18.67,2.67
chokepoint23,Windward Passage,2020-12,16.71,1.9
chokepoint23,Windward Passage,2021-01,15.52,1.71
chokepoint23,Windward Passage,2021-02,16.39,2.54
chokepoint23,Windward Passage,2021-03,17.48,2.19
chokepoint23,Windward Passage,2021-04,16.83,2
chokepoint23,Windward Passage,2021-05,16.06,2.29
chokepoint23,Windward Passage,2021-06,15.57,2.17
chokepoint23,Windward Passage,2021-07,14.94,1.94
chokepoint23,Windward Passage,2021-08,17.1,2.81
chokepoint23,Windward Passage,2021-09,15.77,2.33
chokepoint23,Windward Passage,2021-10,15.58,2
chokepoint23,Windward Passage,2021-11,15.07,1.83
chokepoint23,Windward Passage,2021-12,16.06,2.13
chokepoint23,Windward Passage,2022-01,14.35,1.58
chokepoint23,Windward Passage,2022-02,15.14,2.11
chokepoint23,Windward Passage,2022-03,15.71,2.13
chokepoint23,Windward Passage,2022-04,15.6,2.07
chokepoint23,Windward Passage,2022-05,16,2.29
chokepoint23,Windward Passage,2022-06,15.13,2.37
chokepoint23,Windward Passage,2022-07,14.32,2.42
chokepoint23,Windward Passage,2022-08,16.32,2.45
chokepoint23,Windward Passage,2022-09,16.53,2.43
chokepoint23,Windward Passage,2022-10,15.13,1.58
chokepoint23,Windward Passage,2022-11,14.9,2.17
chokepoint23,Windward Passage,2022-12,15.03,1.48
chokepoint23,Windward Passage,2023-01,15.26,1.84
chokepoint23,Windward Passage,2023-02,15.14,1.79
chokepoint23,Windward Passage,2023-03,14.52,1.52
chokepoint23,Windward Passage,2023-04,15.17,1.83
chokepoint23,Windward Passage,2023-05,14.9,1.71
chokepoint23,Windward Passage,2023-06,15.43,2.5
chokepoint23,Windward Passage,2023-07,15.58,2.06
chokepoint23,Windward Passage,2023-08,14.94,2.1
chokepoint23,Windward Passage,2023-09,15,2
chokepoint23,Windward Passage,2023-10,15.61,1.87
chokepoint23,Windward Passage,2023-11,14.83,1.7
chokepoint23,Windward Passage,2023-12,13.52,1.58
chokepoint23,Windward Passage,2024-01,14.32,1.94
chokepoint23,Windward Passage,2024-02,14.52,2
chokepoint23,Windward Passage,2024-03,14.55,1.94
chokepoint23,Windward Passage,2024-04,16.17,2.33
chokepoint23,Windward Passage,2024-05,15.26,2
chokepoint23,Windward Passage,2024-06,15.77,2.13
chokepoint23,Windward Passage,2024-07,16.71,2.06
chokepoint23,Windward Passage,2024-08,14.52,1.32
chokepoint23,Windward Passage,2024-09,15.77,2
chokepoint23,Windward Passage,2024-10,14.42,2.42
chokepoint23,Windward Passage,2024-11,14.8,1.8
chokepoint23,Windward Passage,2024-12,13.94,1.68
chokepoint23,Windward Passage,2025-01,14.84,1.45
chokepoint23,Windward Passage,2025-02,16.07,1.61
chokepoint23,Windward Passage,2025-03,16.19,1.61
chokepoint23,Windward Passage,2025-04,16.73,1.67
chokepoint23,Windward Passage,2025-05,15.39,1.74
chokepoint23,Windward Passage,2025-06,16.2,2.13
chokepoint23,Windward Passage,2025-07,16.81,1.68
chokepoint23,Windward Passage,2025-08,16.84,2
chokepoint23,Windward Passage,2025-09,16.2,1.93
chokepoint23,Windward Passage,2025-10,13.52,1.9
chokepoint23,Windward Passage,2025-11,15.9,1.53
chokepoint23,Windward Passage,2025-12,13,0.94
chokepoint23,Windward Passage,2026-01,14.52,1.42
chokepoint23,Windward Passage,2026-02,15.82,1.75
chokepoint23,Windward Passage,2026-03,17.26,2.06
chokepoint23,Windward Passage,2026-04,15.73,1.67
chokepoint23,Windward Passage,2026-05,17.03,1.77
chokepoint23,Windward Passage,2026-06,16.23,1.67
chokepoint23,Windward Passage,2026-07,16.03,1.94
chokepoint23,Windward Passage,2026-08,16.31,1.56
chokepoint24,Mona Passage,2019-01,10.97,3.06
chokepoint24,Mona Passage,2019-02,10.32,2.61
chokepoint24,Mona Passage,2019-03,11.42,3.03
chokepoint24,Mona Passage,2019-04,11.27,2.77
chokepoint24,Mona Passage,2019-05,10.77,2.19
chokepoint24,Mona Passage,2019-06,11.27,2.77
chokepoint24,Mona Passage,2019-07,10.81,2.61
chokepoint24,Mona Passage,2019-08,11.39,2.71
chokepoint24,Mona Passage,2019-09,11.97,2.37
chokepoint24,Mona Passage,2019-10,10.52,2.29
chokepoint24,Mona Passage,2019-11,10.83,2.1
chokepoint24,Mona Passage,2019-12,10.52,2.45
chokepoint24,Mona Passage,2020-01,9.29,2.03
chokepoint24,Mona Passage,2020-02,9.45,2.24
chokepoint24,Mona Passage,2020-03,10.29,2.71
chokepoint24,Mona Passage,2020-04,10.3,2.73
chokepoint24,Mona Passage,2020-05,9.23,2.39
chokepoint24,Mona Passage,2020-06,9.9,2.43
chokepoint24,Mona Passage,2020-07,9.65,2.87
chokepoint24,Mona Passage,2020-08,10.55,2.52
chokepoint24,Mona Passage,2020-09,10.37,2.1
chokepoint24,Mona Passage,2020-10,10.29,2.39
chokepoint24,Mona Passage,2020-11,10.43,2.23
chokepoint24,Mona Passage,2020-12,10.74,2.23
chokepoint24,Mona Passage,2021-01,10.13,2.13
chokepoint24,Mona Passage,2021-02,10.11,2.54
chokepoint24,Mona Passage,2021-03,10.19,2.26
chokepoint24,Mona Passage,2021-04,9.83,2.27
chokepoint24,Mona Passage,2021-05,10.74,2.13
chokepoint24,Mona Passage,2021-06,10.8,2.6
chokepoint24,Mona Passage,2021-07,10.55,2.52
chokepoint24,Mona Passage,2021-08,10.39,2.39
chokepoint24,Mona Passage,2021-09,9.93,2.47
chokepoint24,Mona Passage,2021-10,10.61,1.87
chokepoint24,Mona Passage,2021-11,9.83,2.13
chokepoint24,Mona Passage,2021-12,9.16,1.84
chokepoint24,Mona Passage,2022-01,9.35,2.26
chokepoint24,Mona Passage,2022-02,9.86,2.18
chokepoint24,Mona Passage,2022-03,10.23,2.32
chokepoint24,Mona Passage,2022-04,11.13,2.67
chokepoint24,Mona Passage,2022-05,10.65,2.42
chokepoint24,Mona Passage,2022-06,11.53,2.93
chokepoint24,Mona Passage,2022-07,11.84,2.97
chokepoint24,Mona Passage,2022-08,11.32,2.94
chokepoint24,Mona Passage,2022-09,10.9,2.73
chokepoint24,Mona Passage,2022-10,11.87,2.65
chokepoint24,Mona Passage,2022-11,10.3,2.3
chokepoint24,Mona Passage,2022-12,9.03,2.45
chokepoint24,Mona Passage,2023-01,10.74,2.35
chokepoint24,Mona Passage,2023-02,10.14,2.25
chokepoint24,Mona Passage,2023-03,9.61,2.58
chokepoint24,Mona Passage,2023-04,11.03,2.27
chokepoint24,Mona Passage,2023-05,11.68,2.65
chokepoint24,Mona Passage,2023-06,11.93,2.8
chokepoint24,Mona Passage,2023-07,10.81,2.61
chokepoint24,Mona Passage,2023-08,10.39,2.61
chokepoint24,Mona Passage,2023-09,10.03,2.4
chokepoint24,Mona Passage,2023-10,9.13,2.26
chokepoint24,Mona Passage,2023-11,9.33,2.3
chokepoint24,Mona Passage,2023-12,9.42,1.97
chokepoint24,Mona Passage,2024-01,10.06,2.42
chokepoint24,Mona Passage,2024-02,11.76,3.24
chokepoint24,Mona Passage,2024-03,10.61,2.71
chokepoint24,Mona Passage,2024-04,10.57,2.9
chokepoint24,Mona Passage,2024-05,10.26,2.48
chokepoint24,Mona Passage,2024-06,10.63,2.77
chokepoint24,Mona Passage,2024-07,11.45,2.9
chokepoint24,Mona Passage,2024-08,10.19,2.48
chokepoint24,Mona Passage,2024-09,10.23,2.03
chokepoint24,Mona Passage,2024-10,10.87,2.29
chokepoint24,Mona Passage,2024-11,11.17,2.1
chokepoint24,Mona Passage,2024-12,10.9,2.1
chokepoint24,Mona Passage,2025-01,10.19,2.42
chokepoint24,Mona Passage,2025-02,9.61,2.14
chokepoint24,Mona Passage,2025-03,11.1,2.55
chokepoint24,Mona Passage,2025-04,12.07,2.87
chokepoint24,Mona Passage,2025-05,11.42,2.42
chokepoint24,Mona Passage,2025-06,10.87,1.93
chokepoint24,Mona Passage,2025-07,11.16,2.29
chokepoint24,Mona Passage,2025-08,10.03,2.16
chokepoint24,Mona Passage,2025-09,9.83,2.47
chokepoint24,Mona Passage,2025-10,12.87,3.23
chokepoint24,Mona Passage,2025-11,11.87,2.53
chokepoint24,Mona Passage,2025-12,10.61,2.65
chokepoint24,Mona Passage,2026-01,10.97,2.55
chokepoint24,Mona Passage,2026-02,10.25,2.64
chokepoint24,Mona Passage,2026-03,12.19,2.77
chokepoint24,Mona Passage,2026-04,12.4,2.9
chokepoint24,Mona Passage,2026-05,12.06,2.77
chokepoint24,Mona Passage,2026-06,10.8,2.57
chokepoint24,Mona Passage,2026-07,11.52,3.29
chokepoint24,Mona Passage,2026-08,11.06,2.44
chokepoint25,Balabac Strait,2019-01,12.81,3.87
chokepoint25,Balabac Strait,2019-02,11.11,3.71
chokepoint25,Balabac Strait,2019-03,12.32,3.87
chokepoint25,Balabac Strait,2019-04,12.37,3.53
chokepoint25,Balabac Strait,2019-05,13,4.26
chokepoint25,Balabac Strait,2019-06,12.63,3.97
chokepoint25,Balabac Strait,2019-07,11.45,3.35
chokepoint25,Balabac Strait,2019-08,12.45,4.03
chokepoint25,Balabac Strait,2019-09,11.33,3.53
chokepoint25,Balabac Strait,2019-10,11.32,4
chokepoint25,Balabac Strait,2019-11,14.2,4.2
chokepoint25,Balabac Strait,2019-12,11.35,3.55
chokepoint25,Balabac Strait,2020-01,11.35,3.58
chokepoint25,Balabac Strait,2020-02,11.14,3.72
chokepoint25,Balabac Strait,2020-03,10.81,3.23
chokepoint25,Balabac Strait,2020-04,8.9,2.97
chokepoint25,Balabac Strait,2020-05,10.13,3.45
chokepoint25,Balabac Strait,2020-06,9.3,3.63
chokepoint25,Balabac Strait,2020-07,8.77,3.84
chokepoint25,Balabac Strait,2020-08,10.45,3.52
chokepoint25,Balabac Strait,2020-09,8.87,2.5
chokepoint25,Balabac Strait,2020-10,9.97,3.58
chokepoint25,Balabac Strait,2020-11,9.47,2.87
chokepoint25,Balabac Strait,2020-12,10.48,3.45
chokepoint25,Balabac Strait,2021-01,9.68,3.23
chokepoint25,Balabac Strait,2021-02,10.11,3.14
chokepoint25,Balabac Strait,2021-03,9.94,3.19
chokepoint25,Balabac Strait,2021-04,10.73,3.47
chokepoint25,Balabac Strait,2021-05,10.77,3.84
chokepoint25,Balabac Strait,2021-06,10.03,3.37
chokepoint25,Balabac Strait,2021-07,10.1,3.84
chokepoint25,Balabac Strait,2021-08,9.1,2.65
chokepoint25,Balabac Strait,2021-09,9,3.03
chokepoint25,Balabac Strait,2021-10,10.74,4.23
chokepoint25,Balabac Strait,2021-11,8.63,3.07
chokepoint25,Balabac Strait,2021-12,9.39,3.42
chokepoint25,Balabac Strait,2022-01,9.61,3.55
chokepoint25,Balabac Strait,2022-02,10.93,3.89
chokepoint25,Balabac Strait,2022-03,10.52,3.06
chokepoint25,Balabac Strait,2022-04,12,3.93
chokepoint25,Balabac Strait,2022-05,11.19,4.29
chokepoint25,Balabac Strait,2022-06,11.53,3.57
chokepoint25,Balabac Strait,2022-07,11.84,4.29
chokepoint25,Balabac Strait,2022-08,12,3.97
chokepoint25,Balabac Strait,2022-09,12,3.9
chokepoint25,Balabac Strait,2022-10,14.26,4.35
chokepoint25,Balabac Strait,2022-11,11.3,3.77
chokepoint25,Balabac Strait,2022-12,13.65,4.42
chokepoint25,Balabac Strait,2023-01,14.03,4.39
chokepoint25,Balabac Strait,2023-02,10.75,4
chokepoint25,Balabac Strait,2023-03,10.42,3.94
chokepoint25,Balabac Strait,2023-04,10.37,3.47
chokepoint25,Balabac Strait,2023-05,9.71,3.42
chokepoint25,Balabac Strait,2023-06,11.37,3.43
chokepoint25,Balabac Strait,2023-07,10.81,3.52
chokepoint25,Balabac Strait,2023-08,10.39,3.48
chokepoint25,Balabac Strait,2023-09,10.27,3.73
chokepoint25,Balabac Strait,2023-10,9.81,2.97
chokepoint25,Balabac Strait,2023-11,11.27,3.8
chokepoint25,Balabac Strait,2023-12,10.9,3.84
chokepoint25,Balabac Strait,2024-01,11.23,3.87
chokepoint25,Balabac Strait,2024-02,11.28,3.93
chokepoint25,Balabac Strait,2024-03,12.26,4.06
chokepoint25,Balabac Strait,2024-04,12.67,4.2
chokepoint25,Balabac Strait,2024-05,10.87,3.48
chokepoint25,Balabac Strait,2024-06,11.27,3.4
chokepoint25,Balabac Strait,2024-07,11.39,3.81
chokepoint25,Balabac Strait,2024-08,8.55,2.77
chokepoint25,Balabac Strait,2024-09,11.27,3.37
chokepoint25,Balabac Strait,2024-10,11.77,3.45
chokepoint25,Balabac Strait,2024-11,11.83,3.73
chokepoint25,Balabac Strait,2024-12,10.84,3.35
chokepoint25,Balabac Strait,2025-01,10.81,3.45
chokepoint25,Balabac Strait,2025-02,10.36,3.46
chokepoint25,Balabac Strait,2025-03,10.26,3.42
chokepoint25,Balabac Strait,2025-04,8.7,2.57
chokepoint25,Balabac Strait,2025-05,8.81,2.81
chokepoint25,Balabac Strait,2025-06,9.07,2.83
chokepoint25,Balabac Strait,2025-07,10.19,2.81
chokepoint25,Balabac Strait,2025-08,7.74,2.68
chokepoint25,Balabac Strait,2025-09,8.8,2.67
chokepoint25,Balabac Strait,2025-10,8.97,3.1
chokepoint25,Balabac Strait,2025-11,9.43,2.67
chokepoint25,Balabac Strait,2025-12,7.65,2.32
chokepoint25,Balabac Strait,2026-01,9.16,3.1
chokepoint25,Balabac Strait,2026-02,9.79,3.04
chokepoint25,Balabac Strait,2026-03,9.39,3.45
chokepoint25,Balabac Strait,2026-04,9.47,2.87
chokepoint25,Balabac Strait,2026-05,10.84,3.39
chokepoint25,Balabac Strait,2026-06,11.77,3.67
chokepoint25,Balabac Strait,2026-07,12.26,4.19
chokepoint25,Balabac Strait,2026-08,11.5,3.94
chokepoint26,Bering Strait,2019-01,3.16,0.71
chokepoint26,Bering Strait,2019-02,2.36,0.43
chokepoint26,Bering Strait,2019-03,2,0.39
chokepoint26,Bering Strait,2019-04,0,0
chokepoint26,Bering Strait,2019-05,0,0
chokepoint26,Bering Strait,2019-06,0.1,0.07
chokepoint26,Bering Strait,2019-07,0.94,0.39
chokepoint26,Bering Strait,2019-08,1.52,0.58
chokepoint26,Bering Strait,2019-09,1.7,0.8
chokepoint26,Bering Strait,2019-10,1.42,0.58
chokepoint26,Bering Strait,2019-11,0.4,0.13
chokepoint26,Bering Strait,2019-12,0.03,0
chokepoint26,Bering Strait,2020-01,0,0
chokepoint26,Bering Strait,2020-02,0.03,0
chokepoint26,Bering Strait,2020-03,0.03,0
chokepoint26,Bering Strait,2020-04,0,0
chokepoint26,Bering Strait,2020-05,0.03,0.03
chokepoint26,Bering Strait,2020-06,0.23,0.13
chokepoint26,Bering Strait,2020-07,1.26,0.71
chokepoint26,Bering Strait,2020-08,2.23,0.84
chokepoint26,Bering Strait,2020-09,1.9,0.93
chokepoint26,Bering Strait,2020-10,2,0.81
chokepoint26,Bering Strait,2020-11,0.37,0.13
chokepoint26,Bering Strait,2020-12,0.1,0.06
chokepoint26,Bering Strait,2021-01,0.1,0.1
chokepoint26,Bering Strait,2021-02,0.04,0.04
chokepoint26,Bering Strait,2021-03,0,0
chokepoint26,Bering Strait,2021-04,0,0
chokepoint26,Bering Strait,2021-05,0,0
chokepoint26,Bering Strait,2021-06,0.23,0.13
chokepoint26,Bering Strait,2021-07,1.1,0.74
chokepoint26,Bering Strait,2021-08,2,0.84
chokepoint26,Bering Strait,2021-09,2.47,0.93
chokepoint26,Bering Strait,2021-10,1.87,0.81
chokepoint26,Bering Strait,2021-11,0.83,0.33
chokepoint26,Bering Strait,2021-12,0.19,0.06
chokepoint26,Bering Strait,2022-01,0.16,0.03
chokepoint26,Bering Strait,2022-02,0,0
chokepoint26,Bering Strait,2022-03,0,0
chokepoint26,Bering Strait,2022-04,0,0
chokepoint26,Bering Strait,2022-05,0,0
chokepoint26,Bering Strait,2022-06,0.1,0.07
chokepoint26,Bering Strait,2022-07,0.9,0.42
chokepoint26,Bering Strait,2022-08,1.74,0.77
chokepoint26,Bering Strait,2022-09,1.77,0.9
chokepoint26,Bering Strait,2022-10,1.58,0.71
chokepoint26,Bering Strait,2022-11,0.37,0.23
chokepoint26,Bering Strait,2022-12,0.19,0.16
chokepoint26,Bering Strait,2023-01,0.03,0.03
chokepoint26,Bering Strait,2023-02,0,0
chokepoint26,Bering Strait,2023-03,0,0
chokepoint26,Bering Strait,2023-04,0.03,0
chokepoint26,Bering Strait,2023-05,0,0
chokepoint26,Bering Strait,2023-06,0.23,0.1
chokepoint26,Bering Strait,2023-07,0.97,0.48
chokepoint26,Bering Strait,2023-08,2.32,0.97
chokepoint26,Bering Strait,2023-09,2.57,1.27
chokepoint26,Bering Strait,2023-10,2.1,0.84
chokepoint26,Bering Strait,2023-11,0.5,0.23
chokepoint26,Bering Strait,2023-12,0.06,0.03
chokepoint26,Bering Strait,2024-01,0.1,0
chokepoint26,Bering Strait,2024-02,0,0
chokepoint26,Bering Strait,2024-03,0,0
chokepoint26,Bering Strait,2024-04,0.07,0.03
chokepoint26,Bering Strait,2024-05,0.03,0
chokepoint26,Bering Strait,2024-06,0.17,0.1
chokepoint26,Bering Strait,2024-07,0.84,0.45
chokepoint26,Bering Strait,2024-08,2.23,1.03
chokepoint26,Bering Strait,2024-09,3.17,1.73
chokepoint26,Bering Strait,2024-10,2.65,1.26
chokepoint26,Bering Strait,2024-11,0.9,0.53
chokepoint26,Bering Strait,2024-12,0.16,0.06
chokepoint26,Bering Strait,2025-01,0.06,0
chokepoint26,Bering Strait,2025-02,0.07,0.07
chokepoint26,Bering Strait,2025-03,0.03,0
chokepoint26,Bering Strait,2025-04,0.07,0
chokepoint26,Bering Strait,2025-05,0.13,0.06
chokepoint26,Bering Strait,2025-06,0.13,0.03
chokepoint26,Bering Strait,2025-07,1.32,0.71
chokepoint26,Bering Strait,2025-08,2.71,1.03
chokepoint26,Bering Strait,2025-09,3.5,1.43
chokepoint26,Bering Strait,2025-10,2.81,1.42
chokepoint26,Bering Strait,2025-11,1.03,0.43
chokepoint26,Bering Strait,2025-12,0.26,0.1
chokepoint26,Bering Strait,2026-01,0.06,0.03
chokepoint26,Bering Strait,2026-02,0.07,0
chokepoint26,Bering Strait,2026-03,0.16,0
chokepoint26,Bering Strait,2026-04,0.07,0.03
chokepoint26,Bering Strait,2026-05,0.06,0
chokepoint26,Bering Strait,2026-06,0.13,0.07
chokepoint26,Bering Strait,2026-07,1.52,0.84
chokepoint26,Bering Strait,2026-08,3.38,1.38
chokepoint27,Mindoro Strait,2019-01,39.48,3.13
chokepoint27,Mindoro Strait,2019-02,40.14,2.68
chokepoint27,Mindoro Strait,2019-03,38.77,4.26
chokepoint27,Mindoro Strait,2019-04,38.27,2.97
chokepoint27,Mindoro Strait,2019-05,47.65,3.9
chokepoint27,Mindoro Strait,2019-06,46.6,3.7
chokepoint27,Mindoro Strait,2019-07,49.9,3.35
chokepoint27,Mindoro Strait,2019-08,49.19,4.29
chokepoint27,Mindoro Strait,2019-09,50.93,3.6
chokepoint27,Mindoro Strait,2019-10,48.65,3.29
chokepoint27,Mindoro Strait,2019-11,46.73,4.17
chokepoint27,Mindoro Strait,2019-12,38.74,3.68
chokepoint27,Mindoro Strait,2020-01,45.29,4.16
chokepoint27,Mindoro Strait,2020-02,43.79,2.93
chokepoint27,Mindoro Strait,2020-03,39.03,3.1
chokepoint27,Mindoro Strait,2020-04,37.97,3.23
chokepoint27,Mindoro Strait,2020-05,40.94,3.26
chokepoint27,Mindoro Strait,2020-06,53.83,4.37
chokepoint27,Mindoro Strait,2020-07,54.45,5.23
chokepoint27,Mindoro Strait,2020-08,48.9,4.26
chokepoint27,Mindoro Strait,2020-09,50.73,4.73
chokepoint27,Mindoro Strait,2020-10,49.19,5.03
chokepoint27,Mindoro Strait,2020-11,56,5.27
chokepoint27,Mindoro Strait,2020-12,43.68,3.32
chokepoint27,Mindoro Strait,2021-01,56.19,4.52
chokepoint27,Mindoro Strait,2021-02,55.11,4.64
chokepoint27,Mindoro Strait,2021-03,48.1,4.71
chokepoint27,Mindoro Strait,2021-04,56.83,4.43
chokepoint27,Mindoro Strait,2021-05,53.71,3.94
chokepoint27,Mindoro Strait,2021-06,56.93,4.7
chokepoint27,Mindoro Strait,2021-07,57.32,4.58
chokepoint27,Mindoro Strait,2021-08,50.58,4.32
chokepoint27,Mindoro Strait,2021-09,38.13,3.13
chokepoint27,Mindoro Strait,2021-10,46.58,4
chokepoint27,Mindoro Strait,2021-11,49.8,4.13
chokepoint27,Mindoro Strait,2021-12,44.55,3.29
chokepoint27,Mindoro Strait,2022-01,38.39,3.13
chokepoint27,Mindoro Strait,2022-02,42.86,2.89
chokepoint27,Mindoro Strait,2022-03,44.35,3.55
chokepoint27,Mindoro Strait,2022-04,47.2,4.07
chokepoint27,Mindoro Strait,2022-05,44.94,3.03
chokepoint27,Mindoro Strait,2022-06,48.7,3.73
chokepoint27,Mindoro Strait,2022-07,48.42,3.61
chokepoint27,Mindoro Strait,2022-08,46.84,3.61
chokepoint27,Mindoro Strait,2022-09,49.5,3.4
chokepoint27,Mindoro Strait,2022-10,48.71,4.13
chokepoint27,Mindoro Strait,2022-11,50.27,4.5
chokepoint27,Mindoro Strait,2022-12,50.29,4.1
chokepoint27,Mindoro Strait,2023-01,48.87,4.16
chokepoint27,Mindoro Strait,2023-02,50.36,4.25
chokepoint27,Mindoro Strait,2023-03,52.23,4.13
chokepoint27,Mindoro Strait,2023-04,49.53,4.23
chokepoint27,Mindoro Strait,2023-05,52.1,3.87
chokepoint27,Mindoro Strait,2023-06,51.53,4.17
chokepoint27,Mindoro Strait,2023-07,50,4
chokepoint27,Mindoro Strait,2023-08,50.35,4.03
chokepoint27,Mindoro Strait,2023-09,48,4.53
chokepoint27,Mindoro Strait,2023-10,48.65,4.61
chokepoint27,Mindoro Strait,2023-11,50.33,3.7
chokepoint27,Mindoro Strait,2023-12,50.48,3.84
chokepoint27,Mindoro Strait,2024-01,51.35,3.94
chokepoint27,Mindoro Strait,2024-02,49.69,3.66
chokepoint27,Mindoro Strait,2024-03,48.68,3.45
chokepoint27,Mindoro Strait,2024-04,45.83,3.67
chokepoint27,Mindoro Strait,2024-05,44.61,3.16
chokepoint27,Mindoro Strait,2024-06,40.9,3.97
chokepoint27,Mindoro Strait,2024-07,40.26,3.06
chokepoint27,Mindoro Strait,2024-08,34.81,2.58
chokepoint27,Mindoro Strait,2024-09,41.93,2.87
chokepoint27,Mindoro Strait,2024-10,42.23,3.32
chokepoint27,Mindoro Strait,2024-11,38.53,2.77
chokepoint27,Mindoro Strait,2024-12,40.84,2.68
chokepoint27,Mindoro Strait,2025-01,39.52,2.71
chokepoint27,Mindoro Strait,2025-02,34.07,2.71
chokepoint27,Mindoro Strait,2025-03,35.03,2.9
chokepoint27,Mindoro Strait,2025-04,33.4,2.87
chokepoint27,Mindoro Strait,2025-05,32,1.9
chokepoint27,Mindoro Strait,2025-06,31.97,2.97
chokepoint27,Mindoro Strait,2025-07,31.19,2.77
chokepoint27,Mindoro Strait,2025-08,34.23,2.65
chokepoint27,Mindoro Strait,2025-09,33.3,2.67
chokepoint27,Mindoro Strait,2025-10,31.94,2.9
chokepoint27,Mindoro Strait,2025-11,31.1,2.53
chokepoint27,Mindoro Strait,2025-12,33.32,2.55
chokepoint27,Mindoro Strait,2026-01,39.19,3.03
chokepoint27,Mindoro Strait,2026-02,33.82,2.93
chokepoint27,Mindoro Strait,2026-03,35.39,3.81
chokepoint27,Mindoro Strait,2026-04,32.1,3.4
chokepoint27,Mindoro Strait,2026-05,52.48,3.9
chokepoint27,Mindoro Strait,2026-06,58.7,4.6
chokepoint27,Mindoro Strait,2026-07,52.74,5.32
chokepoint27,Mindoro Strait,2026-08,50.06,5
chokepoint28,Kerch Strait,2019-01,45.32,10.74
chokepoint28,Kerch Strait,2019-02,38.96,9.86
chokepoint28,Kerch Strait,2019-03,45.84,11.26
chokepoint28,Kerch Strait,2019-04,44.1,11.63
chokepoint28,Kerch Strait,2019-05,50.87,15.58
chokepoint28,Kerch Strait,2019-06,48.7,13.97
chokepoint28,Kerch Strait,2019-07,70.39,15.81
chokepoint28,Kerch Strait,2019-08,64.03,13.52
chokepoint28,Kerch Strait,2019-09,61.9,14.27
chokepoint28,Kerch Strait,2019-10,63.77,14.81
chokepoint28,Kerch Strait,2019-11,44.73,11.2
chokepoint28,Kerch Strait,2019-12,54.74,12.32
chokepoint28,Kerch Strait,2020-01,43.81,10.13
chokepoint28,Kerch Strait,2020-02,41.34,11.31
chokepoint28,Kerch Strait,2020-03,49.23,10.45
chokepoint28,Kerch Strait,2020-04,58.47,11.93
chokepoint28,Kerch Strait,2020-05,47.32,14
chokepoint28,Kerch Strait,2020-06,42.2,12.63
chokepoint28,Kerch Strait,2020-07,59.58,11.55
chokepoint28,Kerch Strait,2020-08,69.39,13.68
chokepoint28,Kerch Strait,2020-09,68.93,13.37
chokepoint28,Kerch Strait,2020-10,66.81,14.9
chokepoint28,Kerch Strait,2020-11,63.03,12.83
chokepoint28,Kerch Strait,2020-12,41.84,9.29
chokepoint28,Kerch Strait,2021-01,43.35,8.74
chokepoint28,Kerch Strait,2021-02,46.64,9.5
chokepoint28,Kerch Strait,2021-03,46.55,10.71
chokepoint28,Kerch Strait,2021-04,42.37,11.2
chokepoint28,Kerch Strait,2021-05,46.16,13
chokepoint28,Kerch Strait,2021-06,51.57,12.97
chokepoint28,Kerch Strait,2021-07,52.68,13
chokepoint28,Kerch Strait,2021-08,61.35,12.71
chokepoint28,Kerch Strait,2021-09,59.27,13.13
chokepoint28,Kerch Strait,2021-10,49.9,12.55
chokepoint28,Kerch Strait,2021-11,27.5,7.57
chokepoint28,Kerch Strait,2021-12,17.77,5.97
chokepoint28,Kerch Strait,2022-01,14.45,4.9
chokepoint28,Kerch Strait,2022-02,17.64,5.5
chokepoint28,Kerch Strait,2022-03,10.26,4.03
chokepoint28,Kerch Strait,2022-04,19.1,5.93
chokepoint28,Kerch Strait,2022-05,23.13,7.35
chokepoint28,Kerch Strait,2022-06,26,7.97
chokepoint28,Kerch Strait,2022-07,28.26,7
chokepoint28,Kerch Strait,2022-08,29.39,7.42
chokepoint28,Kerch Strait,2022-09,25.8,7.13
chokepoint28,Kerch Strait,2022-10,21.42,6.13
chokepoint28,Kerch Strait,2022-11,16.67,5.03
chokepoint28,Kerch Strait,2022-12,13.32,4.03
chokepoint28,Kerch Strait,2023-01,17.68,4.42
chokepoint28,Kerch Strait,2023-02,18.82,5.36
chokepoint28,Kerch Strait,2023-03,13.06,3.65
chokepoint28,Kerch Strait,2023-04,11.73,2.93
chokepoint28,Kerch Strait,2023-05,11.61,3.23
chokepoint28,Kerch Strait,2023-06,5.6,1.7
chokepoint28,Kerch Strait,2023-07,5.55,1.48
chokepoint28,Kerch Strait,2023-08,3.39,0.55
chokepoint28,Kerch Strait,2023-09,1.3,0.23
chokepoint28,Kerch Strait,2023-10,4.19,1.13
chokepoint28,Kerch Strait,2023-11,2.77,0.87
chokepoint28,Kerch Strait,2023-12,2.68,0.97
chokepoint28,Kerch Strait,2024-01,0.48,0.19
chokepoint28,Kerch Strait,2024-02,0.83,0.24
chokepoint28,Kerch Strait,2024-03,14.58,3.23
chokepoint28,Kerch Strait,2024-04,13.67,3.57
chokepoint28,Kerch Strait,2024-05,1.61,0.39
chokepoint28,Kerch Strait,2024-06,2.73,0.8
chokepoint28,Kerch Strait,2024-07,1.23,0.19
chokepoint28,Kerch Strait,2024-08,0.52,0.13
chokepoint28,Kerch Strait,2024-09,0.33,0.1
chokepoint28,Kerch Strait,2024-10,0.35,0.06
chokepoint28,Kerch Strait,2024-11,5.23,1.7
chokepoint28,Kerch Strait,2024-12,13.87,3.77
chokepoint28,Kerch Strait,2025-01,8.42,2.32
chokepoint28,Kerch Strait,2025-02,5.32,1.86
chokepoint28,Kerch Strait,2025-03,11.32,3.68
chokepoint28,Kerch Strait,2025-04,6.93,2.5
chokepoint28,Kerch Strait,2025-05,13.58,4.19
chokepoint28,Kerch Strait,2025-06,13.4,4.93
chokepoint28,Kerch Strait,2025-07,14.48,4.97
chokepoint28,Kerch Strait,2025-08,19.32,4.77
chokepoint28,Kerch Strait,2025-09,19.6,4.13
chokepoint28,Kerch Strait,2025-10,20.71,5
chokepoint28,Kerch Strait,2025-11,20.53,6.03
chokepoint28,Kerch Strait,2025-12,10.48,2.84
chokepoint28,Kerch Strait,2026-01,11.77,2.55
chokepoint28,Kerch Strait,2026-02,13.43,2.89
chokepoint28,Kerch Strait,2026-03,16.71,3.71
chokepoint28,Kerch Strait,2026-04,8.77,1.7
chokepoint28,Kerch Strait,2026-05,10.61,2.45
chokepoint28,Kerch Strait,2026-06,11.23,2.2
chokepoint28,Kerch Strait,2026-07,2.77,0.42
chokepoint28,Kerch Strait,2026-08,0.25,0.12
